-- MySQL dump 10.13  Distrib 8.0.31, for macos12 (x86_64)
--
-- Host: localhost    Database: cms_app
-- ------------------------------------------------------
-- Server version	8.0.36

/*!40101 SET @OLD_CHARACTER_SET_CLIENT=@@CHARACTER_SET_CLIENT */;
/*!40101 SET @OLD_CHARACTER_SET_RESULTS=@@CHARACTER_SET_RESULTS */;
/*!40101 SET @OLD_COLLATION_CONNECTION=@@COLLATION_CONNECTION */;
/*!50503 SET NAMES utf8 */;
/*!40103 SET @OLD_TIME_ZONE=@@TIME_ZONE */;
/*!40103 SET TIME_ZONE='+00:00' */;
/*!40014 SET @OLD_UNIQUE_CHECKS=@@UNIQUE_CHECKS, UNIQUE_CHECKS=0 */;
/*!40014 SET @OLD_FOREIGN_KEY_CHECKS=@@FOREIGN_KEY_CHECKS, FOREIGN_KEY_CHECKS=0 */;
/*!40101 SET @OLD_SQL_MODE=@@SQL_MODE, SQL_MODE='NO_AUTO_VALUE_ON_ZERO' */;
/*!40111 SET @OLD_SQL_NOTES=@@SQL_NOTES, SQL_NOTES=0 */;

--
-- Table structure for table `channel`
--

DROP TABLE IF EXISTS `channel`;
/*!40101 SET @saved_cs_client     = @@character_set_client */;
/*!50503 SET character_set_client = utf8mb4 */;
CREATE TABLE `channel` (
  `id` int NOT NULL AUTO_INCREMENT,
  `name` varchar(45) NOT NULL,
  `state` int DEFAULT NULL,
  `city` int DEFAULT NULL,
  `created_at` datetime DEFAULT CURRENT_TIMESTAMP,
  `updated_at` varchar(45) DEFAULT NULL,
  `producer` varchar(45) DEFAULT NULL,
  `isDeleted` int DEFAULT '0',
  PRIMARY KEY (`id`),
  UNIQUE KEY `id_UNIQUE` (`id`)
) ENGINE=InnoDB AUTO_INCREMENT=16 DEFAULT CHARSET=utf8mb4 COLLATE=utf8mb4_0900_ai_ci;
/*!40101 SET character_set_client = @saved_cs_client */;

--
-- Dumping data for table `channel`
--

LOCK TABLES `channel` WRITE;
/*!40000 ALTER TABLE `channel` DISABLE KEYS */;
INSERT INTO `channel` VALUES (1,'Channel 1',6,143,'2024-06-10 00:53:11','2024-07-04 14:48:52','Producer',1),(2,'Channel 2',2,334,'2024-06-10 00:53:54','2024-07-04 14:49:26','Producer',1),(3,'Channel Edit',8,380,'2024-06-10 00:55:03','2024-07-05 11:34:31','Producer Edit',1),(4,'Channel 4',11,43,'2024-06-10 00:56:13','2024-07-05 11:33:01','Producer Update',0),(5,'Channel 5',36,151,'2024-06-10 01:24:00',NULL,'Producer',0),(6,'Channel 6',36,284,'2024-06-10 01:26:22',NULL,'Producer',0),(7,'Channel 7',8,563,'2024-06-10 01:27:28',NULL,'Producer',0),(8,'Channel 8',16,1159,'2024-06-10 01:27:57',NULL,'Producer',0),(9,'Channel 9',6,143,'2024-06-10 03:53:17',NULL,'Producer',0),(10,'Channel 10',6,143,'2024-06-10 03:53:31',NULL,'Producer',0),(11,'Channel 11',2,334,'2024-06-10 04:06:19',NULL,'Producer',0),(12,'Channel 12',23,1,'2024-06-11 01:37:26',NULL,'Producer',0),(13,'Channel 0',3,44,'2024-06-15 16:36:37',NULL,'Producer 0',0),(14,'Star Maa',23,1,'2024-06-20 16:06:41',NULL,'Test',0),(15,'Colors',23,1,'2024-06-20 16:06:55',NULL,'Test',0);
/*!40000 ALTER TABLE `channel` ENABLE KEYS */;
UNLOCK TABLES;

--
-- Table structure for table `city`
--

DROP TABLE IF EXISTS `city`;
/*!40101 SET @saved_cs_client     = @@character_set_client */;
/*!50503 SET character_set_client = utf8mb4 */;
CREATE TABLE `city` (
  `id` int NOT NULL AUTO_INCREMENT,
  `name` varchar(45) NOT NULL,
  `state` varchar(45) DEFAULT NULL,
  `created_at` datetime DEFAULT CURRENT_TIMESTAMP,
  PRIMARY KEY (`id`),
  UNIQUE KEY `id_UNIQUE` (`id`),
  UNIQUE KEY `name_UNIQUE` (`name`)
) ENGINE=InnoDB AUTO_INCREMENT=1222 DEFAULT CHARSET=utf8mb4 COLLATE=utf8mb4_0900_ai_ci;
/*!40101 SET character_set_client = @saved_cs_client */;

--
-- Dumping data for table `city`
--

LOCK TABLES `city` WRITE;
/*!40000 ALTER TABLE `city` DISABLE KEYS */;
INSERT INTO `city` VALUES (1,'Mumbai','23','2024-05-30 03:50:55'),(2,'Delhi','6','2024-05-30 03:50:55'),(3,'Bengaluru','20','2024-05-30 03:50:55'),(4,'Ahmedabad','15','2024-05-30 03:50:55'),(5,'Hyderabad','33','2024-05-30 03:50:55'),(6,'Chennai','32','2024-05-30 03:50:55'),(7,'Kolkata','37','2024-05-30 03:50:55'),(8,'Pune','23','2024-05-30 03:50:55'),(9,'Jaipur','30','2024-05-30 03:50:55'),(10,'Surat','15','2024-05-30 03:50:55'),(11,'Lucknow','35','2024-05-30 03:50:55'),(12,'Kanpur','35','2024-05-30 03:50:55'),(13,'Nagpur','23','2024-05-30 03:50:55'),(14,'Patna','12','2024-05-30 03:50:55'),(15,'Indore','22','2024-05-30 03:50:55'),(16,'Thane','23','2024-05-30 03:50:55'),(17,'Bhopal','22','2024-05-30 03:50:55'),(18,'Visakhapatnam','9','2024-05-30 03:50:55'),(19,'Vadodara','15','2024-05-30 03:50:55'),(20,'Firozabad','35','2024-05-30 03:50:55'),(21,'Ludhiana','29','2024-05-30 03:50:55'),(22,'Rajkot','15','2024-05-30 03:50:55'),(23,'Agra','35','2024-05-30 03:50:55'),(24,'Siliguri','37','2024-05-30 03:50:55'),(25,'Nashik','23','2024-05-30 03:50:55'),(26,'Faridabad','16','2024-05-30 03:50:55'),(27,'Patiala','29','2024-05-30 03:50:55'),(28,'Meerut','35','2024-05-30 03:50:55'),(29,'Kalyan-Dombivali','23','2024-05-30 03:50:55'),(30,'Vasai-Virar','23','2024-05-30 03:50:55'),(31,'Varanasi','35','2024-05-30 03:50:55'),(32,'Srinagar','18','2024-05-30 03:50:55'),(33,'Dhanbad','19','2024-05-30 03:50:55'),(34,'Jodhpur','30','2024-05-30 03:50:55'),(35,'Amritsar','29','2024-05-30 03:50:55'),(36,'Raipur','11','2024-05-30 03:50:55'),(37,'Allahabad','35','2024-05-30 03:50:55'),(38,'Coimbatore','32','2024-05-30 03:50:55'),(39,'Jabalpur','22','2024-05-30 03:50:55'),(40,'Gwalior','22','2024-05-30 03:50:55'),(41,'Vijayawada','9','2024-05-30 03:50:55'),(42,'Madurai','32','2024-05-30 03:50:55'),(43,'Guwahati','11','2024-05-30 03:50:55'),(44,'Chandigarh','3','2024-05-30 03:50:55'),(45,'Hubli-Dharwad','20','2024-05-30 03:50:55'),(46,'Amroha','35','2024-05-30 03:50:55'),(47,'Moradabad','35','2024-05-30 03:50:55'),(48,'Gurgaon','16','2024-05-30 03:50:55'),(49,'Aligarh','35','2024-05-30 03:50:55'),(50,'Solapur','23','2024-05-30 03:50:55'),(51,'Ranchi','19','2024-05-30 03:50:55'),(52,'Jalandhar','29','2024-05-30 03:50:55'),(53,'Tiruchirappalli','32','2024-05-30 03:50:55'),(54,'Bhubaneswar','28','2024-05-30 03:50:55'),(55,'Salem','32','2024-05-30 03:50:55'),(56,'Warangal','33','2024-05-30 03:50:55'),(57,'Mira-Bhayandar','23','2024-05-30 03:50:55'),(58,'Thiruvananthapuram','21','2024-05-30 03:50:55'),(59,'Bhiwandi','23','2024-05-30 03:50:55'),(60,'Saharanpur','35','2024-05-30 03:50:55'),(61,'Guntur','9','2024-05-30 03:50:55'),(62,'Amravati','23','2024-05-30 03:50:55'),(63,'Bikaner','30','2024-05-30 03:50:55'),(64,'Noida','35','2024-05-30 03:50:55'),(65,'Jamshedpur','19','2024-05-30 03:50:55'),(66,'Bhilai Nagar','11','2024-05-30 03:50:55'),(67,'Cuttack','28','2024-05-30 03:50:55'),(68,'Kochi','21','2024-05-30 03:50:55'),(69,'Udaipur','30','2024-05-30 03:50:55'),(70,'Bhavnagar','15','2024-05-30 03:50:55'),(71,'Dehradun','36','2024-05-30 03:50:55'),(72,'Asansol','37','2024-05-30 03:50:55'),(73,'Nanded-Waghala','23','2024-05-30 03:50:55'),(74,'Ajmer','30','2024-05-30 03:50:55'),(75,'Jamnagar','15','2024-05-30 03:50:55'),(76,'Ujjain','22','2024-05-30 03:50:55'),(77,'Sangli','23','2024-05-30 03:50:55'),(78,'Loni','35','2024-05-30 03:50:55'),(79,'Jhansi','35','2024-05-30 03:50:55'),(80,'Pondicherry','8','2024-05-30 03:50:55'),(81,'Nellore','9','2024-05-30 03:50:55'),(82,'Jammu','18','2024-05-30 03:50:55'),(83,'Belagavi','20','2024-05-30 03:50:55'),(84,'Raurkela','28','2024-05-30 03:50:55'),(85,'Mangaluru','20','2024-05-30 03:50:55'),(86,'Tirunelveli','32','2024-05-30 03:50:55'),(87,'Malegaon','23','2024-05-30 03:50:55'),(88,'Gaya','12','2024-05-30 03:50:55'),(89,'Tiruppur','32','2024-05-30 03:50:55'),(90,'Davanagere','20','2024-05-30 03:50:55'),(91,'Kozhikode','21','2024-05-30 03:50:55'),(92,'Akola','23','2024-05-30 03:50:55'),(93,'Kurnool','9','2024-05-30 03:50:55'),(94,'Bokaro Steel City','19','2024-05-30 03:50:55'),(95,'Rajahmundry','9','2024-05-30 03:50:55'),(96,'Ballari','20','2024-05-30 03:50:55'),(97,'Agartala','34','2024-05-30 03:50:55'),(98,'Bhagalpur','12','2024-05-30 03:50:55'),(99,'Latur','23','2024-05-30 03:50:55'),(100,'Dhule','23','2024-05-30 03:50:55'),(101,'Korba','11','2024-05-30 03:50:55'),(102,'Bhilwara','30','2024-05-30 03:50:55'),(103,'Brahmapur','28','2024-05-30 03:50:55'),(104,'Mysore','20','2024-05-30 03:50:55'),(105,'Muzaffarpur','12','2024-05-30 03:50:55'),(106,'Ahmednagar','23','2024-05-30 03:50:55'),(107,'Kollam','21','2024-05-30 03:50:55'),(108,'Raghunathganj','37','2024-05-30 03:50:55'),(109,'Bilaspur','11','2024-05-30 03:50:55'),(110,'Shahjahanpur','35','2024-05-30 03:50:55'),(111,'Thrissur','21','2024-05-30 03:50:55'),(112,'Alwar','30','2024-05-30 03:50:55'),(113,'Kakinada','9','2024-05-30 03:50:55'),(114,'Nizamabad','33','2024-05-30 03:50:55'),(115,'Sagar','22','2024-05-30 03:50:55'),(116,'Tumkur','20','2024-05-30 03:50:55'),(117,'Hisar','16','2024-05-30 03:50:55'),(118,'Rohtak','16','2024-05-30 03:50:55'),(119,'Panipat','16','2024-05-30 03:50:55'),(120,'Darbhanga','12','2024-05-30 03:50:55'),(121,'Kharagpur','37','2024-05-30 03:50:55'),(122,'Aizawl','26','2024-05-30 03:50:55'),(123,'Ichalkaranji','23','2024-05-30 03:50:55'),(124,'Tirupati','9','2024-05-30 03:50:55'),(125,'Karnal','16','2024-05-30 03:50:55'),(126,'Bathinda','29','2024-05-30 03:50:55'),(127,'Rampur','35','2024-05-30 03:50:55'),(128,'Shivamogga','20','2024-05-30 03:50:55'),(129,'Ratlam','22','2024-05-30 03:50:55'),(130,'Modinagar','35','2024-05-30 03:50:55'),(131,'Durg','11','2024-05-30 03:50:55'),(132,'Shillong','25','2024-05-30 03:50:55'),(133,'Imphal','24','2024-05-30 03:50:55'),(134,'Hapur','35','2024-05-30 03:50:55'),(135,'Ranipet','32','2024-05-30 03:50:55'),(136,'Anantapur','9','2024-05-30 03:50:55'),(137,'Arrah','12','2024-05-30 03:50:55'),(138,'Karimnagar','33','2024-05-30 03:50:55'),(139,'Parbhani','23','2024-05-30 03:50:55'),(140,'Etawah','35','2024-05-30 03:50:55'),(141,'Bharatpur','30','2024-05-30 03:50:55'),(142,'Begusarai','12','2024-05-30 03:50:55'),(143,'New Delhi','6','2024-05-30 03:50:55'),(144,'Chhapra','12','2024-05-30 03:50:55'),(145,'Kadapa','9','2024-05-30 03:50:55'),(146,'Ramagundam','33','2024-05-30 03:50:55'),(147,'Pali','30','2024-05-30 03:50:55'),(148,'Satna','22','2024-05-30 03:50:55'),(149,'Vizianagaram','9','2024-05-30 03:50:55'),(150,'Katihar','12','2024-05-30 03:50:55'),(151,'Hardwar','36','2024-05-30 03:50:55'),(152,'Sonipat','16','2024-05-30 03:50:55'),(153,'Nagercoil','32','2024-05-30 03:50:55'),(154,'Thanjavur','32','2024-05-30 03:50:55'),(155,'Murwara (Katni)','22','2024-05-30 03:50:55'),(156,'Naihati','37','2024-05-30 03:50:55'),(157,'Sambhal','35','2024-05-30 03:50:55'),(158,'Nadiad','15','2024-05-30 03:50:55'),(159,'Yamunanagar','16','2024-05-30 03:50:55'),(160,'English Bazar','37','2024-05-30 03:50:55'),(161,'Eluru','9','2024-05-30 03:50:55'),(162,'Munger','12','2024-05-30 03:50:55'),(163,'Panchkula','16','2024-05-30 03:50:55'),(164,'Raayachuru','20','2024-05-30 03:50:55'),(165,'Panvel','23','2024-05-30 03:50:55'),(166,'Deoghar','19','2024-05-30 03:50:55'),(167,'Ongole','9','2024-05-30 03:50:55'),(168,'Nandyal','9','2024-05-30 03:50:55'),(169,'Morena','22','2024-05-30 03:50:55'),(170,'Bhiwani','16','2024-05-30 03:50:55'),(171,'Porbandar','15','2024-05-30 03:50:55'),(172,'Palakkad','21','2024-05-30 03:50:55'),(173,'Anand','15','2024-05-30 03:50:55'),(174,'Purnia','12','2024-05-30 03:50:55'),(175,'Baharampur','37','2024-05-30 03:50:55'),(176,'Barmer','30','2024-05-30 03:50:55'),(177,'Morvi','15','2024-05-30 03:50:55'),(178,'Orai','35','2024-05-30 03:50:55'),(179,'Bahraich','35','2024-05-30 03:50:55'),(180,'Sikar','30','2024-05-30 03:50:55'),(181,'Vellore','32','2024-05-30 03:50:55'),(182,'Singrauli','22','2024-05-30 03:50:55'),(183,'Khammam','33','2024-05-30 03:50:55'),(184,'Mahesana','15','2024-05-30 03:50:55'),(185,'Silchar','11','2024-05-30 03:50:55'),(186,'Sambalpur','28','2024-05-30 03:50:55'),(187,'Rewa','22','2024-05-30 03:50:55'),(188,'Unnao','35','2024-05-30 03:50:55'),(189,'Hugli-Chinsurah','37','2024-05-30 03:50:55'),(190,'Raiganj','37','2024-05-30 03:50:55'),(191,'Phusro','19','2024-05-30 03:50:55'),(192,'Adityapur','19','2024-05-30 03:50:55'),(193,'Alappuzha','21','2024-05-30 03:50:55'),(194,'Bahadurgarh','16','2024-05-30 03:50:55'),(195,'Machilipatnam','9','2024-05-30 03:50:55'),(196,'Rae Bareli','35','2024-05-30 03:50:55'),(197,'Jalpaiguri','37','2024-05-30 03:50:55'),(198,'Bharuch','15','2024-05-30 03:50:55'),(199,'Pathankot','29','2024-05-30 03:50:55'),(200,'Hoshiarpur','29','2024-05-30 03:50:55'),(201,'Baramula','18','2024-05-30 03:50:55'),(202,'Adoni','9','2024-05-30 03:50:55'),(203,'Jind','16','2024-05-30 03:50:55'),(204,'Tonk','30','2024-05-30 03:50:55'),(205,'Tenali','9','2024-05-30 03:50:55'),(206,'Kancheepuram','32','2024-05-30 03:50:55'),(207,'Vapi','15','2024-05-30 03:50:55'),(208,'Sirsa','16','2024-05-30 03:50:55'),(209,'Navsari','15','2024-05-30 03:50:55'),(210,'Mahbubnagar','33','2024-05-30 03:50:55'),(211,'Puri','28','2024-05-30 03:50:55'),(212,'Robertson Pet','20','2024-05-30 03:50:55'),(213,'Erode','32','2024-05-30 03:50:55'),(214,'Batala','29','2024-05-30 03:50:55'),(215,'Haldwani-cum-Kathgodam','36','2024-05-30 03:50:55'),(216,'Vidisha','22','2024-05-30 03:50:55'),(217,'Saharsa','12','2024-05-30 03:50:55'),(218,'Thanesar','16','2024-05-30 03:50:55'),(219,'Chittoor','9','2024-05-30 03:50:55'),(220,'Veraval','15','2024-05-30 03:50:55'),(221,'Lakhimpur','35','2024-05-30 03:50:55'),(222,'Sitapur','35','2024-05-30 03:50:55'),(223,'Hindupur','9','2024-05-30 03:50:55'),(224,'Santipur','37','2024-05-30 03:50:55'),(225,'Balurghat','37','2024-05-30 03:50:55'),(226,'Ganjbasoda','22','2024-05-30 03:50:55'),(227,'Moga','29','2024-05-30 03:50:55'),(228,'Proddatur','9','2024-05-30 03:50:55'),(230,'Medinipur','37','2024-05-30 03:50:55'),(231,'Habra','37','2024-05-30 03:50:55'),(232,'Sasaram','12','2024-05-30 03:50:55'),(233,'Hajipur','12','2024-05-30 03:50:55'),(234,'Bhuj','15','2024-05-30 03:50:55'),(235,'Shivpuri','22','2024-05-30 03:50:55'),(236,'Ranaghat','37','2024-05-30 03:50:55'),(237,'Shimla','17','2024-05-30 03:50:55'),(238,'Tiruvannamalai','32','2024-05-30 03:50:55'),(239,'Kaithal','16','2024-05-30 03:50:55'),(240,'Rajnandgaon','11','2024-05-30 03:50:55'),(241,'Godhra','15','2024-05-30 03:50:55'),(242,'Hazaribag','19','2024-05-30 03:50:55'),(243,'Bhimavaram','9','2024-05-30 03:50:55'),(244,'Mandsaur','22','2024-05-30 03:50:55'),(245,'Dibrugarh','11','2024-05-30 03:50:55'),(246,'Kolar','20','2024-05-30 03:50:55'),(247,'Bankura','37','2024-05-30 03:50:55'),(248,'Mandya','20','2024-05-30 03:50:55'),(249,'Dehri-on-Sone','12','2024-05-30 03:50:55'),(250,'Madanapalle','9','2024-05-30 03:50:55'),(251,'Malerkotla','29','2024-05-30 03:50:55'),(252,'Lalitpur','35','2024-05-30 03:50:55'),(253,'Bettiah','12','2024-05-30 03:50:55'),(254,'Pollachi','32','2024-05-30 03:50:55'),(255,'Khanna','29','2024-05-30 03:50:55'),(256,'Neemuch','22','2024-05-30 03:50:55'),(257,'Palwal','16','2024-05-30 03:50:55'),(258,'Palanpur','15','2024-05-30 03:50:55'),(259,'Guntakal','9','2024-05-30 03:50:55'),(260,'Nabadwip','37','2024-05-30 03:50:55'),(261,'Udupi','20','2024-05-30 03:50:55'),(262,'Jagdalpur','11','2024-05-30 03:50:55'),(263,'Motihari','12','2024-05-30 03:50:55'),(264,'Pilibhit','35','2024-05-30 03:50:55'),(265,'Dimapur','27','2024-05-30 03:50:55'),(266,'Mohali','29','2024-05-30 03:50:55'),(267,'Sadulpur','30','2024-05-30 03:50:55'),(268,'Rajapalayam','32','2024-05-30 03:50:55'),(269,'Dharmavaram','9','2024-05-30 03:50:55'),(270,'Kashipur','36','2024-05-30 03:50:55'),(271,'Sivakasi','32','2024-05-30 03:50:55'),(272,'Darjiling','37','2024-05-30 03:50:55'),(273,'Chikkamagaluru','20','2024-05-30 03:50:55'),(274,'Gudivada','9','2024-05-30 03:50:55'),(275,'Baleshwar Town','28','2024-05-30 03:50:55'),(276,'Mancherial','33','2024-05-30 03:50:55'),(277,'Srikakulam','9','2024-05-30 03:50:55'),(278,'Adilabad','33','2024-05-30 03:50:55'),(279,'Yavatmal','23','2024-05-30 03:50:55'),(280,'Barnala','29','2024-05-30 03:50:55'),(281,'Nagaon','11','2024-05-30 03:50:55'),(282,'Narasaraopet','9','2024-05-30 03:50:55'),(283,'Raigarh','11','2024-05-30 03:50:55'),(284,'Roorkee','36','2024-05-30 03:50:55'),(285,'Valsad','15','2024-05-30 03:50:55'),(286,'Ambikapur','11','2024-05-30 03:50:55'),(287,'Giridih','19','2024-05-30 03:50:55'),(288,'Chandausi','35','2024-05-30 03:50:55'),(289,'Purulia','37','2024-05-30 03:50:55'),(290,'Patan','15','2024-05-30 03:50:55'),(291,'Bagaha','12','2024-05-30 03:50:55'),(292,'Hardoi ','35','2024-05-30 03:50:55'),(293,'Achalpur','23','2024-05-30 03:50:55'),(294,'Osmanabad','23','2024-05-30 03:50:55'),(295,'Deesa','15','2024-05-30 03:50:55'),(296,'Nandurbar','23','2024-05-30 03:50:55'),(297,'Azamgarh','35','2024-05-30 03:50:55'),(298,'Ramgarh','19','2024-05-30 03:50:55'),(299,'Firozpur','29','2024-05-30 03:50:55'),(300,'Baripada Town','28','2024-05-30 03:50:55'),(301,'Karwar','20','2024-05-30 03:50:55'),(302,'Siwan','12','2024-05-30 03:50:55'),(303,'Rajampet','9','2024-05-30 03:50:55'),(304,'Pudukkottai','32','2024-05-30 03:50:55'),(305,'Anantnag','18','2024-05-30 03:50:55'),(306,'Tadpatri','9','2024-05-30 03:50:55'),(307,'Satara','23','2024-05-30 03:50:55'),(308,'Bhadrak','28','2024-05-30 03:50:55'),(309,'Kishanganj','12','2024-05-30 03:50:55'),(310,'Suryapet','33','2024-05-30 03:50:55'),(311,'Wardha','23','2024-05-30 03:50:55'),(312,'Ranebennuru','20','2024-05-30 03:50:55'),(313,'Amreli','15','2024-05-30 03:50:55'),(314,'Neyveli (TS)','32','2024-05-30 03:50:55'),(315,'Jamalpur','12','2024-05-30 03:50:55'),(316,'Marmagao','14','2024-05-30 03:50:55'),(317,'Udgir','23','2024-05-30 03:50:55'),(318,'Tadepalligudem','9','2024-05-30 03:50:55'),(319,'Nagapattinam','32','2024-05-30 03:50:55'),(320,'Buxar','12','2024-05-30 03:50:55'),(321,'Aurangabad','23','2024-05-30 03:50:55'),(322,'Jehanabad','12','2024-05-30 03:50:55'),(323,'Phagwara','29','2024-05-30 03:50:55'),(324,'Khair','35','2024-05-30 03:50:55'),(325,'Sawai Madhopur','30','2024-05-30 03:50:55'),(326,'Kapurthala','29','2024-05-30 03:50:55'),(327,'Chilakaluripet','9','2024-05-30 03:50:55'),(329,'Malappuram','21','2024-05-30 03:50:55'),(330,'Rewari','16','2024-05-30 03:50:55'),(331,'Nagaur','30','2024-05-30 03:50:55'),(332,'Sultanpur','35','2024-05-30 03:50:55'),(333,'Nagda','22','2024-05-30 03:50:55'),(334,'Port Blair','2','2024-05-30 03:50:55'),(335,'Lakhisarai','12','2024-05-30 03:50:55'),(336,'Panaji','14','2024-05-30 03:50:55'),(337,'Tinsukia','11','2024-05-30 03:50:55'),(338,'Itarsi','22','2024-05-30 03:50:55'),(339,'Kohima','27','2024-05-30 03:50:55'),(340,'Balangir','28','2024-05-30 03:50:55'),(341,'Nawada','12','2024-05-30 03:50:55'),(342,'Jharsuguda','28','2024-05-30 03:50:55'),(343,'Jagtial','33','2024-05-30 03:50:55'),(344,'Viluppuram','32','2024-05-30 03:50:55'),(345,'Amalner','23','2024-05-30 03:50:55'),(346,'Zirakpur','29','2024-05-30 03:50:55'),(347,'Tanda','35','2024-05-30 03:50:55'),(348,'Tiruchengode','32','2024-05-30 03:50:55'),(349,'Nagina','35','2024-05-30 03:50:55'),(350,'Yemmiganur','9','2024-05-30 03:50:55'),(351,'Vaniyambadi','32','2024-05-30 03:50:55'),(352,'Sarni','22','2024-05-30 03:50:55'),(353,'Theni Allinagaram','32','2024-05-30 03:50:55'),(354,'Margao','14','2024-05-30 03:50:55'),(355,'Akot','23','2024-05-30 03:50:55'),(356,'Sehore','22','2024-05-30 03:50:55'),(357,'Mhow Cantonment','22','2024-05-30 03:50:55'),(358,'Kot Kapura','29','2024-05-30 03:50:55'),(359,'Makrana','30','2024-05-30 03:50:55'),(360,'Pandharpur','23','2024-05-30 03:50:55'),(361,'Miryalaguda','33','2024-05-30 03:50:55'),(362,'Shamli','35','2024-05-30 03:50:55'),(363,'Seoni','22','2024-05-30 03:50:55'),(364,'Ranibennur','20','2024-05-30 03:50:55'),(365,'Kadiri','9','2024-05-30 03:50:55'),(366,'Shrirampur','23','2024-05-30 03:50:55'),(367,'Rudrapur','36','2024-05-30 03:50:55'),(368,'Parli','23','2024-05-30 03:50:55'),(369,'Najibabad','35','2024-05-30 03:50:55'),(370,'Nirmal','33','2024-05-30 03:50:55'),(371,'Udhagamandalam','32','2024-05-30 03:50:55'),(372,'Shikohabad','35','2024-05-30 03:50:55'),(373,'Jhumri Tilaiya','19','2024-05-30 03:50:55'),(374,'Aruppukkottai','32','2024-05-30 03:50:55'),(375,'Ponnani','21','2024-05-30 03:50:55'),(376,'Jamui','12','2024-05-30 03:50:55'),(377,'Sitamarhi','12','2024-05-30 03:50:55'),(378,'Chirala','9','2024-05-30 03:50:55'),(379,'Anjar','15','2024-05-30 03:50:55'),(380,'Karaikal','8','2024-05-30 03:50:55'),(381,'Hansi','16','2024-05-30 03:50:55'),(382,'Anakapalle','9','2024-05-30 03:50:55'),(383,'Mahasamund','11','2024-05-30 03:50:55'),(384,'Faridkot','29','2024-05-30 03:50:55'),(385,'Saunda','19','2024-05-30 03:50:55'),(386,'Dhoraji','15','2024-05-30 03:50:55'),(387,'Paramakudi','32','2024-05-30 03:50:55'),(388,'Balaghat','22','2024-05-30 03:50:55'),(389,'Sujangarh','30','2024-05-30 03:50:55'),(390,'Khambhat','15','2024-05-30 03:50:55'),(391,'Muktsar','29','2024-05-30 03:50:55'),(392,'Rajpura','29','2024-05-30 03:50:55'),(393,'Kavali','9','2024-05-30 03:50:55'),(394,'Dhamtari','11','2024-05-30 03:50:55'),(395,'Ashok Nagar','22','2024-05-30 03:50:55'),(396,'Sardarshahar','30','2024-05-30 03:50:55'),(397,'Mahuva','15','2024-05-30 03:50:55'),(398,'Bargarh','28','2024-05-30 03:50:55'),(399,'Kamareddy','33','2024-05-30 03:50:55'),(400,'Sahibganj','19','2024-05-30 03:50:55'),(401,'Kothagudem','33','2024-05-30 03:50:55'),(402,'Ramanagaram','20','2024-05-30 03:50:55'),(403,'Gokak','20','2024-05-30 03:50:55'),(404,'Tikamgarh','22','2024-05-30 03:50:55'),(405,'Araria','12','2024-05-30 03:50:55'),(406,'Rishikesh','36','2024-05-30 03:50:55'),(407,'Shahdol','22','2024-05-30 03:50:55'),(408,'Medininagar (Daltonganj)','19','2024-05-30 03:50:55'),(409,'Arakkonam','32','2024-05-30 03:50:55'),(410,'Washim','23','2024-05-30 03:50:55'),(411,'Sangrur','29','2024-05-30 03:50:55'),(412,'Bodhan','33','2024-05-30 03:50:55'),(413,'Fazilka','29','2024-05-30 03:50:55'),(414,'Palacole','9','2024-05-30 03:50:55'),(415,'Keshod','15','2024-05-30 03:50:55'),(416,'Sullurpeta','9','2024-05-30 03:50:55'),(417,'Wadhwan','15','2024-05-30 03:50:55'),(418,'Gurdaspur','29','2024-05-30 03:50:55'),(419,'Vatakara','21','2024-05-30 03:50:55'),(420,'Tura','25','2024-05-30 03:50:55'),(421,'Narnaul','16','2024-05-30 03:50:55'),(422,'Kharar','29','2024-05-30 03:50:55'),(423,'Yadgir','20','2024-05-30 03:50:55'),(424,'Ambejogai','23','2024-05-30 03:50:55'),(425,'Ankleshwar','15','2024-05-30 03:50:55'),(426,'Savarkundla','15','2024-05-30 03:50:55'),(427,'Paradip','28','2024-05-30 03:50:55'),(428,'Virudhachalam','32','2024-05-30 03:50:55'),(429,'Kanhangad','21','2024-05-30 03:50:55'),(430,'Kadi','15','2024-05-30 03:50:55'),(431,'Srivilliputhur','32','2024-05-30 03:50:55'),(432,'Gobindgarh','29','2024-05-30 03:50:55'),(433,'Tindivanam','32','2024-05-30 03:50:55'),(434,'Mansa','29','2024-05-30 03:50:55'),(435,'Taliparamba','21','2024-05-30 03:50:55'),(436,'Manmad','23','2024-05-30 03:50:55'),(437,'Tanuku','9','2024-05-30 03:50:55'),(438,'Rayachoti','9','2024-05-30 03:50:55'),(439,'Virudhunagar','32','2024-05-30 03:50:55'),(440,'Koyilandy','21','2024-05-30 03:50:55'),(441,'Jorhat','11','2024-05-30 03:50:55'),(442,'Karur','32','2024-05-30 03:50:55'),(443,'Valparai','32','2024-05-30 03:50:55'),(444,'Srikalahasti','9','2024-05-30 03:50:55'),(445,'Neyyattinkara','21','2024-05-30 03:50:55'),(446,'Bapatla','9','2024-05-30 03:50:55'),(447,'Fatehabad','16','2024-05-30 03:50:55'),(448,'Malout','29','2024-05-30 03:50:55'),(449,'Sankarankovil','32','2024-05-30 03:50:55'),(450,'Tenkasi','32','2024-05-30 03:50:55'),(451,'Ratnagiri','23','2024-05-30 03:50:55'),(452,'Rabkavi Banhatti','20','2024-05-30 03:50:55'),(453,'Sikandrabad','35','2024-05-30 03:50:55'),(454,'Chaibasa','19','2024-05-30 03:50:55'),(455,'Chirmiri','11','2024-05-30 03:50:55'),(456,'Palwancha','33','2024-05-30 03:50:55'),(457,'Bhawanipatna','28','2024-05-30 03:50:55'),(458,'Kayamkulam','21','2024-05-30 03:50:55'),(459,'Pithampur','22','2024-05-30 03:50:55'),(460,'Nabha','29','2024-05-30 03:50:55'),(461,'Shahabad, Hardoi','35','2024-05-30 03:50:55'),(462,'Dhenkanal','28','2024-05-30 03:50:55'),(463,'Uran Islampur','23','2024-05-30 03:50:55'),(464,'Gopalganj','12','2024-05-30 03:50:55'),(465,'Bongaigaon City','11','2024-05-30 03:50:55'),(466,'Palani','32','2024-05-30 03:50:55'),(467,'Pusad','23','2024-05-30 03:50:55'),(468,'Sopore','18','2024-05-30 03:50:55'),(469,'Pilkhuwa','35','2024-05-30 03:50:55'),(470,'Tarn Taran','29','2024-05-30 03:50:55'),(471,'Renukoot','35','2024-05-30 03:50:55'),(472,'Mandamarri','33','2024-05-30 03:50:55'),(473,'Shahabad','20','2024-05-30 03:50:55'),(474,'Barbil','28','2024-05-30 03:50:55'),(475,'Koratla','33','2024-05-30 03:50:55'),(476,'Madhubani','12','2024-05-30 03:50:55'),(477,'Arambagh','37','2024-05-30 03:50:55'),(478,'Gohana','16','2024-05-30 03:50:55'),(479,'Ladnu','30','2024-05-30 03:50:55'),(480,'Pattukkottai','32','2024-05-30 03:50:55'),(481,'Sirsi','20','2024-05-30 03:50:55'),(482,'Sircilla','33','2024-05-30 03:50:55'),(483,'Tamluk','37','2024-05-30 03:50:55'),(484,'Jagraon','29','2024-05-30 03:50:55'),(485,'AlipurdUrban Agglomerationr','37','2024-05-30 03:50:55'),(486,'Alirajpur','22','2024-05-30 03:50:55'),(487,'Tandur','33','2024-05-30 03:50:55'),(488,'Naidupet','9','2024-05-30 03:50:55'),(489,'Tirupathur','32','2024-05-30 03:50:55'),(490,'Tohana','16','2024-05-30 03:50:55'),(491,'Ratangarh','30','2024-05-30 03:50:55'),(492,'Dhubri','11','2024-05-30 03:50:55'),(493,'Masaurhi','12','2024-05-30 03:50:55'),(494,'Visnagar','15','2024-05-30 03:50:55'),(495,'Vrindavan','35','2024-05-30 03:50:55'),(496,'Nokha','30','2024-05-30 03:50:55'),(497,'Nagari','9','2024-05-30 03:50:55'),(498,'Narwana','16','2024-05-30 03:50:55'),(499,'Ramanathapuram','32','2024-05-30 03:50:55'),(500,'Ujhani','35','2024-05-30 03:50:55'),(501,'Samastipur','12','2024-05-30 03:50:55'),(502,'Laharpur','35','2024-05-30 03:50:55'),(503,'Sangamner','23','2024-05-30 03:50:55'),(504,'Nimbahera','30','2024-05-30 03:50:55'),(505,'Siddipet','33','2024-05-30 03:50:55'),(506,'Suri','37','2024-05-30 03:50:55'),(507,'Diphu','11','2024-05-30 03:50:55'),(508,'Jhargram','37','2024-05-30 03:50:55'),(509,'Shirpur-Warwade','23','2024-05-30 03:50:55'),(510,'Tilhar','35','2024-05-30 03:50:55'),(511,'Sindhnur','20','2024-05-30 03:50:55'),(512,'Udumalaipettai','32','2024-05-30 03:50:55'),(513,'Malkapur','23','2024-05-30 03:50:55'),(514,'Wanaparthy','33','2024-05-30 03:50:55'),(515,'Gudur','9','2024-05-30 03:50:55'),(516,'Kendujhar','28','2024-05-30 03:50:55'),(517,'Mandla','22','2024-05-30 03:50:55'),(518,'Mandi','17','2024-05-30 03:50:55'),(519,'Nedumangad','21','2024-05-30 03:50:55'),(520,'North Lakhimpur','11','2024-05-30 03:50:55'),(521,'Vinukonda','9','2024-05-30 03:50:55'),(522,'Tiptur','20','2024-05-30 03:50:55'),(523,'Gobichettipalayam','32','2024-05-30 03:50:55'),(524,'Sunabeda','28','2024-05-30 03:50:55'),(525,'Wani','23','2024-05-30 03:50:55'),(526,'Upleta','15','2024-05-30 03:50:55'),(527,'Narasapuram','9','2024-05-30 03:50:55'),(528,'Nuzvid','9','2024-05-30 03:50:55'),(529,'Tezpur','11','2024-05-30 03:50:55'),(530,'Una','15','2024-05-30 03:50:55'),(531,'Markapur','9','2024-05-30 03:50:55'),(532,'Sheopur','22','2024-05-30 03:50:55'),(533,'Thiruvarur','32','2024-05-30 03:50:55'),(534,'Sidhpur','15','2024-05-30 03:50:55'),(535,'Sahaswan','35','2024-05-30 03:50:55'),(536,'Suratgarh','30','2024-05-30 03:50:55'),(537,'Shajapur','22','2024-05-30 03:50:55'),(538,'Rayagada','28','2024-05-30 03:50:55'),(539,'Lonavla','23','2024-05-30 03:50:55'),(540,'Ponnur','9','2024-05-30 03:50:55'),(541,'Kagaznagar','33','2024-05-30 03:50:55'),(542,'Gadwal','33','2024-05-30 03:50:55'),(543,'Bhatapara','11','2024-05-30 03:50:55'),(544,'Kandukur','9','2024-05-30 03:50:55'),(545,'Sangareddy','33','2024-05-30 03:50:55'),(546,'Unjha','15','2024-05-30 03:50:55'),(547,'Lunglei','26','2024-05-30 03:50:55'),(548,'Karimganj','11','2024-05-30 03:50:55'),(549,'Kannur','21','2024-05-30 03:50:55'),(550,'Bobbili','9','2024-05-30 03:50:55'),(551,'Mokameh','12','2024-05-30 03:50:55'),(552,'Talegaon Dabhade','23','2024-05-30 03:50:55'),(553,'Anjangaon','23','2024-05-30 03:50:55'),(554,'Mangrol','15','2024-05-30 03:50:55'),(555,'Sunam','29','2024-05-30 03:50:55'),(556,'Gangarampur','37','2024-05-30 03:50:55'),(557,'Thiruvallur','32','2024-05-30 03:50:55'),(558,'Tirur','21','2024-05-30 03:50:55'),(559,'Rath','35','2024-05-30 03:50:55'),(560,'Jatani','28','2024-05-30 03:50:55'),(561,'Viramgam','15','2024-05-30 03:50:55'),(562,'Rajsamand','30','2024-05-30 03:50:55'),(563,'Yanam','8','2024-05-30 03:50:55'),(564,'Kottayam','21','2024-05-30 03:50:55'),(565,'Panruti','32','2024-05-30 03:50:55'),(566,'Dhuri','29','2024-05-30 03:50:55'),(567,'Namakkal','32','2024-05-30 03:50:55'),(568,'Kasaragod','21','2024-05-30 03:50:55'),(569,'Modasa','15','2024-05-30 03:50:55'),(570,'Rayadurg','9','2024-05-30 03:50:55'),(571,'Supaul','12','2024-05-30 03:50:55'),(572,'Kunnamkulam','21','2024-05-30 03:50:55'),(573,'Umred','23','2024-05-30 03:50:55'),(574,'Bellampalle','33','2024-05-30 03:50:55'),(575,'Sibsagar','11','2024-05-30 03:50:55'),(576,'Mandi Dabwali','16','2024-05-30 03:50:55'),(577,'Ottappalam','21','2024-05-30 03:50:55'),(578,'Dumraon','12','2024-05-30 03:50:55'),(579,'Samalkot','9','2024-05-30 03:50:55'),(580,'Jaggaiahpet','9','2024-05-30 03:50:55'),(581,'Goalpara','11','2024-05-30 03:50:55'),(582,'Tuni','9','2024-05-30 03:50:55'),(583,'Lachhmangarh','30','2024-05-30 03:50:55'),(584,'Bhongir','33','2024-05-30 03:50:55'),(585,'Amalapuram','9','2024-05-30 03:50:55'),(586,'Firozpur Cantt.','29','2024-05-30 03:50:55'),(587,'Vikarabad','33','2024-05-30 03:50:55'),(588,'Thiruvalla','21','2024-05-30 03:50:55'),(589,'Sherkot','35','2024-05-30 03:50:55'),(590,'Palghar','23','2024-05-30 03:50:55'),(591,'Shegaon','23','2024-05-30 03:50:55'),(592,'Jangaon','33','2024-05-30 03:50:55'),(593,'Bheemunipatnam','9','2024-05-30 03:50:55'),(594,'Panna','22','2024-05-30 03:50:55'),(595,'Thodupuzha','21','2024-05-30 03:50:55'),(596,'KathUrban Agglomeration','18','2024-05-30 03:50:55'),(597,'Palitana','15','2024-05-30 03:50:55'),(598,'Arwal','12','2024-05-30 03:50:55'),(599,'Venkatagiri','9','2024-05-30 03:50:55'),(600,'Kalpi','35','2024-05-30 03:50:55'),(601,'Rajgarh (Churu)','30','2024-05-30 03:50:55'),(602,'Sattenapalle','9','2024-05-30 03:50:55'),(603,'Arsikere','20','2024-05-30 03:50:55'),(604,'Ozar','23','2024-05-30 03:50:55'),(605,'Thirumangalam','32','2024-05-30 03:50:55'),(606,'Petlad','15','2024-05-30 03:50:55'),(607,'Nasirabad','30','2024-05-30 03:50:55'),(608,'Phaltan','23','2024-05-30 03:50:55'),(609,'Rampurhat','37','2024-05-30 03:50:55'),(610,'Nanjangud','20','2024-05-30 03:50:55'),(611,'Forbesganj','12','2024-05-30 03:50:55'),(612,'Tundla','35','2024-05-30 03:50:55'),(613,'BhabUrban Agglomeration','12','2024-05-30 03:50:55'),(614,'Sagara','20','2024-05-30 03:50:55'),(615,'Pithapuram','9','2024-05-30 03:50:55'),(616,'Sira','20','2024-05-30 03:50:55'),(617,'Bhadrachalam','33','2024-05-30 03:50:55'),(618,'Charkhi Dadri','16','2024-05-30 03:50:55'),(619,'Chatra','19','2024-05-30 03:50:55'),(620,'Palasa Kasibugga','9','2024-05-30 03:50:55'),(621,'Nohar','30','2024-05-30 03:50:55'),(622,'Yevla','23','2024-05-30 03:50:55'),(623,'Sirhind Fatehgarh Sahib','29','2024-05-30 03:50:55'),(624,'Bhainsa','33','2024-05-30 03:50:55'),(625,'Parvathipuram','9','2024-05-30 03:50:55'),(626,'Shahade','23','2024-05-30 03:50:55'),(627,'Chalakudy','21','2024-05-30 03:50:55'),(628,'Narkatiaganj','12','2024-05-30 03:50:55'),(629,'Kapadvanj','15','2024-05-30 03:50:55'),(630,'Macherla','9','2024-05-30 03:50:55'),(631,'Raghogarh-Vijaypur','22','2024-05-30 03:50:55'),(632,'Rupnagar','29','2024-05-30 03:50:55'),(633,'Naugachhia','12','2024-05-30 03:50:55'),(634,'Sendhwa','22','2024-05-30 03:50:55'),(635,'Byasanagar','28','2024-05-30 03:50:55'),(636,'Sandila','35','2024-05-30 03:50:55'),(637,'Gooty','9','2024-05-30 03:50:55'),(638,'Salur','9','2024-05-30 03:50:55'),(639,'Nanpara','35','2024-05-30 03:50:55'),(640,'Sardhana','35','2024-05-30 03:50:55'),(641,'Vita','23','2024-05-30 03:50:55'),(642,'Gumia','19','2024-05-30 03:50:55'),(643,'Puttur','20','2024-05-30 03:50:55'),(644,'Jalandhar Cantt.','29','2024-05-30 03:50:55'),(645,'Nehtaur','35','2024-05-30 03:50:55'),(646,'Changanassery','21','2024-05-30 03:50:55'),(647,'Mandapeta','9','2024-05-30 03:50:55'),(648,'Dumka','19','2024-05-30 03:50:55'),(649,'Seohara','35','2024-05-30 03:50:55'),(650,'Umarkhed','23','2024-05-30 03:50:55'),(651,'Madhupur','19','2024-05-30 03:50:55'),(652,'Vikramasingapuram','32','2024-05-30 03:50:55'),(653,'Punalur','21','2024-05-30 03:50:55'),(654,'Kendrapara','28','2024-05-30 03:50:55'),(655,'Sihor','15','2024-05-30 03:50:55'),(656,'Nellikuppam','32','2024-05-30 03:50:55'),(657,'Samana','29','2024-05-30 03:50:55'),(658,'Warora','23','2024-05-30 03:50:55'),(659,'Nilambur','21','2024-05-30 03:50:55'),(660,'Rasipuram','32','2024-05-30 03:50:55'),(661,'Ramnagar','36','2024-05-30 03:50:55'),(662,'Jammalamadugu','9','2024-05-30 03:50:55'),(663,'Nawanshahr','29','2024-05-30 03:50:55'),(664,'Thoubal','24','2024-05-30 03:50:55'),(665,'Athni','20','2024-05-30 03:50:55'),(666,'Cherthala','21','2024-05-30 03:50:55'),(667,'Sidhi','22','2024-05-30 03:50:55'),(668,'Farooqnagar','33','2024-05-30 03:50:55'),(669,'Peddapuram','9','2024-05-30 03:50:55'),(670,'Chirkunda','19','2024-05-30 03:50:55'),(671,'Pachora','23','2024-05-30 03:50:55'),(672,'Madhepura','12','2024-05-30 03:50:55'),(673,'Pithoragarh','36','2024-05-30 03:50:55'),(674,'Tumsar','23','2024-05-30 03:50:55'),(675,'Phalodi','30','2024-05-30 03:50:55'),(676,'Tiruttani','32','2024-05-30 03:50:55'),(677,'Rampura Phul','29','2024-05-30 03:50:55'),(678,'Perinthalmanna','21','2024-05-30 03:50:55'),(679,'Padrauna','35','2024-05-30 03:50:55'),(680,'Pipariya','22','2024-05-30 03:50:55'),(681,'Dalli-Rajhara','11','2024-05-30 03:50:55'),(682,'Punganur','9','2024-05-30 03:50:55'),(683,'Mattannur','21','2024-05-30 03:50:55'),(684,'Mathura','35','2024-05-30 03:50:55'),(685,'Thakurdwara','35','2024-05-30 03:50:55'),(686,'Nandivaram-Guduvancheri','32','2024-05-30 03:50:55'),(687,'Mulbagal','20','2024-05-30 03:50:55'),(688,'Manjlegaon','23','2024-05-30 03:50:55'),(689,'Wankaner','15','2024-05-30 03:50:55'),(690,'Sillod','23','2024-05-30 03:50:55'),(691,'Nidadavole','9','2024-05-30 03:50:55'),(692,'Surapura','20','2024-05-30 03:50:55'),(693,'Rajagangapur','28','2024-05-30 03:50:55'),(694,'Sheikhpura','12','2024-05-30 03:50:55'),(695,'Parlakhemundi','28','2024-05-30 03:50:55'),(696,'Kalimpong','37','2024-05-30 03:50:55'),(697,'Siruguppa','20','2024-05-30 03:50:55'),(698,'Arvi','23','2024-05-30 03:50:55'),(699,'Limbdi','15','2024-05-30 03:50:55'),(700,'Barpeta','11','2024-05-30 03:50:55'),(701,'Manglaur','36','2024-05-30 03:50:55'),(702,'Repalle','9','2024-05-30 03:50:55'),(703,'Mudhol','20','2024-05-30 03:50:55'),(704,'Shujalpur','22','2024-05-30 03:50:55'),(705,'Mandvi','15','2024-05-30 03:50:55'),(706,'Thangadh','15','2024-05-30 03:50:55'),(707,'Sironj','22','2024-05-30 03:50:55'),(708,'Nandura','23','2024-05-30 03:50:55'),(709,'Shoranur','21','2024-05-30 03:50:55'),(710,'Nathdwara','30','2024-05-30 03:50:55'),(711,'Periyakulam','32','2024-05-30 03:50:55'),(712,'Sultanganj','12','2024-05-30 03:50:55'),(713,'Medak','33','2024-05-30 03:50:55'),(714,'Narayanpet','33','2024-05-30 03:50:55'),(715,'Raxaul Bazar','12','2024-05-30 03:50:55'),(716,'Rajauri','18','2024-05-30 03:50:55'),(717,'Pernampattu','32','2024-05-30 03:50:55'),(718,'Nainital','36','2024-05-30 03:50:55'),(719,'Ramachandrapuram','9','2024-05-30 03:50:55'),(720,'Vaijapur','23','2024-05-30 03:50:55'),(721,'Nangal','29','2024-05-30 03:50:55'),(722,'Sidlaghatta','20','2024-05-30 03:50:55'),(723,'Punch','18','2024-05-30 03:50:55'),(724,'Pandhurna','22','2024-05-30 03:50:55'),(725,'Wadgaon Road','23','2024-05-30 03:50:55'),(726,'Talcher','28','2024-05-30 03:50:55'),(727,'Varkala','21','2024-05-30 03:50:55'),(728,'Pilani','30','2024-05-30 03:50:55'),(729,'Nowgong','22','2024-05-30 03:50:55'),(730,'Naila Janjgir','11','2024-05-30 03:50:55'),(731,'Mapusa','14','2024-05-30 03:50:55'),(732,'Vellakoil','32','2024-05-30 03:50:55'),(733,'Merta City','30','2024-05-30 03:50:55'),(734,'Sivaganga','32','2024-05-30 03:50:55'),(735,'Mandideep','22','2024-05-30 03:50:55'),(736,'Sailu','23','2024-05-30 03:50:55'),(737,'Vyara','15','2024-05-30 03:50:55'),(738,'Kovvur','9','2024-05-30 03:50:55'),(739,'Vadalur','32','2024-05-30 03:50:55'),(740,'Nawabganj','35','2024-05-30 03:50:55'),(741,'Padra','15','2024-05-30 03:50:55'),(742,'Sainthia','37','2024-05-30 03:50:55'),(743,'Siana','35','2024-05-30 03:50:55'),(744,'Shahpur','20','2024-05-30 03:50:55'),(745,'Sojat','30','2024-05-30 03:50:55'),(746,'Noorpur','35','2024-05-30 03:50:55'),(747,'Paravoor','21','2024-05-30 03:50:55'),(748,'Murtijapur','23','2024-05-30 03:50:55'),(750,'Sundargarh','28','2024-05-30 03:50:55'),(751,'Taki','37','2024-05-30 03:50:55'),(752,'Saundatti-Yellamma','20','2024-05-30 03:50:55'),(753,'Pathanamthitta','21','2024-05-30 03:50:55'),(754,'Wadi','20','2024-05-30 03:50:55'),(755,'Rameshwaram','32','2024-05-30 03:50:55'),(756,'Tasgaon','23','2024-05-30 03:50:55'),(757,'Sikandra Rao','35','2024-05-30 03:50:55'),(758,'Sihora','22','2024-05-30 03:50:55'),(759,'Tiruvethipuram','32','2024-05-30 03:50:55'),(760,'Tiruvuru','9','2024-05-30 03:50:55'),(761,'Mehkar','23','2024-05-30 03:50:55'),(762,'Peringathur','21','2024-05-30 03:50:55'),(763,'Perambalur','32','2024-05-30 03:50:55'),(764,'Manvi','20','2024-05-30 03:50:55'),(765,'Zunheboto','27','2024-05-30 03:50:55'),(766,'Mahnar Bazar','12','2024-05-30 03:50:55'),(767,'Attingal','21','2024-05-30 03:50:55'),(768,'Shahbad','16','2024-05-30 03:50:55'),(769,'Puranpur','35','2024-05-30 03:50:55'),(770,'Nelamangala','20','2024-05-30 03:50:55'),(771,'Nakodar','29','2024-05-30 03:50:55'),(772,'Lunawada','15','2024-05-30 03:50:55'),(773,'Murshidabad','37','2024-05-30 03:50:55'),(774,'Mahe','8','2024-05-30 03:50:55'),(775,'Lanka','11','2024-05-30 03:50:55'),(776,'Rudauli','35','2024-05-30 03:50:55'),(777,'Tuensang','27','2024-05-30 03:50:55'),(778,'Lakshmeshwar','20','2024-05-30 03:50:55'),(779,'Zira','29','2024-05-30 03:50:55'),(780,'Yawal','23','2024-05-30 03:50:55'),(781,'Thana Bhawan','35','2024-05-30 03:50:55'),(782,'Ramdurg','20','2024-05-30 03:50:55'),(783,'Pulgaon','23','2024-05-30 03:50:55'),(784,'Sadasivpet','33','2024-05-30 03:50:55'),(785,'Nargund','20','2024-05-30 03:50:55'),(786,'Neem-Ka-Thana','30','2024-05-30 03:50:55'),(787,'Memari','37','2024-05-30 03:50:55'),(788,'Nilanga','23','2024-05-30 03:50:55'),(789,'Naharlagun','10','2024-05-30 03:50:55'),(790,'Pakaur','19','2024-05-30 03:50:55'),(791,'Wai','23','2024-05-30 03:50:55'),(792,'Tarikere','20','2024-05-30 03:50:55'),(793,'Malavalli','20','2024-05-30 03:50:55'),(794,'Raisen','22','2024-05-30 03:50:55'),(795,'Lahar','22','2024-05-30 03:50:55'),(796,'Uravakonda','9','2024-05-30 03:50:55'),(797,'Savanur','20','2024-05-30 03:50:55'),(798,'Sirohi','30','2024-05-30 03:50:55'),(799,'Udhampur','18','2024-05-30 03:50:55'),(800,'Umarga','23','2024-05-30 03:50:55'),(801,'Pratapgarh','30','2024-05-30 03:50:55'),(802,'Lingsugur','20','2024-05-30 03:50:55'),(803,'Usilampatti','32','2024-05-30 03:50:55'),(804,'Palia Kalan','35','2024-05-30 03:50:55'),(805,'Wokha','27','2024-05-30 03:50:55'),(806,'Rajpipla','15','2024-05-30 03:50:55'),(807,'Vijayapura','20','2024-05-30 03:50:55'),(808,'Rawatbhata','30','2024-05-30 03:50:55'),(809,'Sangaria','30','2024-05-30 03:50:55'),(810,'Paithan','23','2024-05-30 03:50:55'),(811,'Rahuri','23','2024-05-30 03:50:55'),(812,'Patti','29','2024-05-30 03:50:55'),(813,'Zaidpur','35','2024-05-30 03:50:55'),(814,'Lalsot','30','2024-05-30 03:50:55'),(815,'Maihar','22','2024-05-30 03:50:55'),(816,'Vedaranyam','32','2024-05-30 03:50:55'),(817,'Nawapur','23','2024-05-30 03:50:55'),(818,'Solan','17','2024-05-30 03:50:55'),(820,'Sanawad','22','2024-05-30 03:50:55'),(821,'Warisaliganj','12','2024-05-30 03:50:55'),(822,'Revelganj','12','2024-05-30 03:50:55'),(823,'Sabalgarh','22','2024-05-30 03:50:55'),(824,'Tuljapur','23','2024-05-30 03:50:55'),(825,'Simdega','19','2024-05-30 03:50:55'),(826,'Musabani','19','2024-05-30 03:50:55'),(827,'Kodungallur','21','2024-05-30 03:50:55'),(828,'Phulabani','28','2024-05-30 03:50:55'),(829,'Umreth','15','2024-05-30 03:50:55'),(830,'Narsipatnam','9','2024-05-30 03:50:55'),(831,'Nautanwa','35','2024-05-30 03:50:55'),(832,'Rajgir','12','2024-05-30 03:50:55'),(833,'Yellandu','33','2024-05-30 03:50:55'),(834,'Sathyamangalam','32','2024-05-30 03:50:55'),(835,'Pilibanga','30','2024-05-30 03:50:55'),(836,'Morshi','23','2024-05-30 03:50:55'),(837,'Pehowa','16','2024-05-30 03:50:55'),(838,'Sonepur','12','2024-05-30 03:50:55'),(839,'Pappinisseri','21','2024-05-30 03:50:55'),(840,'Zamania','35','2024-05-30 03:50:55'),(841,'Mihijam','19','2024-05-30 03:50:55'),(842,'Purna','23','2024-05-30 03:50:55'),(843,'Puliyankudi','32','2024-05-30 03:50:55'),(844,'Shikarpur, Bulandshahr','35','2024-05-30 03:50:55'),(845,'Umaria','22','2024-05-30 03:50:55'),(846,'Porsa','22','2024-05-30 03:50:55'),(847,'Naugawan Sadat','35','2024-05-30 03:50:55'),(848,'Fatehpur Sikri','35','2024-05-30 03:50:55'),(849,'Manuguru','33','2024-05-30 03:50:55'),(851,'Pipar City','30','2024-05-30 03:50:55'),(852,'Pattamundai','28','2024-05-30 03:50:55'),(853,'Nanjikottai','32','2024-05-30 03:50:55'),(854,'Taranagar','30','2024-05-30 03:50:55'),(855,'Yerraguntla','9','2024-05-30 03:50:55'),(856,'Satana','23','2024-05-30 03:50:55'),(857,'Sherghati','12','2024-05-30 03:50:55'),(858,'Sankeshwara','20','2024-05-30 03:50:55'),(859,'Madikeri','20','2024-05-30 03:50:55'),(860,'Thuraiyur','32','2024-05-30 03:50:55'),(861,'Sanand','15','2024-05-30 03:50:55'),(862,'Rajula','15','2024-05-30 03:50:55'),(863,'Kyathampalle','33','2024-05-30 03:50:55'),(864,'Shahabad, Rampur','35','2024-05-30 03:50:55'),(865,'Tilda Newra','11','2024-05-30 03:50:55'),(866,'Narsinghgarh','22','2024-05-30 03:50:55'),(867,'Chittur-Thathamangalam','21','2024-05-30 03:50:55'),(868,'Malaj Khand','22','2024-05-30 03:50:55'),(869,'Sarangpur','22','2024-05-30 03:50:55'),(870,'Robertsganj','35','2024-05-30 03:50:55'),(871,'Sirkali','32','2024-05-30 03:50:55'),(872,'Radhanpur','15','2024-05-30 03:50:55'),(873,'Tiruchendur','32','2024-05-30 03:50:55'),(874,'Utraula','35','2024-05-30 03:50:55'),(875,'Patratu','19','2024-05-30 03:50:55'),(876,'Vijainagar, Ajmer','30','2024-05-30 03:50:55'),(877,'Periyasemur','32','2024-05-30 03:50:55'),(878,'Pathri','23','2024-05-30 03:50:55'),(879,'Sadabad','35','2024-05-30 03:50:55'),(880,'Talikota','20','2024-05-30 03:50:55'),(881,'Sinnar','23','2024-05-30 03:50:55'),(882,'Mungeli','11','2024-05-30 03:50:55'),(883,'Sedam','20','2024-05-30 03:50:55'),(884,'Shikaripur','20','2024-05-30 03:50:55'),(885,'Sumerpur','30','2024-05-30 03:50:55'),(886,'Sattur','32','2024-05-30 03:50:55'),(887,'Sugauli','12','2024-05-30 03:50:55'),(888,'Lumding','11','2024-05-30 03:50:55'),(889,'Vandavasi','32','2024-05-30 03:50:55'),(890,'Titlagarh','28','2024-05-30 03:50:55'),(891,'Uchgaon','23','2024-05-30 03:50:55'),(892,'Mokokchung','27','2024-05-30 03:50:55'),(893,'Paschim Punropara','37','2024-05-30 03:50:55'),(894,'Sagwara','30','2024-05-30 03:50:55'),(895,'Ramganj Mandi','30','2024-05-30 03:50:55'),(896,'Tarakeswar','37','2024-05-30 03:50:55'),(897,'Mahalingapura','20','2024-05-30 03:50:55'),(898,'Dharmanagar','34','2024-05-30 03:50:55'),(899,'Mahemdabad','15','2024-05-30 03:50:55'),(900,'Manendragarh','11','2024-05-30 03:50:55'),(901,'Uran','23','2024-05-30 03:50:55'),(902,'Tharamangalam','32','2024-05-30 03:50:55'),(903,'Tirukkoyilur','32','2024-05-30 03:50:55'),(904,'Pen','23','2024-05-30 03:50:55'),(905,'Makhdumpur','12','2024-05-30 03:50:55'),(906,'Maner','12','2024-05-30 03:50:55'),(907,'Oddanchatram','32','2024-05-30 03:50:55'),(908,'Palladam','32','2024-05-30 03:50:55'),(909,'Mundi','22','2024-05-30 03:50:55'),(910,'Nabarangapur','28','2024-05-30 03:50:55'),(911,'Mudalagi','20','2024-05-30 03:50:55'),(912,'Samalkha','16','2024-05-30 03:50:55'),(913,'Nepanagar','22','2024-05-30 03:50:55'),(914,'Karjat','23','2024-05-30 03:50:55'),(915,'Ranavav','15','2024-05-30 03:50:55'),(916,'Pedana','9','2024-05-30 03:50:55'),(917,'Pinjore','16','2024-05-30 03:50:55'),(918,'Lakheri','30','2024-05-30 03:50:55'),(919,'Pasan','22','2024-05-30 03:50:55'),(921,'Vadakkuvalliyur','32','2024-05-30 03:50:55'),(922,'Tirukalukundram','32','2024-05-30 03:50:55'),(923,'Mahidpur','22','2024-05-30 03:50:55'),(924,'Mussoorie','36','2024-05-30 03:50:55'),(925,'Muvattupuzha','21','2024-05-30 03:50:55'),(926,'Rasra','35','2024-05-30 03:50:55'),(927,'Udaipurwati','30','2024-05-30 03:50:55'),(928,'Manwath','23','2024-05-30 03:50:55'),(929,'Adoor','21','2024-05-30 03:50:55'),(930,'Uthamapalayam','32','2024-05-30 03:50:55'),(931,'Partur','23','2024-05-30 03:50:55'),(932,'Nahan','17','2024-05-30 03:50:55'),(933,'Ladwa','16','2024-05-30 03:50:55'),(934,'Mankachar','11','2024-05-30 03:50:55'),(935,'Nongstoin','25','2024-05-30 03:50:55'),(936,'Losal','30','2024-05-30 03:50:55'),(937,'Sri Madhopur','30','2024-05-30 03:50:55'),(938,'Ramngarh','30','2024-05-30 03:50:55'),(939,'Mavelikkara','21','2024-05-30 03:50:55'),(940,'Rawatsar','30','2024-05-30 03:50:55'),(941,'Rajakhera','30','2024-05-30 03:50:55'),(942,'Lar','35','2024-05-30 03:50:55'),(943,'Lal Gopalganj Nindaura','35','2024-05-30 03:50:55'),(944,'Muddebihal','20','2024-05-30 03:50:55'),(945,'Sirsaganj','35','2024-05-30 03:50:55'),(946,'Shahpura','30','2024-05-30 03:50:55'),(947,'Surandai','32','2024-05-30 03:50:55'),(948,'Sangole','23','2024-05-30 03:50:55'),(949,'Pavagada','20','2024-05-30 03:50:55'),(950,'Tharad','15','2024-05-30 03:50:55'),(952,'Umbergaon','15','2024-05-30 03:50:55'),(953,'Mavoor','21','2024-05-30 03:50:55'),(954,'Nalbari','11','2024-05-30 03:50:55'),(955,'Talaja','15','2024-05-30 03:50:55'),(956,'Malur','20','2024-05-30 03:50:55'),(957,'Mangrulpir','23','2024-05-30 03:50:55'),(958,'Soro','28','2024-05-30 03:50:55'),(960,'Vadnagar','15','2024-05-30 03:50:55'),(961,'Raisinghnagar','30','2024-05-30 03:50:55'),(962,'Sindhagi','20','2024-05-30 03:50:55'),(963,'Sanduru','20','2024-05-30 03:50:55'),(964,'Sohna','16','2024-05-30 03:50:55'),(965,'Manavadar','15','2024-05-30 03:50:55'),(966,'Pihani','35','2024-05-30 03:50:55'),(967,'Safidon','16','2024-05-30 03:50:55'),(968,'Risod','23','2024-05-30 03:50:55'),(969,'Rosera','12','2024-05-30 03:50:55'),(970,'Sankari','32','2024-05-30 03:50:55'),(971,'Malpura','30','2024-05-30 03:50:55'),(972,'Sonamukhi','37','2024-05-30 03:50:55'),(973,'Shamsabad, Agra','35','2024-05-30 03:50:55'),(975,'PandUrban Agglomeration','37','2024-05-30 03:50:55'),(976,'Mainaguri','37','2024-05-30 03:50:55'),(977,'Afzalpur','20','2024-05-30 03:50:55'),(978,'Shirur','23','2024-05-30 03:50:55'),(979,'Salaya','15','2024-05-30 03:50:55'),(980,'Shenkottai','32','2024-05-30 03:50:55'),(982,'Vadipatti','32','2024-05-30 03:50:55'),(983,'Nagarkurnool','33','2024-05-30 03:50:55'),(984,'Savner','23','2024-05-30 03:50:55'),(985,'Sasvad','23','2024-05-30 03:50:55'),(987,'Soron','35','2024-05-30 03:50:55'),(988,'Sholingur','32','2024-05-30 03:50:55'),(989,'Pandharkaoda','23','2024-05-30 03:50:55'),(990,'Perumbavoor','21','2024-05-30 03:50:55'),(991,'Maddur','20','2024-05-30 03:50:55'),(992,'Nadbai','30','2024-05-30 03:50:55'),(993,'Talode','23','2024-05-30 03:50:55'),(994,'Shrigonda','23','2024-05-30 03:50:55'),(995,'Madhugiri','20','2024-05-30 03:50:55'),(996,'Tekkalakote','20','2024-05-30 03:50:55'),(997,'Seoni-Malwa','22','2024-05-30 03:50:55'),(998,'Shirdi','23','2024-05-30 03:50:55'),(999,'SUrban Agglomerationr','35','2024-05-30 03:50:55'),(1000,'Terdal','20','2024-05-30 03:50:55'),(1001,'Raver','23','2024-05-30 03:50:55'),(1003,'Taraori','16','2024-05-30 03:50:55'),(1004,'Mukhed','23','2024-05-30 03:50:55'),(1005,'Manachanallur','32','2024-05-30 03:50:55'),(1006,'Rehli','22','2024-05-30 03:50:55'),(1007,'Sanchore','30','2024-05-30 03:50:55'),(1008,'Rajura','23','2024-05-30 03:50:55'),(1009,'Piro','12','2024-05-30 03:50:55'),(1010,'Mudabidri','20','2024-05-30 03:50:55'),(1011,'Vadgaon Kasba','23','2024-05-30 03:50:55'),(1012,'Nagar','30','2024-05-30 03:50:55'),(1013,'Vijapur','15','2024-05-30 03:50:55'),(1014,'Viswanatham','32','2024-05-30 03:50:55'),(1015,'Polur','32','2024-05-30 03:50:55'),(1016,'Panagudi','32','2024-05-30 03:50:55'),(1017,'Manawar','22','2024-05-30 03:50:55'),(1018,'Tehri','36','2024-05-30 03:50:55'),(1019,'Samdhan','35','2024-05-30 03:50:55'),(1020,'Pardi','15','2024-05-30 03:50:55'),(1021,'Rahatgarh','22','2024-05-30 03:50:55'),(1022,'Panagar','22','2024-05-30 03:50:55'),(1023,'Uthiramerur','32','2024-05-30 03:50:55'),(1024,'Tirora','23','2024-05-30 03:50:55'),(1025,'Rangia','11','2024-05-30 03:50:55'),(1026,'Sahjanwa','35','2024-05-30 03:50:55'),(1027,'Wara Seoni','22','2024-05-30 03:50:55'),(1028,'Magadi','20','2024-05-30 03:50:55'),(1029,'Rajgarh (Alwar)','30','2024-05-30 03:50:55'),(1030,'Rafiganj','12','2024-05-30 03:50:55'),(1031,'Tarana','22','2024-05-30 03:50:55'),(1032,'Rampur Maniharan','35','2024-05-30 03:50:55'),(1033,'Sheoganj','30','2024-05-30 03:50:55'),(1034,'Raikot','29','2024-05-30 03:50:55'),(1035,'Pauri','36','2024-05-30 03:50:55'),(1037,'Navalgund','20','2024-05-30 03:50:55'),(1038,'Shahganj','35','2024-05-30 03:50:55'),(1039,'Marhaura','12','2024-05-30 03:50:55'),(1040,'Tulsipur','35','2024-05-30 03:50:55'),(1041,'Sadri','30','2024-05-30 03:50:55'),(1042,'Thiruthuraipoondi','32','2024-05-30 03:50:55'),(1043,'Shiggaon','20','2024-05-30 03:50:55'),(1044,'Pallapatti','32','2024-05-30 03:50:55'),(1045,'Mahendragarh','16','2024-05-30 03:50:55'),(1046,'Sausar','22','2024-05-30 03:50:55'),(1047,'Ponneri','32','2024-05-30 03:50:55'),(1048,'Mahad','23','2024-05-30 03:50:55'),(1049,'Lohardaga','19','2024-05-30 03:50:55'),(1050,'Tirwaganj','35','2024-05-30 03:50:55'),(1051,'Margherita','11','2024-05-30 03:50:55'),(1052,'Sundarnagar','17','2024-05-30 03:50:55'),(1053,'Rajgarh','22','2024-05-30 03:50:55'),(1054,'Mangaldoi','11','2024-05-30 03:50:55'),(1055,'Renigunta','9','2024-05-30 03:50:55'),(1056,'Longowal','29','2024-05-30 03:50:55'),(1057,'Ratia','16','2024-05-30 03:50:55'),(1058,'Lalgudi','32','2024-05-30 03:50:55'),(1059,'Shrirangapattana','20','2024-05-30 03:50:55'),(1060,'Niwari','22','2024-05-30 03:50:55'),(1061,'Natham','32','2024-05-30 03:50:55'),(1062,'Unnamalaikadai','32','2024-05-30 03:50:55'),(1063,'PurqUrban Agglomerationzi','35','2024-05-30 03:50:55'),(1064,'Shamsabad, Farrukhabad','35','2024-05-30 03:50:55'),(1065,'Mirganj','12','2024-05-30 03:50:55'),(1066,'Todaraisingh','30','2024-05-30 03:50:55'),(1067,'Warhapur','35','2024-05-30 03:50:55'),(1068,'Rajam','9','2024-05-30 03:50:55'),(1069,'Urmar Tanda','29','2024-05-30 03:50:55'),(1070,'Lonar','23','2024-05-30 03:50:55'),(1071,'Powayan','35','2024-05-30 03:50:55'),(1072,'P.N.Patti','32','2024-05-30 03:50:55'),(1073,'Palampur','17','2024-05-30 03:50:55'),(1075,'Sindagi','20','2024-05-30 03:50:55'),(1076,'Sandi','35','2024-05-30 03:50:55'),(1077,'Vaikom','21','2024-05-30 03:50:55'),(1078,'Malda','37','2024-05-30 03:50:55'),(1079,'Tharangambadi','32','2024-05-30 03:50:55'),(1080,'Sakaleshapura','20','2024-05-30 03:50:55'),(1081,'Lalganj','12','2024-05-30 03:50:55'),(1082,'Malkangiri','28','2024-05-30 03:50:55'),(1083,'Rapar','15','2024-05-30 03:50:55'),(1084,'Mauganj','22','2024-05-30 03:50:55'),(1085,'Todabhim','30','2024-05-30 03:50:55'),(1086,'Srinivaspur','20','2024-05-30 03:50:55'),(1087,'Murliganj','12','2024-05-30 03:50:55'),(1088,'Reengus','30','2024-05-30 03:50:55'),(1089,'Sawantwadi','23','2024-05-30 03:50:55'),(1090,'Tittakudi','32','2024-05-30 03:50:55'),(1091,'Lilong','24','2024-05-30 03:50:55'),(1092,'Rajaldesar','30','2024-05-30 03:50:55'),(1093,'Pathardi','23','2024-05-30 03:50:55'),(1094,'Achhnera','35','2024-05-30 03:50:55'),(1095,'Pacode','32','2024-05-30 03:50:55'),(1096,'Naraura','35','2024-05-30 03:50:55'),(1097,'Nakur','35','2024-05-30 03:50:55'),(1098,'Palai','21','2024-05-30 03:50:55'),(1099,'Morinda, India','29','2024-05-30 03:50:55'),(1100,'Manasa','22','2024-05-30 03:50:55'),(1101,'Nainpur','22','2024-05-30 03:50:55'),(1102,'Sahaspur','35','2024-05-30 03:50:55'),(1103,'Pauni','23','2024-05-30 03:50:55'),(1104,'Prithvipur','22','2024-05-30 03:50:55'),(1105,'Ramtek','23','2024-05-30 03:50:55'),(1106,'Silapathar','11','2024-05-30 03:50:55'),(1107,'Songadh','15','2024-05-30 03:50:55'),(1108,'Safipur','35','2024-05-30 03:50:55'),(1109,'Sohagpur','22','2024-05-30 03:50:55'),(1110,'Mul','23','2024-05-30 03:50:55'),(1111,'Sadulshahar','30','2024-05-30 03:50:55'),(1112,'Phillaur','29','2024-05-30 03:50:55'),(1113,'Sambhar','30','2024-05-30 03:50:55'),(1114,'Prantij','30','2024-05-30 03:50:55'),(1115,'Nagla','36','2024-05-30 03:50:55'),(1116,'Pattran','29','2024-05-30 03:50:55'),(1117,'Mount Abu','30','2024-05-30 03:50:55'),(1118,'Reoti','35','2024-05-30 03:50:55'),(1119,'Tenu dam-cum-Kathhara','19','2024-05-30 03:50:55'),(1120,'Panchla','37','2024-05-30 03:50:55'),(1121,'Sitarganj','36','2024-05-30 03:50:55'),(1122,'Pasighat','10','2024-05-30 03:50:55'),(1123,'Motipur','12','2024-05-30 03:50:55'),(1124,'O\' Valley','32','2024-05-30 03:50:55'),(1125,'Raghunathpur','37','2024-05-30 03:50:55'),(1126,'Suriyampalayam','32','2024-05-30 03:50:55'),(1127,'Qadian','29','2024-05-30 03:50:55'),(1128,'Rairangpur','28','2024-05-30 03:50:55'),(1129,'Silvassa','4','2024-05-30 03:50:55'),(1130,'Nowrozabad (Khodargama)','22','2024-05-30 03:50:55'),(1132,'Soyagaon','23','2024-05-30 03:50:55'),(1133,'Sujanpur','29','2024-05-30 03:50:55'),(1134,'Manihari','12','2024-05-30 03:50:55'),(1135,'Sikanderpur','35','2024-05-30 03:50:55'),(1136,'Mangalvedhe','23','2024-05-30 03:50:55'),(1137,'Phulera','30','2024-05-30 03:50:55'),(1138,'Ron','20','2024-05-30 03:50:55'),(1139,'Sholavandan','32','2024-05-30 03:50:55'),(1140,'Saidpur','35','2024-05-30 03:50:55'),(1141,'Shamgarh','22','2024-05-30 03:50:55'),(1142,'Thammampatti','32','2024-05-30 03:50:55'),(1143,'Maharajpur','22','2024-05-30 03:50:55'),(1144,'Multai','22','2024-05-30 03:50:55'),(1145,'Mukerian','29','2024-05-30 03:50:55'),(1147,'Purwa','35','2024-05-30 03:50:55'),(1148,'Sheohar','12','2024-05-30 03:50:55'),(1149,'Namagiripettai','32','2024-05-30 03:50:55'),(1150,'Parasi','35','2024-05-30 03:50:55'),(1151,'Lathi','15','2024-05-30 03:50:55'),(1153,'Narkhed','23','2024-05-30 03:50:55'),(1154,'Mathabhanga','37','2024-05-30 03:50:55'),(1155,'Shendurjana','23','2024-05-30 03:50:55'),(1156,'Peravurani','32','2024-05-30 03:50:55'),(1157,'Mariani','11','2024-05-30 03:50:55'),(1158,'Phulpur','35','2024-05-30 03:50:55'),(1159,'Rania','16','2024-05-30 03:50:55'),(1161,'Pachore','22','2024-05-30 03:50:55'),(1162,'Parangipettai','32','2024-05-30 03:50:55'),(1163,'Pudupattinam','32','2024-05-30 03:50:55'),(1164,'Panniyannur','21','2024-05-30 03:50:55'),(1165,'Maharajganj','12','2024-05-30 03:50:55'),(1166,'Rau','22','2024-05-30 03:50:55'),(1167,'Monoharpur','37','2024-05-30 03:50:55'),(1168,'Mandawa','30','2024-05-30 03:50:55'),(1169,'Marigaon','11','2024-05-30 03:50:55'),(1170,'Pallikonda','32','2024-05-30 03:50:55'),(1171,'Pindwara','30','2024-05-30 03:50:55'),(1172,'Shishgarh','35','2024-05-30 03:50:55'),(1173,'Patur','23','2024-05-30 03:50:55'),(1174,'Mayang Imphal','24','2024-05-30 03:50:55'),(1175,'Mhowgaon','22','2024-05-30 03:50:55'),(1176,'Guruvayoor','21','2024-05-30 03:50:55'),(1177,'Mhaswad','23','2024-05-30 03:50:55'),(1178,'Sahawar','35','2024-05-30 03:50:55'),(1179,'Sivagiri','32','2024-05-30 03:50:55'),(1180,'Mundargi','20','2024-05-30 03:50:55'),(1181,'Punjaipugalur','32','2024-05-30 03:50:55'),(1182,'Kailasahar','34','2024-05-30 03:50:55'),(1183,'Samthar','35','2024-05-30 03:50:55'),(1184,'Sakti','11','2024-05-30 03:50:55'),(1185,'Sadalagi','20','2024-05-30 03:50:55'),(1186,'Silao','12','2024-05-30 03:50:55'),(1187,'Mandalgarh','30','2024-05-30 03:50:55'),(1188,'Loha','23','2024-05-30 03:50:55'),(1189,'Pukhrayan','35','2024-05-30 03:50:55'),(1190,'Padmanabhapuram','32','2024-05-30 03:50:55'),(1191,'Belonia','34','2024-05-30 03:50:55'),(1192,'Saiha','26','2024-05-30 03:50:55'),(1193,'Srirampore','37','2024-05-30 03:50:55'),(1194,'Talwara','29','2024-05-30 03:50:55'),(1195,'Puthuppally','21','2024-05-30 03:50:55'),(1196,'Khowai','34','2024-05-30 03:50:55'),(1197,'Vijaypur','22','2024-05-30 03:50:55'),(1198,'Takhatgarh','30','2024-05-30 03:50:55'),(1199,'Thirupuvanam','32','2024-05-30 03:50:55'),(1200,'Adra','37','2024-05-30 03:50:55'),(1201,'Piriyapatna','20','2024-05-30 03:50:55'),(1202,'Obra','35','2024-05-30 03:50:55'),(1203,'Adalaj','15','2024-05-30 03:50:55'),(1204,'Nandgaon','23','2024-05-30 03:50:55'),(1205,'Barh','12','2024-05-30 03:50:55'),(1207,'Panamattom','21','2024-05-30 03:50:55'),(1208,'Niwai','35','2024-05-30 03:50:55'),(1209,'Bageshwar','36','2024-05-30 03:50:55'),(1210,'Tarbha','28','2024-05-30 03:50:55'),(1211,'Adyar','20','2024-05-30 03:50:55'),(1213,'Warud','23','2024-05-30 03:50:55'),(1214,'Asarganj','12','2024-05-30 03:50:55'),(1215,'Sarsod','16','2024-05-30 03:50:55'),(1216,'Gandhinagar','15','2024-05-30 03:50:55'),(1217,'Kullu','Himachal Pradesh','2024-05-30 03:50:55'),(1218,'Manali','Himachal Praddesh','2024-05-30 03:50:55'),(1219,'Mirzapur','Uttar Pradesh','2024-05-30 03:50:55'),(1220,'Kota','Rajasthan','2024-05-30 03:50:55'),(1221,'Dispur','Assam','2024-05-30 03:50:55');
/*!40000 ALTER TABLE `city` ENABLE KEYS */;
UNLOCK TABLES;

--
-- Table structure for table `client`
--

DROP TABLE IF EXISTS `client`;
/*!40101 SET @saved_cs_client     = @@character_set_client */;
/*!50503 SET character_set_client = utf8mb4 */;
CREATE TABLE `client` (
  `id` int NOT NULL AUTO_INCREMENT,
  `name` varchar(45) DEFAULT NULL,
  `state` int DEFAULT NULL,
  `city` int DEFAULT NULL,
  `address` varchar(45) DEFAULT NULL,
  `userId` int DEFAULT NULL,
  `created_at` datetime DEFAULT CURRENT_TIMESTAMP,
  `updated_at` datetime DEFAULT NULL,
  PRIMARY KEY (`id`),
  UNIQUE KEY `id_UNIQUE` (`id`)
) ENGINE=InnoDB AUTO_INCREMENT=2 DEFAULT CHARSET=utf8mb4 COLLATE=utf8mb4_0900_ai_ci;
/*!40101 SET character_set_client = @saved_cs_client */;

--
-- Dumping data for table `client`
--

LOCK TABLES `client` WRITE;
/*!40000 ALTER TABLE `client` DISABLE KEYS */;
INSERT INTO `client` VALUES (1,'Pooja',3,44,'Worli',30,'2024-06-16 01:45:29',NULL);
/*!40000 ALTER TABLE `client` ENABLE KEYS */;
UNLOCK TABLES;

--
-- Table structure for table `compaign`
--

DROP TABLE IF EXISTS `compaign`;
/*!40101 SET @saved_cs_client     = @@character_set_client */;
/*!50503 SET character_set_client = utf8mb4 */;
CREATE TABLE `compaign` (
  `id` int NOT NULL AUTO_INCREMENT,
  `name` varchar(45) NOT NULL,
  `state` int NOT NULL,
  `city` int NOT NULL,
  `network` int NOT NULL,
  `channels` varchar(500) NOT NULL,
  `product` varchar(500) DEFAULT NULL,
  `brand` varchar(500) DEFAULT NULL,
  `start_date` varchar(50) DEFAULT NULL,
  `end_date` varchar(50) DEFAULT NULL,
  `slot_type` varchar(45) NOT NULL DEFAULT 'S',
  `created_at` datetime DEFAULT CURRENT_TIMESTAMP,
  `updated_at` varchar(45) DEFAULT NULL,
  `duration` int NOT NULL DEFAULT '0',
  `slotCount` int NOT NULL DEFAULT '0',
  `client` int NOT NULL,
  `isApproved` int NOT NULL DEFAULT '0',
  PRIMARY KEY (`id`),
  UNIQUE KEY `id_UNIQUE` (`id`),
  UNIQUE KEY `name_UNIQUE` (`name`)
) ENGINE=InnoDB AUTO_INCREMENT=11 DEFAULT CHARSET=utf8mb4 COLLATE=utf8mb4_0900_ai_ci;
/*!40101 SET character_set_client = @saved_cs_client */;

--
-- Dumping data for table `compaign`
--

LOCK TABLES `compaign` WRITE;
/*!40000 ALTER TABLE `compaign` DISABLE KEYS */;
INSERT INTO `compaign` VALUES (1,'Compaign One',23,1,7,'14,15','Product 1','Brand 1','2024-07-01','2024-07-05','S','2024-07-04 15:31:42',NULL,20,20,1,1),(2,'Compaign Two',23,1,7,'14,15','Product 2','Brand 2','2024-07-01','2024-07-05','S','2024-07-04 15:32:15',NULL,20,20,1,1),(3,'Compaign Three',23,1,7,'14,15','Product 3','Brand 3','2024-07-01','2024-07-05','S','2024-07-04 15:32:42',NULL,20,20,1,1),(4,'Compaign Four',23,1,7,'14,15','Product 4','Brand 4','2024-07-01','2024-07-05','S','2024-07-04 15:33:20',NULL,20,20,1,1),(5,'Compaign Five',23,1,7,'14,15','Product 5','Brand 5','2024-07-01','2024-07-05','S','2024-07-04 16:11:36',NULL,20,20,1,1),(6,'Compaign Six',23,1,7,'14,15','Product 6','Brand 6','2024-07-01','2024-07-05','S','2024-07-04 16:12:23',NULL,20,20,1,1),(7,'Compaign Seven',23,1,7,'14,15','Product 7','Brand 7','2024-07-01','2024-07-05','S','2024-07-04 16:14:48',NULL,20,20,1,1),(8,'Compaign Eight',23,1,7,'14,15','Product 8','Brand 8','2024-07-01','2024-07-05','S','2024-07-04 16:15:25',NULL,20,20,1,1),(9,'Compaign Nine',23,1,7,'14,15','Product 9','Brand 9','2024-07-01','2024-07-05','S','2024-07-04 16:16:00',NULL,20,20,1,1),(10,'Compaign Ten',23,1,7,'14,15','Product 10','Brand 10','2024-07-01','2024-07-05','S','2024-07-04 16:16:31',NULL,20,20,1,1);
/*!40000 ALTER TABLE `compaign` ENABLE KEYS */;
UNLOCK TABLES;

--
-- Table structure for table `network`
--

DROP TABLE IF EXISTS `network`;
/*!40101 SET @saved_cs_client     = @@character_set_client */;
/*!50503 SET character_set_client = utf8mb4 */;
CREATE TABLE `network` (
  `id` int NOT NULL AUTO_INCREMENT,
  `name` varchar(45) NOT NULL,
  `state` int DEFAULT NULL,
  `city` int DEFAULT NULL,
  `channels` varchar(500) NOT NULL,
  `created_at` datetime DEFAULT CURRENT_TIMESTAMP,
  `updated_at` varchar(45) DEFAULT NULL,
  PRIMARY KEY (`id`),
  UNIQUE KEY `id_UNIQUE` (`id`)
) ENGINE=InnoDB AUTO_INCREMENT=8 DEFAULT CHARSET=utf8mb4 COLLATE=utf8mb4_0900_ai_ci;
/*!40101 SET character_set_client = @saved_cs_client */;

--
-- Dumping data for table `network`
--

LOCK TABLES `network` WRITE;
/*!40000 ALTER TABLE `network` DISABLE KEYS */;
INSERT INTO `network` VALUES (1,'Network 1',6,143,'1','2024-06-10 03:52:49',NULL),(2,'Network 2',6,143,'1,9,10','2024-06-10 03:53:48',NULL),(3,'Network 3',8,380,'3','2024-06-10 04:05:17',NULL),(5,'Network 1',3,44,'13','2024-06-15 16:36:59',NULL),(6,'Network MH',23,1,'12,14,15','2024-06-20 16:08:40',NULL),(7,'Network New',23,1,'14,15','2024-06-26 14:35:12',NULL);
/*!40000 ALTER TABLE `network` ENABLE KEYS */;
UNLOCK TABLES;

--
-- Table structure for table `slots`
--

DROP TABLE IF EXISTS `slots`;
/*!40101 SET @saved_cs_client     = @@character_set_client */;
/*!50503 SET character_set_client = utf8mb4 */;
CREATE TABLE `slots` (
  `id` int NOT NULL AUTO_INCREMENT,
  `start_time` time DEFAULT NULL,
  `end_time` time DEFAULT NULL,
  `compaignId` varchar(45) NOT NULL,
  `created_at` datetime DEFAULT CURRENT_TIMESTAMP,
  `updated_at` varchar(45) DEFAULT NULL,
  `date` date NOT NULL,
  `network` int DEFAULT NULL,
  `channels` varchar(45) DEFAULT NULL,
  `duration` int DEFAULT NULL,
  PRIMARY KEY (`id`)
) ENGINE=InnoDB AUTO_INCREMENT=2001 DEFAULT CHARSET=utf8mb4 COLLATE=utf8mb4_0900_ai_ci;
/*!40101 SET character_set_client = @saved_cs_client */;

--
-- Dumping data for table `slots`
--

LOCK TABLES `slots` WRITE;
/*!40000 ALTER TABLE `slots` DISABLE KEYS */;
INSERT INTO `slots` VALUES (1,'06:01:26','06:01:46','1','2024-07-04 15:31:42',NULL,'2024-07-01',7,'14',20),(2,'06:52:46','06:53:06','1','2024-07-04 15:31:42',NULL,'2024-07-01',7,'14',20),(3,'07:44:06','07:44:26','1','2024-07-04 15:31:42',NULL,'2024-07-01',7,'14',20),(4,'08:35:26','08:35:46','1','2024-07-04 15:31:42',NULL,'2024-07-01',7,'14',20),(5,'09:26:46','09:27:06','1','2024-07-04 15:31:42',NULL,'2024-07-01',7,'14',20),(6,'10:18:06','10:18:26','1','2024-07-04 15:31:42',NULL,'2024-07-01',7,'14',20),(7,'11:09:26','11:09:46','1','2024-07-04 15:31:42',NULL,'2024-07-01',7,'14',20),(8,'12:00:46','12:01:06','1','2024-07-04 15:31:42',NULL,'2024-07-01',7,'14',20),(9,'12:52:06','12:52:26','1','2024-07-04 15:31:42',NULL,'2024-07-01',7,'14',20),(10,'13:43:26','13:43:46','1','2024-07-04 15:31:42',NULL,'2024-07-01',7,'14',20),(11,'14:34:46','14:35:06','1','2024-07-04 15:31:42',NULL,'2024-07-01',7,'14',20),(12,'15:26:06','15:26:26','1','2024-07-04 15:31:42',NULL,'2024-07-01',7,'14',20),(13,'16:17:26','16:17:46','1','2024-07-04 15:31:42',NULL,'2024-07-01',7,'14',20),(14,'17:08:46','17:09:06','1','2024-07-04 15:31:42',NULL,'2024-07-01',7,'14',20),(15,'18:00:06','18:00:26','1','2024-07-04 15:31:42',NULL,'2024-07-01',7,'14',20),(16,'18:51:26','18:51:46','1','2024-07-04 15:31:42',NULL,'2024-07-01',7,'14',20),(17,'19:42:46','19:43:06','1','2024-07-04 15:31:42',NULL,'2024-07-01',7,'14',20),(18,'20:34:06','20:34:26','1','2024-07-04 15:31:42',NULL,'2024-07-01',7,'14',20),(19,'21:25:26','21:25:46','1','2024-07-04 15:31:42',NULL,'2024-07-01',7,'14',20),(20,'22:16:46','22:17:06','1','2024-07-04 15:31:42',NULL,'2024-07-01',7,'14',20),(21,'06:03:46','06:04:06','1','2024-07-04 15:31:42',NULL,'2024-07-02',7,'14',20),(22,'06:55:06','06:55:26','1','2024-07-04 15:31:42',NULL,'2024-07-02',7,'14',20),(23,'07:46:26','07:46:46','1','2024-07-04 15:31:42',NULL,'2024-07-02',7,'14',20),(24,'08:37:46','08:38:06','1','2024-07-04 15:31:42',NULL,'2024-07-02',7,'14',20),(25,'09:29:06','09:29:26','1','2024-07-04 15:31:42',NULL,'2024-07-02',7,'14',20),(26,'10:20:26','10:20:46','1','2024-07-04 15:31:42',NULL,'2024-07-02',7,'14',20),(27,'11:11:46','11:12:06','1','2024-07-04 15:31:42',NULL,'2024-07-02',7,'14',20),(28,'12:03:06','12:03:26','1','2024-07-04 15:31:42',NULL,'2024-07-02',7,'14',20),(29,'12:54:26','12:54:46','1','2024-07-04 15:31:42',NULL,'2024-07-02',7,'14',20),(30,'13:45:46','13:46:06','1','2024-07-04 15:31:42',NULL,'2024-07-02',7,'14',20),(31,'14:37:06','14:37:26','1','2024-07-04 15:31:42',NULL,'2024-07-02',7,'14',20),(32,'15:28:26','15:28:46','1','2024-07-04 15:31:42',NULL,'2024-07-02',7,'14',20),(33,'16:19:46','16:20:06','1','2024-07-04 15:31:42',NULL,'2024-07-02',7,'14',20),(34,'17:11:06','17:11:26','1','2024-07-04 15:31:42',NULL,'2024-07-02',7,'14',20),(35,'18:02:26','18:02:46','1','2024-07-04 15:31:42',NULL,'2024-07-02',7,'14',20),(36,'18:53:46','18:54:06','1','2024-07-04 15:31:42',NULL,'2024-07-02',7,'14',20),(37,'19:45:06','19:45:26','1','2024-07-04 15:31:42',NULL,'2024-07-02',7,'14',20),(38,'20:36:26','20:36:46','1','2024-07-04 15:31:42',NULL,'2024-07-02',7,'14',20),(39,'21:27:46','21:28:06','1','2024-07-04 15:31:42',NULL,'2024-07-02',7,'14',20),(40,'22:19:06','22:19:26','1','2024-07-04 15:31:42',NULL,'2024-07-02',7,'14',20),(41,'06:01:18','06:01:38','1','2024-07-04 15:31:42',NULL,'2024-07-03',7,'14',20),(42,'06:52:38','06:52:58','1','2024-07-04 15:31:42',NULL,'2024-07-03',7,'14',20),(43,'07:43:58','07:44:18','1','2024-07-04 15:31:42',NULL,'2024-07-03',7,'14',20),(44,'08:35:18','08:35:38','1','2024-07-04 15:31:42',NULL,'2024-07-03',7,'14',20),(45,'09:26:38','09:26:58','1','2024-07-04 15:31:42',NULL,'2024-07-03',7,'14',20),(46,'10:17:58','10:18:18','1','2024-07-04 15:31:42',NULL,'2024-07-03',7,'14',20),(47,'11:09:18','11:09:38','1','2024-07-04 15:31:42',NULL,'2024-07-03',7,'14',20),(48,'12:00:38','12:00:58','1','2024-07-04 15:31:42',NULL,'2024-07-03',7,'14',20),(49,'12:51:58','12:52:18','1','2024-07-04 15:31:42',NULL,'2024-07-03',7,'14',20),(50,'13:43:18','13:43:38','1','2024-07-04 15:31:42',NULL,'2024-07-03',7,'14',20),(51,'14:34:38','14:34:58','1','2024-07-04 15:31:42',NULL,'2024-07-03',7,'14',20),(52,'15:25:58','15:26:18','1','2024-07-04 15:31:42',NULL,'2024-07-03',7,'14',20),(53,'16:17:18','16:17:38','1','2024-07-04 15:31:42',NULL,'2024-07-03',7,'14',20),(54,'17:08:38','17:08:58','1','2024-07-04 15:31:42',NULL,'2024-07-03',7,'14',20),(55,'17:59:58','18:00:18','1','2024-07-04 15:31:42',NULL,'2024-07-03',7,'14',20),(56,'18:51:18','18:51:38','1','2024-07-04 15:31:42',NULL,'2024-07-03',7,'14',20),(57,'19:42:38','19:42:58','1','2024-07-04 15:31:42',NULL,'2024-07-03',7,'14',20),(58,'20:33:58','20:34:18','1','2024-07-04 15:31:42',NULL,'2024-07-03',7,'14',20),(59,'21:25:18','21:25:38','1','2024-07-04 15:31:42',NULL,'2024-07-03',7,'14',20),(60,'22:16:38','22:16:58','1','2024-07-04 15:31:42',NULL,'2024-07-03',7,'14',20),(61,'06:03:44','06:04:04','1','2024-07-04 15:31:42',NULL,'2024-07-04',7,'14',20),(62,'06:55:04','06:55:24','1','2024-07-04 15:31:42',NULL,'2024-07-04',7,'14',20),(63,'07:46:24','07:46:44','1','2024-07-04 15:31:42',NULL,'2024-07-04',7,'14',20),(64,'08:37:44','08:38:04','1','2024-07-04 15:31:42',NULL,'2024-07-04',7,'14',20),(65,'09:29:04','09:29:24','1','2024-07-04 15:31:42',NULL,'2024-07-04',7,'14',20),(66,'10:20:24','10:20:44','1','2024-07-04 15:31:42',NULL,'2024-07-04',7,'14',20),(67,'11:11:44','11:12:04','1','2024-07-04 15:31:42',NULL,'2024-07-04',7,'14',20),(68,'12:03:04','12:03:24','1','2024-07-04 15:31:42',NULL,'2024-07-04',7,'14',20),(69,'12:54:24','12:54:44','1','2024-07-04 15:31:42',NULL,'2024-07-04',7,'14',20),(70,'13:45:44','13:46:04','1','2024-07-04 15:31:42',NULL,'2024-07-04',7,'14',20),(71,'14:37:04','14:37:24','1','2024-07-04 15:31:42',NULL,'2024-07-04',7,'14',20),(72,'15:28:24','15:28:44','1','2024-07-04 15:31:42',NULL,'2024-07-04',7,'14',20),(73,'16:19:44','16:20:04','1','2024-07-04 15:31:42',NULL,'2024-07-04',7,'14',20),(74,'17:11:04','17:11:24','1','2024-07-04 15:31:42',NULL,'2024-07-04',7,'14',20),(75,'18:02:24','18:02:44','1','2024-07-04 15:31:42',NULL,'2024-07-04',7,'14',20),(76,'18:53:44','18:54:04','1','2024-07-04 15:31:42',NULL,'2024-07-04',7,'14',20),(77,'19:45:04','19:45:24','1','2024-07-04 15:31:42',NULL,'2024-07-04',7,'14',20),(78,'20:36:24','20:36:44','1','2024-07-04 15:31:42',NULL,'2024-07-04',7,'14',20),(79,'21:27:44','21:28:04','1','2024-07-04 15:31:42',NULL,'2024-07-04',7,'14',20),(80,'22:19:04','22:19:24','1','2024-07-04 15:31:42',NULL,'2024-07-04',7,'14',20),(81,'06:02:50','06:03:10','1','2024-07-04 15:31:42',NULL,'2024-07-05',7,'14',20),(82,'06:54:10','06:54:30','1','2024-07-04 15:31:42',NULL,'2024-07-05',7,'14',20),(83,'07:45:30','07:45:50','1','2024-07-04 15:31:42',NULL,'2024-07-05',7,'14',20),(84,'08:36:50','08:37:10','1','2024-07-04 15:31:42',NULL,'2024-07-05',7,'14',20),(85,'09:28:10','09:28:30','1','2024-07-04 15:31:42',NULL,'2024-07-05',7,'14',20),(86,'10:19:30','10:19:50','1','2024-07-04 15:31:42',NULL,'2024-07-05',7,'14',20),(87,'11:10:50','11:11:10','1','2024-07-04 15:31:42',NULL,'2024-07-05',7,'14',20),(88,'12:02:10','12:02:30','1','2024-07-04 15:31:42',NULL,'2024-07-05',7,'14',20),(89,'12:53:30','12:53:50','1','2024-07-04 15:31:42',NULL,'2024-07-05',7,'14',20),(90,'13:44:50','13:45:10','1','2024-07-04 15:31:42',NULL,'2024-07-05',7,'14',20),(91,'14:36:10','14:36:30','1','2024-07-04 15:31:42',NULL,'2024-07-05',7,'14',20),(92,'15:27:30','15:27:50','1','2024-07-04 15:31:42',NULL,'2024-07-05',7,'14',20),(93,'16:18:50','16:19:10','1','2024-07-04 15:31:42',NULL,'2024-07-05',7,'14',20),(94,'17:10:10','17:10:30','1','2024-07-04 15:31:42',NULL,'2024-07-05',7,'14',20),(95,'18:01:30','18:01:50','1','2024-07-04 15:31:42',NULL,'2024-07-05',7,'14',20),(96,'18:52:50','18:53:10','1','2024-07-04 15:31:42',NULL,'2024-07-05',7,'14',20),(97,'19:44:10','19:44:30','1','2024-07-04 15:31:42',NULL,'2024-07-05',7,'14',20),(98,'20:35:30','20:35:50','1','2024-07-04 15:31:42',NULL,'2024-07-05',7,'14',20),(99,'21:26:50','21:27:10','1','2024-07-04 15:31:42',NULL,'2024-07-05',7,'14',20),(100,'22:18:10','22:18:30','1','2024-07-04 15:31:42',NULL,'2024-07-05',7,'14',20),(101,'06:03:56','06:04:16','1','2024-07-04 15:31:42',NULL,'2024-07-01',7,'15',20),(102,'06:55:16','06:55:36','1','2024-07-04 15:31:42',NULL,'2024-07-01',7,'15',20),(103,'07:46:36','07:46:56','1','2024-07-04 15:31:42',NULL,'2024-07-01',7,'15',20),(104,'08:37:56','08:38:16','1','2024-07-04 15:31:42',NULL,'2024-07-01',7,'15',20),(105,'09:29:16','09:29:36','1','2024-07-04 15:31:42',NULL,'2024-07-01',7,'15',20),(106,'10:20:36','10:20:56','1','2024-07-04 15:31:42',NULL,'2024-07-01',7,'15',20),(107,'11:11:56','11:12:16','1','2024-07-04 15:31:42',NULL,'2024-07-01',7,'15',20),(108,'12:03:16','12:03:36','1','2024-07-04 15:31:42',NULL,'2024-07-01',7,'15',20),(109,'12:54:36','12:54:56','1','2024-07-04 15:31:42',NULL,'2024-07-01',7,'15',20),(110,'13:45:56','13:46:16','1','2024-07-04 15:31:42',NULL,'2024-07-01',7,'15',20),(111,'14:37:16','14:37:36','1','2024-07-04 15:31:42',NULL,'2024-07-01',7,'15',20),(112,'15:28:36','15:28:56','1','2024-07-04 15:31:42',NULL,'2024-07-01',7,'15',20),(113,'16:19:56','16:20:16','1','2024-07-04 15:31:42',NULL,'2024-07-01',7,'15',20),(114,'17:11:16','17:11:36','1','2024-07-04 15:31:42',NULL,'2024-07-01',7,'15',20),(115,'18:02:36','18:02:56','1','2024-07-04 15:31:42',NULL,'2024-07-01',7,'15',20),(116,'18:53:56','18:54:16','1','2024-07-04 15:31:42',NULL,'2024-07-01',7,'15',20),(117,'19:45:16','19:45:36','1','2024-07-04 15:31:42',NULL,'2024-07-01',7,'15',20),(118,'20:36:36','20:36:56','1','2024-07-04 15:31:42',NULL,'2024-07-01',7,'15',20),(119,'21:27:56','21:28:16','1','2024-07-04 15:31:42',NULL,'2024-07-01',7,'15',20),(120,'22:19:16','22:19:36','1','2024-07-04 15:31:42',NULL,'2024-07-01',7,'15',20),(121,'06:01:31','06:01:51','1','2024-07-04 15:31:42',NULL,'2024-07-02',7,'15',20),(122,'06:52:51','06:53:11','1','2024-07-04 15:31:42',NULL,'2024-07-02',7,'15',20),(123,'07:44:11','07:44:31','1','2024-07-04 15:31:42',NULL,'2024-07-02',7,'15',20),(124,'08:35:31','08:35:51','1','2024-07-04 15:31:42',NULL,'2024-07-02',7,'15',20),(125,'09:26:51','09:27:11','1','2024-07-04 15:31:42',NULL,'2024-07-02',7,'15',20),(126,'10:18:11','10:18:31','1','2024-07-04 15:31:42',NULL,'2024-07-02',7,'15',20),(127,'11:09:31','11:09:51','1','2024-07-04 15:31:42',NULL,'2024-07-02',7,'15',20),(128,'12:00:51','12:01:11','1','2024-07-04 15:31:42',NULL,'2024-07-02',7,'15',20),(129,'12:52:11','12:52:31','1','2024-07-04 15:31:42',NULL,'2024-07-02',7,'15',20),(130,'13:43:31','13:43:51','1','2024-07-04 15:31:42',NULL,'2024-07-02',7,'15',20),(131,'14:34:51','14:35:11','1','2024-07-04 15:31:42',NULL,'2024-07-02',7,'15',20),(132,'15:26:11','15:26:31','1','2024-07-04 15:31:42',NULL,'2024-07-02',7,'15',20),(133,'16:17:31','16:17:51','1','2024-07-04 15:31:42',NULL,'2024-07-02',7,'15',20),(134,'17:08:51','17:09:11','1','2024-07-04 15:31:42',NULL,'2024-07-02',7,'15',20),(135,'18:00:11','18:00:31','1','2024-07-04 15:31:42',NULL,'2024-07-02',7,'15',20),(136,'18:51:31','18:51:51','1','2024-07-04 15:31:42',NULL,'2024-07-02',7,'15',20),(137,'19:42:51','19:43:11','1','2024-07-04 15:31:42',NULL,'2024-07-02',7,'15',20),(138,'20:34:11','20:34:31','1','2024-07-04 15:31:42',NULL,'2024-07-02',7,'15',20),(139,'21:25:31','21:25:51','1','2024-07-04 15:31:42',NULL,'2024-07-02',7,'15',20),(140,'22:16:51','22:17:11','1','2024-07-04 15:31:42',NULL,'2024-07-02',7,'15',20),(141,'06:02:36','06:02:56','1','2024-07-04 15:31:42',NULL,'2024-07-03',7,'15',20),(142,'06:53:56','06:54:16','1','2024-07-04 15:31:42',NULL,'2024-07-03',7,'15',20),(143,'07:45:16','07:45:36','1','2024-07-04 15:31:42',NULL,'2024-07-03',7,'15',20),(144,'08:36:36','08:36:56','1','2024-07-04 15:31:42',NULL,'2024-07-03',7,'15',20),(145,'09:27:56','09:28:16','1','2024-07-04 15:31:42',NULL,'2024-07-03',7,'15',20),(146,'10:19:16','10:19:36','1','2024-07-04 15:31:42',NULL,'2024-07-03',7,'15',20),(147,'11:10:36','11:10:56','1','2024-07-04 15:31:42',NULL,'2024-07-03',7,'15',20),(148,'12:01:56','12:02:16','1','2024-07-04 15:31:42',NULL,'2024-07-03',7,'15',20),(149,'12:53:16','12:53:36','1','2024-07-04 15:31:42',NULL,'2024-07-03',7,'15',20),(150,'13:44:36','13:44:56','1','2024-07-04 15:31:42',NULL,'2024-07-03',7,'15',20),(151,'14:35:56','14:36:16','1','2024-07-04 15:31:42',NULL,'2024-07-03',7,'15',20),(152,'15:27:16','15:27:36','1','2024-07-04 15:31:42',NULL,'2024-07-03',7,'15',20),(153,'16:18:36','16:18:56','1','2024-07-04 15:31:42',NULL,'2024-07-03',7,'15',20),(154,'17:09:56','17:10:16','1','2024-07-04 15:31:42',NULL,'2024-07-03',7,'15',20),(155,'18:01:16','18:01:36','1','2024-07-04 15:31:42',NULL,'2024-07-03',7,'15',20),(156,'18:52:36','18:52:56','1','2024-07-04 15:31:42',NULL,'2024-07-03',7,'15',20),(157,'19:43:56','19:44:16','1','2024-07-04 15:31:42',NULL,'2024-07-03',7,'15',20),(158,'20:35:16','20:35:36','1','2024-07-04 15:31:42',NULL,'2024-07-03',7,'15',20),(159,'21:26:36','21:26:56','1','2024-07-04 15:31:42',NULL,'2024-07-03',7,'15',20),(160,'22:17:56','22:18:16','1','2024-07-04 15:31:42',NULL,'2024-07-03',7,'15',20),(161,'06:01:10','06:01:30','1','2024-07-04 15:31:42',NULL,'2024-07-04',7,'15',20),(162,'06:52:30','06:52:50','1','2024-07-04 15:31:42',NULL,'2024-07-04',7,'15',20),(163,'07:43:50','07:44:10','1','2024-07-04 15:31:42',NULL,'2024-07-04',7,'15',20),(164,'08:35:10','08:35:30','1','2024-07-04 15:31:42',NULL,'2024-07-04',7,'15',20),(165,'09:26:30','09:26:50','1','2024-07-04 15:31:42',NULL,'2024-07-04',7,'15',20),(166,'10:17:50','10:18:10','1','2024-07-04 15:31:42',NULL,'2024-07-04',7,'15',20),(167,'11:09:10','11:09:30','1','2024-07-04 15:31:42',NULL,'2024-07-04',7,'15',20),(168,'12:00:30','12:00:50','1','2024-07-04 15:31:42',NULL,'2024-07-04',7,'15',20),(169,'12:51:50','12:52:10','1','2024-07-04 15:31:42',NULL,'2024-07-04',7,'15',20),(170,'13:43:10','13:43:30','1','2024-07-04 15:31:42',NULL,'2024-07-04',7,'15',20),(171,'14:34:30','14:34:50','1','2024-07-04 15:31:42',NULL,'2024-07-04',7,'15',20),(172,'15:25:50','15:26:10','1','2024-07-04 15:31:42',NULL,'2024-07-04',7,'15',20),(173,'16:17:10','16:17:30','1','2024-07-04 15:31:42',NULL,'2024-07-04',7,'15',20),(174,'17:08:30','17:08:50','1','2024-07-04 15:31:42',NULL,'2024-07-04',7,'15',20),(175,'17:59:50','18:00:10','1','2024-07-04 15:31:42',NULL,'2024-07-04',7,'15',20),(176,'18:51:10','18:51:30','1','2024-07-04 15:31:42',NULL,'2024-07-04',7,'15',20),(177,'19:42:30','19:42:50','1','2024-07-04 15:31:42',NULL,'2024-07-04',7,'15',20),(178,'20:33:50','20:34:10','1','2024-07-04 15:31:42',NULL,'2024-07-04',7,'15',20),(179,'21:25:10','21:25:30','1','2024-07-04 15:31:42',NULL,'2024-07-04',7,'15',20),(180,'22:16:30','22:16:50','1','2024-07-04 15:31:42',NULL,'2024-07-04',7,'15',20),(181,'06:01:40','06:02:00','1','2024-07-04 15:31:42',NULL,'2024-07-05',7,'15',20),(182,'06:53:00','06:53:20','1','2024-07-04 15:31:42',NULL,'2024-07-05',7,'15',20),(183,'07:44:20','07:44:40','1','2024-07-04 15:31:42',NULL,'2024-07-05',7,'15',20),(184,'08:35:40','08:36:00','1','2024-07-04 15:31:42',NULL,'2024-07-05',7,'15',20),(185,'09:27:00','09:27:20','1','2024-07-04 15:31:42',NULL,'2024-07-05',7,'15',20),(186,'10:18:20','10:18:40','1','2024-07-04 15:31:42',NULL,'2024-07-05',7,'15',20),(187,'11:09:40','11:10:00','1','2024-07-04 15:31:42',NULL,'2024-07-05',7,'15',20),(188,'12:01:00','12:01:20','1','2024-07-04 15:31:42',NULL,'2024-07-05',7,'15',20),(189,'12:52:20','12:52:40','1','2024-07-04 15:31:42',NULL,'2024-07-05',7,'15',20),(190,'13:43:40','13:44:00','1','2024-07-04 15:31:42',NULL,'2024-07-05',7,'15',20),(191,'14:35:00','14:35:20','1','2024-07-04 15:31:42',NULL,'2024-07-05',7,'15',20),(192,'15:26:20','15:26:40','1','2024-07-04 15:31:42',NULL,'2024-07-05',7,'15',20),(193,'16:17:40','16:18:00','1','2024-07-04 15:31:42',NULL,'2024-07-05',7,'15',20),(194,'17:09:00','17:09:20','1','2024-07-04 15:31:42',NULL,'2024-07-05',7,'15',20),(195,'18:00:20','18:00:40','1','2024-07-04 15:31:42',NULL,'2024-07-05',7,'15',20),(196,'18:51:40','18:52:00','1','2024-07-04 15:31:42',NULL,'2024-07-05',7,'15',20),(197,'19:43:00','19:43:20','1','2024-07-04 15:31:42',NULL,'2024-07-05',7,'15',20),(198,'20:34:20','20:34:40','1','2024-07-04 15:31:42',NULL,'2024-07-05',7,'15',20),(199,'21:25:40','21:26:00','1','2024-07-04 15:31:42',NULL,'2024-07-05',7,'15',20),(200,'22:17:00','22:17:20','1','2024-07-04 15:31:42',NULL,'2024-07-05',7,'15',20),(201,'06:02:27','06:02:47','2','2024-07-04 15:32:15',NULL,'2024-07-01',7,'14',20),(202,'06:53:47','06:54:07','2','2024-07-04 15:32:15',NULL,'2024-07-01',7,'14',20),(203,'07:45:07','07:45:27','2','2024-07-04 15:32:15',NULL,'2024-07-01',7,'14',20),(204,'08:36:27','08:36:47','2','2024-07-04 15:32:15',NULL,'2024-07-01',7,'14',20),(205,'09:27:47','09:28:07','2','2024-07-04 15:32:15',NULL,'2024-07-01',7,'14',20),(206,'10:19:07','10:19:27','2','2024-07-04 15:32:15',NULL,'2024-07-01',7,'14',20),(207,'11:10:27','11:10:47','2','2024-07-04 15:32:15',NULL,'2024-07-01',7,'14',20),(208,'12:01:47','12:02:07','2','2024-07-04 15:32:15',NULL,'2024-07-01',7,'14',20),(209,'12:53:07','12:53:27','2','2024-07-04 15:32:15',NULL,'2024-07-01',7,'14',20),(210,'13:44:27','13:44:47','2','2024-07-04 15:32:15',NULL,'2024-07-01',7,'14',20),(211,'14:35:47','14:36:07','2','2024-07-04 15:32:15',NULL,'2024-07-01',7,'14',20),(212,'15:27:07','15:27:27','2','2024-07-04 15:32:15',NULL,'2024-07-01',7,'14',20),(213,'16:18:27','16:18:47','2','2024-07-04 15:32:15',NULL,'2024-07-01',7,'14',20),(214,'17:09:47','17:10:07','2','2024-07-04 15:32:15',NULL,'2024-07-01',7,'14',20),(215,'18:01:07','18:01:27','2','2024-07-04 15:32:15',NULL,'2024-07-01',7,'14',20),(216,'18:52:27','18:52:47','2','2024-07-04 15:32:15',NULL,'2024-07-01',7,'14',20),(217,'19:43:47','19:44:07','2','2024-07-04 15:32:15',NULL,'2024-07-01',7,'14',20),(218,'20:35:07','20:35:27','2','2024-07-04 15:32:15',NULL,'2024-07-01',7,'14',20),(219,'21:26:27','21:26:47','2','2024-07-04 15:32:15',NULL,'2024-07-01',7,'14',20),(220,'22:17:47','22:18:07','2','2024-07-04 15:32:15',NULL,'2024-07-01',7,'14',20),(221,'06:07:05','06:07:25','2','2024-07-04 15:32:15',NULL,'2024-07-02',7,'14',20),(222,'06:58:25','06:58:45','2','2024-07-04 15:32:15',NULL,'2024-07-02',7,'14',20),(223,'07:49:45','07:50:05','2','2024-07-04 15:32:15',NULL,'2024-07-02',7,'14',20),(224,'08:41:05','08:41:25','2','2024-07-04 15:32:15',NULL,'2024-07-02',7,'14',20),(225,'09:32:25','09:32:45','2','2024-07-04 15:32:15',NULL,'2024-07-02',7,'14',20),(226,'10:23:45','10:24:05','2','2024-07-04 15:32:15',NULL,'2024-07-02',7,'14',20),(227,'11:15:05','11:15:25','2','2024-07-04 15:32:15',NULL,'2024-07-02',7,'14',20),(228,'12:06:25','12:06:45','2','2024-07-04 15:32:15',NULL,'2024-07-02',7,'14',20),(229,'12:57:45','12:58:05','2','2024-07-04 15:32:15',NULL,'2024-07-02',7,'14',20),(230,'13:49:05','13:49:25','2','2024-07-04 15:32:15',NULL,'2024-07-02',7,'14',20),(231,'14:40:25','14:40:45','2','2024-07-04 15:32:15',NULL,'2024-07-02',7,'14',20),(232,'15:31:45','15:32:05','2','2024-07-04 15:32:15',NULL,'2024-07-02',7,'14',20),(233,'16:23:05','16:23:25','2','2024-07-04 15:32:15',NULL,'2024-07-02',7,'14',20),(234,'17:14:25','17:14:45','2','2024-07-04 15:32:15',NULL,'2024-07-02',7,'14',20),(235,'18:05:45','18:06:05','2','2024-07-04 15:32:15',NULL,'2024-07-02',7,'14',20),(236,'18:57:05','18:57:25','2','2024-07-04 15:32:15',NULL,'2024-07-02',7,'14',20),(237,'19:48:25','19:48:45','2','2024-07-04 15:32:15',NULL,'2024-07-02',7,'14',20),(238,'20:39:45','20:40:05','2','2024-07-04 15:32:15',NULL,'2024-07-02',7,'14',20),(239,'21:31:05','21:31:25','2','2024-07-04 15:32:15',NULL,'2024-07-02',7,'14',20),(240,'22:22:25','22:22:45','2','2024-07-04 15:32:15',NULL,'2024-07-02',7,'14',20),(241,'06:04:32','06:04:52','2','2024-07-04 15:32:15',NULL,'2024-07-03',7,'14',20),(242,'06:55:52','06:56:12','2','2024-07-04 15:32:15',NULL,'2024-07-03',7,'14',20),(243,'07:47:12','07:47:32','2','2024-07-04 15:32:15',NULL,'2024-07-03',7,'14',20),(244,'08:38:32','08:38:52','2','2024-07-04 15:32:15',NULL,'2024-07-03',7,'14',20),(245,'09:29:52','09:30:12','2','2024-07-04 15:32:15',NULL,'2024-07-03',7,'14',20),(246,'10:21:12','10:21:32','2','2024-07-04 15:32:15',NULL,'2024-07-03',7,'14',20),(247,'11:12:32','11:12:52','2','2024-07-04 15:32:15',NULL,'2024-07-03',7,'14',20),(248,'12:03:52','12:04:12','2','2024-07-04 15:32:15',NULL,'2024-07-03',7,'14',20),(249,'12:55:12','12:55:32','2','2024-07-04 15:32:15',NULL,'2024-07-03',7,'14',20),(250,'13:46:32','13:46:52','2','2024-07-04 15:32:15',NULL,'2024-07-03',7,'14',20),(251,'14:37:52','14:38:12','2','2024-07-04 15:32:15',NULL,'2024-07-03',7,'14',20),(252,'15:29:12','15:29:32','2','2024-07-04 15:32:15',NULL,'2024-07-03',7,'14',20),(253,'16:20:32','16:20:52','2','2024-07-04 15:32:15',NULL,'2024-07-03',7,'14',20),(254,'17:11:52','17:12:12','2','2024-07-04 15:32:15',NULL,'2024-07-03',7,'14',20),(255,'18:03:12','18:03:32','2','2024-07-04 15:32:15',NULL,'2024-07-03',7,'14',20),(256,'18:54:32','18:54:52','2','2024-07-04 15:32:15',NULL,'2024-07-03',7,'14',20),(257,'19:45:52','19:46:12','2','2024-07-04 15:32:15',NULL,'2024-07-03',7,'14',20),(258,'20:37:12','20:37:32','2','2024-07-04 15:32:15',NULL,'2024-07-03',7,'14',20),(259,'21:28:32','21:28:52','2','2024-07-04 15:32:15',NULL,'2024-07-03',7,'14',20),(260,'22:19:52','22:20:12','2','2024-07-04 15:32:15',NULL,'2024-07-03',7,'14',20),(261,'06:02:26','06:02:46','2','2024-07-04 15:32:15',NULL,'2024-07-04',7,'14',20),(262,'06:53:46','06:54:06','2','2024-07-04 15:32:15',NULL,'2024-07-04',7,'14',20),(263,'07:45:06','07:45:26','2','2024-07-04 15:32:15',NULL,'2024-07-04',7,'14',20),(264,'08:36:26','08:36:46','2','2024-07-04 15:32:15',NULL,'2024-07-04',7,'14',20),(265,'09:27:46','09:28:06','2','2024-07-04 15:32:15',NULL,'2024-07-04',7,'14',20),(266,'10:19:06','10:19:26','2','2024-07-04 15:32:15',NULL,'2024-07-04',7,'14',20),(267,'11:10:26','11:10:46','2','2024-07-04 15:32:15',NULL,'2024-07-04',7,'14',20),(268,'12:01:46','12:02:06','2','2024-07-04 15:32:15',NULL,'2024-07-04',7,'14',20),(269,'12:53:06','12:53:26','2','2024-07-04 15:32:15',NULL,'2024-07-04',7,'14',20),(270,'13:44:26','13:44:46','2','2024-07-04 15:32:15',NULL,'2024-07-04',7,'14',20),(271,'14:35:46','14:36:06','2','2024-07-04 15:32:15',NULL,'2024-07-04',7,'14',20),(272,'15:27:06','15:27:26','2','2024-07-04 15:32:15',NULL,'2024-07-04',7,'14',20),(273,'16:18:26','16:18:46','2','2024-07-04 15:32:15',NULL,'2024-07-04',7,'14',20),(274,'17:09:46','17:10:06','2','2024-07-04 15:32:15',NULL,'2024-07-04',7,'14',20),(275,'18:01:06','18:01:26','2','2024-07-04 15:32:15',NULL,'2024-07-04',7,'14',20),(276,'18:52:26','18:52:46','2','2024-07-04 15:32:15',NULL,'2024-07-04',7,'14',20),(277,'19:43:46','19:44:06','2','2024-07-04 15:32:15',NULL,'2024-07-04',7,'14',20),(278,'20:35:06','20:35:26','2','2024-07-04 15:32:15',NULL,'2024-07-04',7,'14',20),(279,'21:26:26','21:26:46','2','2024-07-04 15:32:15',NULL,'2024-07-04',7,'14',20),(280,'22:17:46','22:18:06','2','2024-07-04 15:32:15',NULL,'2024-07-04',7,'14',20),(281,'06:01:20','06:01:40','2','2024-07-04 15:32:15',NULL,'2024-07-05',7,'14',20),(282,'06:52:40','06:53:00','2','2024-07-04 15:32:15',NULL,'2024-07-05',7,'14',20),(283,'07:44:00','07:44:20','2','2024-07-04 15:32:15',NULL,'2024-07-05',7,'14',20),(284,'08:35:20','08:35:40','2','2024-07-04 15:32:15',NULL,'2024-07-05',7,'14',20),(285,'09:26:40','09:27:00','2','2024-07-04 15:32:15',NULL,'2024-07-05',7,'14',20),(286,'10:18:00','10:18:20','2','2024-07-04 15:32:15',NULL,'2024-07-05',7,'14',20),(287,'11:09:20','11:09:40','2','2024-07-04 15:32:15',NULL,'2024-07-05',7,'14',20),(288,'12:00:40','12:01:00','2','2024-07-04 15:32:15',NULL,'2024-07-05',7,'14',20),(289,'12:52:00','12:52:20','2','2024-07-04 15:32:15',NULL,'2024-07-05',7,'14',20),(290,'13:43:20','13:43:40','2','2024-07-04 15:32:15',NULL,'2024-07-05',7,'14',20),(291,'14:34:40','14:35:00','2','2024-07-04 15:32:15',NULL,'2024-07-05',7,'14',20),(292,'15:26:00','15:26:20','2','2024-07-04 15:32:15',NULL,'2024-07-05',7,'14',20),(293,'16:17:20','16:17:40','2','2024-07-04 15:32:15',NULL,'2024-07-05',7,'14',20),(294,'17:08:40','17:09:00','2','2024-07-04 15:32:15',NULL,'2024-07-05',7,'14',20),(295,'18:00:00','18:00:20','2','2024-07-04 15:32:15',NULL,'2024-07-05',7,'14',20),(296,'18:51:20','18:51:40','2','2024-07-04 15:32:15',NULL,'2024-07-05',7,'14',20),(297,'19:42:40','19:43:00','2','2024-07-04 15:32:15',NULL,'2024-07-05',7,'14',20),(298,'20:34:00','20:34:20','2','2024-07-04 15:32:15',NULL,'2024-07-05',7,'14',20),(299,'21:25:20','21:25:40','2','2024-07-04 15:32:15',NULL,'2024-07-05',7,'14',20),(300,'22:16:40','22:17:00','2','2024-07-04 15:32:15',NULL,'2024-07-05',7,'14',20),(301,'06:03:13','06:03:33','2','2024-07-04 15:32:15',NULL,'2024-07-01',7,'15',20),(302,'06:54:33','06:54:53','2','2024-07-04 15:32:15',NULL,'2024-07-01',7,'15',20),(303,'07:45:53','07:46:13','2','2024-07-04 15:32:15',NULL,'2024-07-01',7,'15',20),(304,'08:37:13','08:37:33','2','2024-07-04 15:32:15',NULL,'2024-07-01',7,'15',20),(305,'09:28:33','09:28:53','2','2024-07-04 15:32:15',NULL,'2024-07-01',7,'15',20),(306,'10:19:53','10:20:13','2','2024-07-04 15:32:15',NULL,'2024-07-01',7,'15',20),(307,'11:11:13','11:11:33','2','2024-07-04 15:32:15',NULL,'2024-07-01',7,'15',20),(308,'12:02:33','12:02:53','2','2024-07-04 15:32:15',NULL,'2024-07-01',7,'15',20),(309,'12:53:53','12:54:13','2','2024-07-04 15:32:15',NULL,'2024-07-01',7,'15',20),(310,'13:45:13','13:45:33','2','2024-07-04 15:32:15',NULL,'2024-07-01',7,'15',20),(311,'14:36:33','14:36:53','2','2024-07-04 15:32:15',NULL,'2024-07-01',7,'15',20),(312,'15:27:53','15:28:13','2','2024-07-04 15:32:15',NULL,'2024-07-01',7,'15',20),(313,'16:19:13','16:19:33','2','2024-07-04 15:32:15',NULL,'2024-07-01',7,'15',20),(314,'17:10:33','17:10:53','2','2024-07-04 15:32:15',NULL,'2024-07-01',7,'15',20),(315,'18:01:53','18:02:13','2','2024-07-04 15:32:15',NULL,'2024-07-01',7,'15',20),(316,'18:53:13','18:53:33','2','2024-07-04 15:32:15',NULL,'2024-07-01',7,'15',20),(317,'19:44:33','19:44:53','2','2024-07-04 15:32:15',NULL,'2024-07-01',7,'15',20),(318,'20:35:53','20:36:13','2','2024-07-04 15:32:15',NULL,'2024-07-01',7,'15',20),(319,'21:27:13','21:27:33','2','2024-07-04 15:32:15',NULL,'2024-07-01',7,'15',20),(320,'22:18:33','22:18:53','2','2024-07-04 15:32:15',NULL,'2024-07-01',7,'15',20),(321,'06:01:57','06:02:17','2','2024-07-04 15:32:15',NULL,'2024-07-02',7,'15',20),(322,'06:53:17','06:53:37','2','2024-07-04 15:32:15',NULL,'2024-07-02',7,'15',20),(323,'07:44:37','07:44:57','2','2024-07-04 15:32:15',NULL,'2024-07-02',7,'15',20),(324,'08:35:57','08:36:17','2','2024-07-04 15:32:15',NULL,'2024-07-02',7,'15',20),(325,'09:27:17','09:27:37','2','2024-07-04 15:32:15',NULL,'2024-07-02',7,'15',20),(326,'10:18:37','10:18:57','2','2024-07-04 15:32:15',NULL,'2024-07-02',7,'15',20),(327,'11:09:57','11:10:17','2','2024-07-04 15:32:15',NULL,'2024-07-02',7,'15',20),(328,'12:01:17','12:01:37','2','2024-07-04 15:32:15',NULL,'2024-07-02',7,'15',20),(329,'12:52:37','12:52:57','2','2024-07-04 15:32:15',NULL,'2024-07-02',7,'15',20),(330,'13:43:57','13:44:17','2','2024-07-04 15:32:15',NULL,'2024-07-02',7,'15',20),(331,'14:35:17','14:35:37','2','2024-07-04 15:32:15',NULL,'2024-07-02',7,'15',20),(332,'15:26:37','15:26:57','2','2024-07-04 15:32:15',NULL,'2024-07-02',7,'15',20),(333,'16:17:57','16:18:17','2','2024-07-04 15:32:15',NULL,'2024-07-02',7,'15',20),(334,'17:09:17','17:09:37','2','2024-07-04 15:32:15',NULL,'2024-07-02',7,'15',20),(335,'18:00:37','18:00:57','2','2024-07-04 15:32:15',NULL,'2024-07-02',7,'15',20),(336,'18:51:57','18:52:17','2','2024-07-04 15:32:15',NULL,'2024-07-02',7,'15',20),(337,'19:43:17','19:43:37','2','2024-07-04 15:32:15',NULL,'2024-07-02',7,'15',20),(338,'20:34:37','20:34:57','2','2024-07-04 15:32:15',NULL,'2024-07-02',7,'15',20),(339,'21:25:57','21:26:17','2','2024-07-04 15:32:15',NULL,'2024-07-02',7,'15',20),(340,'22:17:17','22:17:37','2','2024-07-04 15:32:15',NULL,'2024-07-02',7,'15',20),(341,'06:06:22','06:06:42','2','2024-07-04 15:32:15',NULL,'2024-07-03',7,'15',20),(342,'06:57:42','06:58:02','2','2024-07-04 15:32:15',NULL,'2024-07-03',7,'15',20),(343,'07:49:02','07:49:22','2','2024-07-04 15:32:15',NULL,'2024-07-03',7,'15',20),(344,'08:40:22','08:40:42','2','2024-07-04 15:32:15',NULL,'2024-07-03',7,'15',20),(345,'09:31:42','09:32:02','2','2024-07-04 15:32:15',NULL,'2024-07-03',7,'15',20),(346,'10:23:02','10:23:22','2','2024-07-04 15:32:15',NULL,'2024-07-03',7,'15',20),(347,'11:14:22','11:14:42','2','2024-07-04 15:32:15',NULL,'2024-07-03',7,'15',20),(348,'12:05:42','12:06:02','2','2024-07-04 15:32:15',NULL,'2024-07-03',7,'15',20),(349,'12:57:02','12:57:22','2','2024-07-04 15:32:15',NULL,'2024-07-03',7,'15',20),(350,'13:48:22','13:48:42','2','2024-07-04 15:32:15',NULL,'2024-07-03',7,'15',20),(351,'14:39:42','14:40:02','2','2024-07-04 15:32:15',NULL,'2024-07-03',7,'15',20),(352,'15:31:02','15:31:22','2','2024-07-04 15:32:15',NULL,'2024-07-03',7,'15',20),(353,'16:22:22','16:22:42','2','2024-07-04 15:32:15',NULL,'2024-07-03',7,'15',20),(354,'17:13:42','17:14:02','2','2024-07-04 15:32:15',NULL,'2024-07-03',7,'15',20),(355,'18:05:02','18:05:22','2','2024-07-04 15:32:15',NULL,'2024-07-03',7,'15',20),(356,'18:56:22','18:56:42','2','2024-07-04 15:32:15',NULL,'2024-07-03',7,'15',20),(357,'19:47:42','19:48:02','2','2024-07-04 15:32:15',NULL,'2024-07-03',7,'15',20),(358,'20:39:02','20:39:22','2','2024-07-04 15:32:15',NULL,'2024-07-03',7,'15',20),(359,'21:30:22','21:30:42','2','2024-07-04 15:32:15',NULL,'2024-07-03',7,'15',20),(360,'22:21:42','22:22:02','2','2024-07-04 15:32:15',NULL,'2024-07-03',7,'15',20),(361,'06:04:42','06:05:02','2','2024-07-04 15:32:15',NULL,'2024-07-04',7,'15',20),(362,'06:56:02','06:56:22','2','2024-07-04 15:32:15',NULL,'2024-07-04',7,'15',20),(363,'07:47:22','07:47:42','2','2024-07-04 15:32:15',NULL,'2024-07-04',7,'15',20),(364,'08:38:42','08:39:02','2','2024-07-04 15:32:15',NULL,'2024-07-04',7,'15',20),(365,'09:30:02','09:30:22','2','2024-07-04 15:32:15',NULL,'2024-07-04',7,'15',20),(366,'10:21:22','10:21:42','2','2024-07-04 15:32:15',NULL,'2024-07-04',7,'15',20),(367,'11:12:42','11:13:02','2','2024-07-04 15:32:15',NULL,'2024-07-04',7,'15',20),(368,'12:04:02','12:04:22','2','2024-07-04 15:32:15',NULL,'2024-07-04',7,'15',20),(369,'12:55:22','12:55:42','2','2024-07-04 15:32:15',NULL,'2024-07-04',7,'15',20),(370,'13:46:42','13:47:02','2','2024-07-04 15:32:15',NULL,'2024-07-04',7,'15',20),(371,'14:38:02','14:38:22','2','2024-07-04 15:32:15',NULL,'2024-07-04',7,'15',20),(372,'15:29:22','15:29:42','2','2024-07-04 15:32:15',NULL,'2024-07-04',7,'15',20),(373,'16:20:42','16:21:02','2','2024-07-04 15:32:15',NULL,'2024-07-04',7,'15',20),(374,'17:12:02','17:12:22','2','2024-07-04 15:32:15',NULL,'2024-07-04',7,'15',20),(375,'18:03:22','18:03:42','2','2024-07-04 15:32:15',NULL,'2024-07-04',7,'15',20),(376,'18:54:42','18:55:02','2','2024-07-04 15:32:15',NULL,'2024-07-04',7,'15',20),(377,'19:46:02','19:46:22','2','2024-07-04 15:32:15',NULL,'2024-07-04',7,'15',20),(378,'20:37:22','20:37:42','2','2024-07-04 15:32:15',NULL,'2024-07-04',7,'15',20),(379,'21:28:42','21:29:02','2','2024-07-04 15:32:15',NULL,'2024-07-04',7,'15',20),(380,'22:20:02','22:20:22','2','2024-07-04 15:32:15',NULL,'2024-07-04',7,'15',20),(381,'06:03:20','06:03:40','2','2024-07-04 15:32:15',NULL,'2024-07-05',7,'15',20),(382,'06:54:40','06:55:00','2','2024-07-04 15:32:15',NULL,'2024-07-05',7,'15',20),(383,'07:46:00','07:46:20','2','2024-07-04 15:32:15',NULL,'2024-07-05',7,'15',20),(384,'08:37:20','08:37:40','2','2024-07-04 15:32:15',NULL,'2024-07-05',7,'15',20),(385,'09:28:40','09:29:00','2','2024-07-04 15:32:15',NULL,'2024-07-05',7,'15',20),(386,'10:20:00','10:20:20','2','2024-07-04 15:32:15',NULL,'2024-07-05',7,'15',20),(387,'11:11:20','11:11:40','2','2024-07-04 15:32:15',NULL,'2024-07-05',7,'15',20),(388,'12:02:40','12:03:00','2','2024-07-04 15:32:15',NULL,'2024-07-05',7,'15',20),(389,'12:54:00','12:54:20','2','2024-07-04 15:32:15',NULL,'2024-07-05',7,'15',20),(390,'13:45:20','13:45:40','2','2024-07-04 15:32:15',NULL,'2024-07-05',7,'15',20),(391,'14:36:40','14:37:00','2','2024-07-04 15:32:15',NULL,'2024-07-05',7,'15',20),(392,'15:28:00','15:28:20','2','2024-07-04 15:32:15',NULL,'2024-07-05',7,'15',20),(393,'16:19:20','16:19:40','2','2024-07-04 15:32:15',NULL,'2024-07-05',7,'15',20),(394,'17:10:40','17:11:00','2','2024-07-04 15:32:15',NULL,'2024-07-05',7,'15',20),(395,'18:02:00','18:02:20','2','2024-07-04 15:32:15',NULL,'2024-07-05',7,'15',20),(396,'18:53:20','18:53:40','2','2024-07-04 15:32:15',NULL,'2024-07-05',7,'15',20),(397,'19:44:40','19:45:00','2','2024-07-04 15:32:15',NULL,'2024-07-05',7,'15',20),(398,'20:36:00','20:36:20','2','2024-07-04 15:32:15',NULL,'2024-07-05',7,'15',20),(399,'21:27:20','21:27:40','2','2024-07-04 15:32:15',NULL,'2024-07-05',7,'15',20),(400,'22:18:40','22:19:00','2','2024-07-04 15:32:15',NULL,'2024-07-05',7,'15',20),(401,'06:06:09','06:06:29','3','2024-07-04 15:32:43',NULL,'2024-07-01',7,'14',20),(402,'06:57:29','06:57:49','3','2024-07-04 15:32:43',NULL,'2024-07-01',7,'14',20),(403,'07:48:49','07:49:09','3','2024-07-04 15:32:43',NULL,'2024-07-01',7,'14',20),(404,'08:40:09','08:40:29','3','2024-07-04 15:32:43',NULL,'2024-07-01',7,'14',20),(405,'09:31:29','09:31:49','3','2024-07-04 15:32:43',NULL,'2024-07-01',7,'14',20),(406,'10:22:49','10:23:09','3','2024-07-04 15:32:43',NULL,'2024-07-01',7,'14',20),(407,'11:14:09','11:14:29','3','2024-07-04 15:32:43',NULL,'2024-07-01',7,'14',20),(408,'12:05:29','12:05:49','3','2024-07-04 15:32:43',NULL,'2024-07-01',7,'14',20),(409,'12:56:49','12:57:09','3','2024-07-04 15:32:43',NULL,'2024-07-01',7,'14',20),(410,'13:48:09','13:48:29','3','2024-07-04 15:32:43',NULL,'2024-07-01',7,'14',20),(411,'14:39:29','14:39:49','3','2024-07-04 15:32:43',NULL,'2024-07-01',7,'14',20),(412,'15:30:49','15:31:09','3','2024-07-04 15:32:43',NULL,'2024-07-01',7,'14',20),(413,'16:22:09','16:22:29','3','2024-07-04 15:32:43',NULL,'2024-07-01',7,'14',20),(414,'17:13:29','17:13:49','3','2024-07-04 15:32:43',NULL,'2024-07-01',7,'14',20),(415,'18:04:49','18:05:09','3','2024-07-04 15:32:43',NULL,'2024-07-01',7,'14',20),(416,'18:56:09','18:56:29','3','2024-07-04 15:32:43',NULL,'2024-07-01',7,'14',20),(417,'19:47:29','19:47:49','3','2024-07-04 15:32:43',NULL,'2024-07-01',7,'14',20),(418,'20:38:49','20:39:09','3','2024-07-04 15:32:43',NULL,'2024-07-01',7,'14',20),(419,'21:30:09','21:30:29','3','2024-07-04 15:32:43',NULL,'2024-07-01',7,'14',20),(420,'22:21:29','22:21:49','3','2024-07-04 15:32:43',NULL,'2024-07-01',7,'14',20),(421,'06:07:36','06:07:56','3','2024-07-04 15:32:43',NULL,'2024-07-02',7,'14',20),(422,'06:58:56','06:59:16','3','2024-07-04 15:32:43',NULL,'2024-07-02',7,'14',20),(423,'07:50:16','07:50:36','3','2024-07-04 15:32:43',NULL,'2024-07-02',7,'14',20),(424,'08:41:36','08:41:56','3','2024-07-04 15:32:43',NULL,'2024-07-02',7,'14',20),(425,'09:32:56','09:33:16','3','2024-07-04 15:32:43',NULL,'2024-07-02',7,'14',20),(426,'10:24:16','10:24:36','3','2024-07-04 15:32:43',NULL,'2024-07-02',7,'14',20),(427,'11:15:36','11:15:56','3','2024-07-04 15:32:43',NULL,'2024-07-02',7,'14',20),(428,'12:06:56','12:07:16','3','2024-07-04 15:32:43',NULL,'2024-07-02',7,'14',20),(429,'12:58:16','12:58:36','3','2024-07-04 15:32:43',NULL,'2024-07-02',7,'14',20),(430,'13:49:36','13:49:56','3','2024-07-04 15:32:43',NULL,'2024-07-02',7,'14',20),(431,'14:40:56','14:41:16','3','2024-07-04 15:32:43',NULL,'2024-07-02',7,'14',20),(432,'15:32:16','15:32:36','3','2024-07-04 15:32:43',NULL,'2024-07-02',7,'14',20),(433,'16:23:36','16:23:56','3','2024-07-04 15:32:43',NULL,'2024-07-02',7,'14',20),(434,'17:14:56','17:15:16','3','2024-07-04 15:32:43',NULL,'2024-07-02',7,'14',20),(435,'18:06:16','18:06:36','3','2024-07-04 15:32:43',NULL,'2024-07-02',7,'14',20),(436,'18:57:36','18:57:56','3','2024-07-04 15:32:43',NULL,'2024-07-02',7,'14',20),(437,'19:48:56','19:49:16','3','2024-07-04 15:32:43',NULL,'2024-07-02',7,'14',20),(438,'20:40:16','20:40:36','3','2024-07-04 15:32:43',NULL,'2024-07-02',7,'14',20),(439,'21:31:36','21:31:56','3','2024-07-04 15:32:43',NULL,'2024-07-02',7,'14',20),(440,'22:22:56','22:23:16','3','2024-07-04 15:32:43',NULL,'2024-07-02',7,'14',20),(441,'06:08:10','06:08:30','3','2024-07-04 15:32:43',NULL,'2024-07-03',7,'14',20),(442,'06:59:30','06:59:50','3','2024-07-04 15:32:43',NULL,'2024-07-03',7,'14',20),(443,'07:50:50','07:51:10','3','2024-07-04 15:32:43',NULL,'2024-07-03',7,'14',20),(444,'08:42:10','08:42:30','3','2024-07-04 15:32:43',NULL,'2024-07-03',7,'14',20),(445,'09:33:30','09:33:50','3','2024-07-04 15:32:43',NULL,'2024-07-03',7,'14',20),(446,'10:24:50','10:25:10','3','2024-07-04 15:32:43',NULL,'2024-07-03',7,'14',20),(447,'11:16:10','11:16:30','3','2024-07-04 15:32:43',NULL,'2024-07-03',7,'14',20),(448,'12:07:30','12:07:50','3','2024-07-04 15:32:43',NULL,'2024-07-03',7,'14',20),(449,'12:58:50','12:59:10','3','2024-07-04 15:32:43',NULL,'2024-07-03',7,'14',20),(450,'13:50:10','13:50:30','3','2024-07-04 15:32:43',NULL,'2024-07-03',7,'14',20),(451,'14:41:30','14:41:50','3','2024-07-04 15:32:43',NULL,'2024-07-03',7,'14',20),(452,'15:32:50','15:33:10','3','2024-07-04 15:32:43',NULL,'2024-07-03',7,'14',20),(453,'16:24:10','16:24:30','3','2024-07-04 15:32:43',NULL,'2024-07-03',7,'14',20),(454,'17:15:30','17:15:50','3','2024-07-04 15:32:43',NULL,'2024-07-03',7,'14',20),(455,'18:06:50','18:07:10','3','2024-07-04 15:32:43',NULL,'2024-07-03',7,'14',20),(456,'18:58:10','18:58:30','3','2024-07-04 15:32:43',NULL,'2024-07-03',7,'14',20),(457,'19:49:30','19:49:50','3','2024-07-04 15:32:43',NULL,'2024-07-03',7,'14',20),(458,'20:40:50','20:41:10','3','2024-07-04 15:32:43',NULL,'2024-07-03',7,'14',20),(459,'21:32:10','21:32:30','3','2024-07-04 15:32:43',NULL,'2024-07-03',7,'14',20),(460,'22:23:30','22:23:50','3','2024-07-04 15:32:43',NULL,'2024-07-03',7,'14',20),(461,'06:03:15','06:03:35','3','2024-07-04 15:32:43',NULL,'2024-07-04',7,'14',20),(462,'06:54:35','06:54:55','3','2024-07-04 15:32:43',NULL,'2024-07-04',7,'14',20),(463,'07:45:55','07:46:15','3','2024-07-04 15:32:43',NULL,'2024-07-04',7,'14',20),(464,'08:37:15','08:37:35','3','2024-07-04 15:32:43',NULL,'2024-07-04',7,'14',20),(465,'09:28:35','09:28:55','3','2024-07-04 15:32:43',NULL,'2024-07-04',7,'14',20),(466,'10:19:55','10:20:15','3','2024-07-04 15:32:43',NULL,'2024-07-04',7,'14',20),(467,'11:11:15','11:11:35','3','2024-07-04 15:32:43',NULL,'2024-07-04',7,'14',20),(468,'12:02:35','12:02:55','3','2024-07-04 15:32:43',NULL,'2024-07-04',7,'14',20),(469,'12:53:55','12:54:15','3','2024-07-04 15:32:43',NULL,'2024-07-04',7,'14',20),(470,'13:45:15','13:45:35','3','2024-07-04 15:32:43',NULL,'2024-07-04',7,'14',20),(471,'14:36:35','14:36:55','3','2024-07-04 15:32:43',NULL,'2024-07-04',7,'14',20),(472,'15:27:55','15:28:15','3','2024-07-04 15:32:43',NULL,'2024-07-04',7,'14',20),(473,'16:19:15','16:19:35','3','2024-07-04 15:32:43',NULL,'2024-07-04',7,'14',20),(474,'17:10:35','17:10:55','3','2024-07-04 15:32:43',NULL,'2024-07-04',7,'14',20),(475,'18:01:55','18:02:15','3','2024-07-04 15:32:43',NULL,'2024-07-04',7,'14',20),(476,'18:53:15','18:53:35','3','2024-07-04 15:32:43',NULL,'2024-07-04',7,'14',20),(477,'19:44:35','19:44:55','3','2024-07-04 15:32:43',NULL,'2024-07-04',7,'14',20),(478,'20:35:55','20:36:15','3','2024-07-04 15:32:43',NULL,'2024-07-04',7,'14',20),(479,'21:27:15','21:27:35','3','2024-07-04 15:32:43',NULL,'2024-07-04',7,'14',20),(480,'22:18:35','22:18:55','3','2024-07-04 15:32:43',NULL,'2024-07-04',7,'14',20),(481,'06:03:39','06:03:59','3','2024-07-04 15:32:43',NULL,'2024-07-05',7,'14',20),(482,'06:54:59','06:55:19','3','2024-07-04 15:32:43',NULL,'2024-07-05',7,'14',20),(483,'07:46:19','07:46:39','3','2024-07-04 15:32:43',NULL,'2024-07-05',7,'14',20),(484,'08:37:39','08:37:59','3','2024-07-04 15:32:43',NULL,'2024-07-05',7,'14',20),(485,'09:28:59','09:29:19','3','2024-07-04 15:32:43',NULL,'2024-07-05',7,'14',20),(486,'10:20:19','10:20:39','3','2024-07-04 15:32:43',NULL,'2024-07-05',7,'14',20),(487,'11:11:39','11:11:59','3','2024-07-04 15:32:43',NULL,'2024-07-05',7,'14',20),(488,'12:02:59','12:03:19','3','2024-07-04 15:32:43',NULL,'2024-07-05',7,'14',20),(489,'12:54:19','12:54:39','3','2024-07-04 15:32:43',NULL,'2024-07-05',7,'14',20),(490,'13:45:39','13:45:59','3','2024-07-04 15:32:43',NULL,'2024-07-05',7,'14',20),(491,'14:36:59','14:37:19','3','2024-07-04 15:32:43',NULL,'2024-07-05',7,'14',20),(492,'15:28:19','15:28:39','3','2024-07-04 15:32:43',NULL,'2024-07-05',7,'14',20),(493,'16:19:39','16:19:59','3','2024-07-04 15:32:43',NULL,'2024-07-05',7,'14',20),(494,'17:10:59','17:11:19','3','2024-07-04 15:32:43',NULL,'2024-07-05',7,'14',20),(495,'18:02:19','18:02:39','3','2024-07-04 15:32:43',NULL,'2024-07-05',7,'14',20),(496,'18:53:39','18:53:59','3','2024-07-04 15:32:43',NULL,'2024-07-05',7,'14',20),(497,'19:44:59','19:45:19','3','2024-07-04 15:32:43',NULL,'2024-07-05',7,'14',20),(498,'20:36:19','20:36:39','3','2024-07-04 15:32:43',NULL,'2024-07-05',7,'14',20),(499,'21:27:39','21:27:59','3','2024-07-04 15:32:43',NULL,'2024-07-05',7,'14',20),(500,'22:18:59','22:19:19','3','2024-07-04 15:32:43',NULL,'2024-07-05',7,'14',20),(501,'06:02:17','06:02:37','3','2024-07-04 15:32:43',NULL,'2024-07-01',7,'15',20),(502,'06:53:37','06:53:57','3','2024-07-04 15:32:43',NULL,'2024-07-01',7,'15',20),(503,'07:44:57','07:45:17','3','2024-07-04 15:32:43',NULL,'2024-07-01',7,'15',20),(504,'08:36:17','08:36:37','3','2024-07-04 15:32:43',NULL,'2024-07-01',7,'15',20),(505,'09:27:37','09:27:57','3','2024-07-04 15:32:43',NULL,'2024-07-01',7,'15',20),(506,'10:18:57','10:19:17','3','2024-07-04 15:32:43',NULL,'2024-07-01',7,'15',20),(507,'11:10:17','11:10:37','3','2024-07-04 15:32:43',NULL,'2024-07-01',7,'15',20),(508,'12:01:37','12:01:57','3','2024-07-04 15:32:43',NULL,'2024-07-01',7,'15',20),(509,'12:52:57','12:53:17','3','2024-07-04 15:32:43',NULL,'2024-07-01',7,'15',20),(510,'13:44:17','13:44:37','3','2024-07-04 15:32:43',NULL,'2024-07-01',7,'15',20),(511,'14:35:37','14:35:57','3','2024-07-04 15:32:43',NULL,'2024-07-01',7,'15',20),(512,'15:26:57','15:27:17','3','2024-07-04 15:32:43',NULL,'2024-07-01',7,'15',20),(513,'16:18:17','16:18:37','3','2024-07-04 15:32:43',NULL,'2024-07-01',7,'15',20),(514,'17:09:37','17:09:57','3','2024-07-04 15:32:43',NULL,'2024-07-01',7,'15',20),(515,'18:00:57','18:01:17','3','2024-07-04 15:32:43',NULL,'2024-07-01',7,'15',20),(516,'18:52:17','18:52:37','3','2024-07-04 15:32:43',NULL,'2024-07-01',7,'15',20),(517,'19:43:37','19:43:57','3','2024-07-04 15:32:43',NULL,'2024-07-01',7,'15',20),(518,'20:34:57','20:35:17','3','2024-07-04 15:32:43',NULL,'2024-07-01',7,'15',20),(519,'21:26:17','21:26:37','3','2024-07-04 15:32:43',NULL,'2024-07-01',7,'15',20),(520,'22:17:37','22:17:57','3','2024-07-04 15:32:43',NULL,'2024-07-01',7,'15',20),(521,'06:03:06','06:03:26','3','2024-07-04 15:32:43',NULL,'2024-07-02',7,'15',20),(522,'06:54:26','06:54:46','3','2024-07-04 15:32:43',NULL,'2024-07-02',7,'15',20),(523,'07:45:46','07:46:06','3','2024-07-04 15:32:43',NULL,'2024-07-02',7,'15',20),(524,'08:37:06','08:37:26','3','2024-07-04 15:32:43',NULL,'2024-07-02',7,'15',20),(525,'09:28:26','09:28:46','3','2024-07-04 15:32:43',NULL,'2024-07-02',7,'15',20),(526,'10:19:46','10:20:06','3','2024-07-04 15:32:43',NULL,'2024-07-02',7,'15',20),(527,'11:11:06','11:11:26','3','2024-07-04 15:32:43',NULL,'2024-07-02',7,'15',20),(528,'12:02:26','12:02:46','3','2024-07-04 15:32:43',NULL,'2024-07-02',7,'15',20),(529,'12:53:46','12:54:06','3','2024-07-04 15:32:43',NULL,'2024-07-02',7,'15',20),(530,'13:45:06','13:45:26','3','2024-07-04 15:32:43',NULL,'2024-07-02',7,'15',20),(531,'14:36:26','14:36:46','3','2024-07-04 15:32:43',NULL,'2024-07-02',7,'15',20),(532,'15:27:46','15:28:06','3','2024-07-04 15:32:43',NULL,'2024-07-02',7,'15',20),(533,'16:19:06','16:19:26','3','2024-07-04 15:32:43',NULL,'2024-07-02',7,'15',20),(534,'17:10:26','17:10:46','3','2024-07-04 15:32:43',NULL,'2024-07-02',7,'15',20),(535,'18:01:46','18:02:06','3','2024-07-04 15:32:43',NULL,'2024-07-02',7,'15',20),(536,'18:53:06','18:53:26','3','2024-07-04 15:32:43',NULL,'2024-07-02',7,'15',20),(537,'19:44:26','19:44:46','3','2024-07-04 15:32:43',NULL,'2024-07-02',7,'15',20),(538,'20:35:46','20:36:06','3','2024-07-04 15:32:43',NULL,'2024-07-02',7,'15',20),(539,'21:27:06','21:27:26','3','2024-07-04 15:32:43',NULL,'2024-07-02',7,'15',20),(540,'22:18:26','22:18:46','3','2024-07-04 15:32:43',NULL,'2024-07-02',7,'15',20),(541,'06:05:39','06:05:59','3','2024-07-04 15:32:43',NULL,'2024-07-03',7,'15',20),(542,'06:56:59','06:57:19','3','2024-07-04 15:32:43',NULL,'2024-07-03',7,'15',20),(543,'07:48:19','07:48:39','3','2024-07-04 15:32:43',NULL,'2024-07-03',7,'15',20),(544,'08:39:39','08:39:59','3','2024-07-04 15:32:43',NULL,'2024-07-03',7,'15',20),(545,'09:30:59','09:31:19','3','2024-07-04 15:32:43',NULL,'2024-07-03',7,'15',20),(546,'10:22:19','10:22:39','3','2024-07-04 15:32:43',NULL,'2024-07-03',7,'15',20),(547,'11:13:39','11:13:59','3','2024-07-04 15:32:43',NULL,'2024-07-03',7,'15',20),(548,'12:04:59','12:05:19','3','2024-07-04 15:32:43',NULL,'2024-07-03',7,'15',20),(549,'12:56:19','12:56:39','3','2024-07-04 15:32:43',NULL,'2024-07-03',7,'15',20),(550,'13:47:39','13:47:59','3','2024-07-04 15:32:43',NULL,'2024-07-03',7,'15',20),(551,'14:38:59','14:39:19','3','2024-07-04 15:32:43',NULL,'2024-07-03',7,'15',20),(552,'15:30:19','15:30:39','3','2024-07-04 15:32:43',NULL,'2024-07-03',7,'15',20),(553,'16:21:39','16:21:59','3','2024-07-04 15:32:43',NULL,'2024-07-03',7,'15',20),(554,'17:12:59','17:13:19','3','2024-07-04 15:32:43',NULL,'2024-07-03',7,'15',20),(555,'18:04:19','18:04:39','3','2024-07-04 15:32:43',NULL,'2024-07-03',7,'15',20),(556,'18:55:39','18:55:59','3','2024-07-04 15:32:43',NULL,'2024-07-03',7,'15',20),(557,'19:46:59','19:47:19','3','2024-07-04 15:32:43',NULL,'2024-07-03',7,'15',20),(558,'20:38:19','20:38:39','3','2024-07-04 15:32:43',NULL,'2024-07-03',7,'15',20),(559,'21:29:39','21:29:59','3','2024-07-04 15:32:43',NULL,'2024-07-03',7,'15',20),(560,'22:20:59','22:21:19','3','2024-07-04 15:32:43',NULL,'2024-07-03',7,'15',20),(561,'06:02:35','06:02:55','3','2024-07-04 15:32:43',NULL,'2024-07-04',7,'15',20),(562,'06:53:55','06:54:15','3','2024-07-04 15:32:43',NULL,'2024-07-04',7,'15',20),(563,'07:45:15','07:45:35','3','2024-07-04 15:32:43',NULL,'2024-07-04',7,'15',20),(564,'08:36:35','08:36:55','3','2024-07-04 15:32:43',NULL,'2024-07-04',7,'15',20),(565,'09:27:55','09:28:15','3','2024-07-04 15:32:43',NULL,'2024-07-04',7,'15',20),(566,'10:19:15','10:19:35','3','2024-07-04 15:32:43',NULL,'2024-07-04',7,'15',20),(567,'11:10:35','11:10:55','3','2024-07-04 15:32:43',NULL,'2024-07-04',7,'15',20),(568,'12:01:55','12:02:15','3','2024-07-04 15:32:43',NULL,'2024-07-04',7,'15',20),(569,'12:53:15','12:53:35','3','2024-07-04 15:32:43',NULL,'2024-07-04',7,'15',20),(570,'13:44:35','13:44:55','3','2024-07-04 15:32:43',NULL,'2024-07-04',7,'15',20),(571,'14:35:55','14:36:15','3','2024-07-04 15:32:43',NULL,'2024-07-04',7,'15',20),(572,'15:27:15','15:27:35','3','2024-07-04 15:32:43',NULL,'2024-07-04',7,'15',20),(573,'16:18:35','16:18:55','3','2024-07-04 15:32:43',NULL,'2024-07-04',7,'15',20),(574,'17:09:55','17:10:15','3','2024-07-04 15:32:43',NULL,'2024-07-04',7,'15',20),(575,'18:01:15','18:01:35','3','2024-07-04 15:32:43',NULL,'2024-07-04',7,'15',20),(576,'18:52:35','18:52:55','3','2024-07-04 15:32:43',NULL,'2024-07-04',7,'15',20),(577,'19:43:55','19:44:15','3','2024-07-04 15:32:43',NULL,'2024-07-04',7,'15',20),(578,'20:35:15','20:35:35','3','2024-07-04 15:32:43',NULL,'2024-07-04',7,'15',20),(579,'21:26:35','21:26:55','3','2024-07-04 15:32:43',NULL,'2024-07-04',7,'15',20),(580,'22:17:55','22:18:15','3','2024-07-04 15:32:43',NULL,'2024-07-04',7,'15',20),(581,'06:05:10','06:05:30','3','2024-07-04 15:32:43',NULL,'2024-07-05',7,'15',20),(582,'06:56:30','06:56:50','3','2024-07-04 15:32:43',NULL,'2024-07-05',7,'15',20),(583,'07:47:50','07:48:10','3','2024-07-04 15:32:43',NULL,'2024-07-05',7,'15',20),(584,'08:39:10','08:39:30','3','2024-07-04 15:32:43',NULL,'2024-07-05',7,'15',20),(585,'09:30:30','09:30:50','3','2024-07-04 15:32:43',NULL,'2024-07-05',7,'15',20),(586,'10:21:50','10:22:10','3','2024-07-04 15:32:43',NULL,'2024-07-05',7,'15',20),(587,'11:13:10','11:13:30','3','2024-07-04 15:32:43',NULL,'2024-07-05',7,'15',20),(588,'12:04:30','12:04:50','3','2024-07-04 15:32:43',NULL,'2024-07-05',7,'15',20),(589,'12:55:50','12:56:10','3','2024-07-04 15:32:43',NULL,'2024-07-05',7,'15',20),(590,'13:47:10','13:47:30','3','2024-07-04 15:32:43',NULL,'2024-07-05',7,'15',20),(591,'14:38:30','14:38:50','3','2024-07-04 15:32:43',NULL,'2024-07-05',7,'15',20),(592,'15:29:50','15:30:10','3','2024-07-04 15:32:43',NULL,'2024-07-05',7,'15',20),(593,'16:21:10','16:21:30','3','2024-07-04 15:32:43',NULL,'2024-07-05',7,'15',20),(594,'17:12:30','17:12:50','3','2024-07-04 15:32:43',NULL,'2024-07-05',7,'15',20),(595,'18:03:50','18:04:10','3','2024-07-04 15:32:43',NULL,'2024-07-05',7,'15',20),(596,'18:55:10','18:55:30','3','2024-07-04 15:32:43',NULL,'2024-07-05',7,'15',20),(597,'19:46:30','19:46:50','3','2024-07-04 15:32:43',NULL,'2024-07-05',7,'15',20),(598,'20:37:50','20:38:10','3','2024-07-04 15:32:43',NULL,'2024-07-05',7,'15',20),(599,'21:29:10','21:29:30','3','2024-07-04 15:32:43',NULL,'2024-07-05',7,'15',20),(600,'22:20:30','22:20:50','3','2024-07-04 15:32:43',NULL,'2024-07-05',7,'15',20),(601,'06:01:55','06:02:15','4','2024-07-04 15:33:20',NULL,'2024-07-01',7,'14',20),(602,'06:53:15','06:53:35','4','2024-07-04 15:33:20',NULL,'2024-07-01',7,'14',20),(603,'07:44:35','07:44:55','4','2024-07-04 15:33:20',NULL,'2024-07-01',7,'14',20),(604,'08:35:55','08:36:15','4','2024-07-04 15:33:20',NULL,'2024-07-01',7,'14',20),(605,'09:27:15','09:27:35','4','2024-07-04 15:33:20',NULL,'2024-07-01',7,'14',20),(606,'10:18:35','10:18:55','4','2024-07-04 15:33:20',NULL,'2024-07-01',7,'14',20),(607,'11:09:55','11:10:15','4','2024-07-04 15:33:20',NULL,'2024-07-01',7,'14',20),(608,'12:01:15','12:01:35','4','2024-07-04 15:33:20',NULL,'2024-07-01',7,'14',20),(609,'12:52:35','12:52:55','4','2024-07-04 15:33:20',NULL,'2024-07-01',7,'14',20),(610,'13:43:55','13:44:15','4','2024-07-04 15:33:20',NULL,'2024-07-01',7,'14',20),(611,'14:35:15','14:35:35','4','2024-07-04 15:33:20',NULL,'2024-07-01',7,'14',20),(612,'15:26:35','15:26:55','4','2024-07-04 15:33:20',NULL,'2024-07-01',7,'14',20),(613,'16:17:55','16:18:15','4','2024-07-04 15:33:20',NULL,'2024-07-01',7,'14',20),(614,'17:09:15','17:09:35','4','2024-07-04 15:33:20',NULL,'2024-07-01',7,'14',20),(615,'18:00:35','18:00:55','4','2024-07-04 15:33:20',NULL,'2024-07-01',7,'14',20),(616,'18:51:55','18:52:15','4','2024-07-04 15:33:20',NULL,'2024-07-01',7,'14',20),(617,'19:43:15','19:43:35','4','2024-07-04 15:33:20',NULL,'2024-07-01',7,'14',20),(618,'20:34:35','20:34:55','4','2024-07-04 15:33:20',NULL,'2024-07-01',7,'14',20),(619,'21:25:55','21:26:15','4','2024-07-04 15:33:20',NULL,'2024-07-01',7,'14',20),(620,'22:17:15','22:17:35','4','2024-07-04 15:33:20',NULL,'2024-07-01',7,'14',20),(621,'06:02:45','06:03:05','4','2024-07-04 15:33:20',NULL,'2024-07-02',7,'14',20),(622,'06:54:05','06:54:25','4','2024-07-04 15:33:20',NULL,'2024-07-02',7,'14',20),(623,'07:45:25','07:45:45','4','2024-07-04 15:33:20',NULL,'2024-07-02',7,'14',20),(624,'08:36:45','08:37:05','4','2024-07-04 15:33:20',NULL,'2024-07-02',7,'14',20),(625,'09:28:05','09:28:25','4','2024-07-04 15:33:20',NULL,'2024-07-02',7,'14',20),(626,'10:19:25','10:19:45','4','2024-07-04 15:33:20',NULL,'2024-07-02',7,'14',20),(627,'11:10:45','11:11:05','4','2024-07-04 15:33:20',NULL,'2024-07-02',7,'14',20),(628,'12:02:05','12:02:25','4','2024-07-04 15:33:20',NULL,'2024-07-02',7,'14',20),(629,'12:53:25','12:53:45','4','2024-07-04 15:33:20',NULL,'2024-07-02',7,'14',20),(630,'13:44:45','13:45:05','4','2024-07-04 15:33:20',NULL,'2024-07-02',7,'14',20),(631,'14:36:05','14:36:25','4','2024-07-04 15:33:20',NULL,'2024-07-02',7,'14',20),(632,'15:27:25','15:27:45','4','2024-07-04 15:33:20',NULL,'2024-07-02',7,'14',20),(633,'16:18:45','16:19:05','4','2024-07-04 15:33:20',NULL,'2024-07-02',7,'14',20),(634,'17:10:05','17:10:25','4','2024-07-04 15:33:20',NULL,'2024-07-02',7,'14',20),(635,'18:01:25','18:01:45','4','2024-07-04 15:33:20',NULL,'2024-07-02',7,'14',20),(636,'18:52:45','18:53:05','4','2024-07-04 15:33:20',NULL,'2024-07-02',7,'14',20),(637,'19:44:05','19:44:25','4','2024-07-04 15:33:20',NULL,'2024-07-02',7,'14',20),(638,'20:35:25','20:35:45','4','2024-07-04 15:33:20',NULL,'2024-07-02',7,'14',20),(639,'21:26:45','21:27:05','4','2024-07-04 15:33:20',NULL,'2024-07-02',7,'14',20),(640,'22:18:05','22:18:25','4','2024-07-04 15:33:20',NULL,'2024-07-02',7,'14',20),(641,'06:03:52','06:04:12','4','2024-07-04 15:33:20',NULL,'2024-07-03',7,'14',20),(642,'06:55:12','06:55:32','4','2024-07-04 15:33:20',NULL,'2024-07-03',7,'14',20),(643,'07:46:32','07:46:52','4','2024-07-04 15:33:20',NULL,'2024-07-03',7,'14',20),(644,'08:37:52','08:38:12','4','2024-07-04 15:33:20',NULL,'2024-07-03',7,'14',20),(645,'09:29:12','09:29:32','4','2024-07-04 15:33:20',NULL,'2024-07-03',7,'14',20),(646,'10:20:32','10:20:52','4','2024-07-04 15:33:20',NULL,'2024-07-03',7,'14',20),(647,'11:11:52','11:12:12','4','2024-07-04 15:33:20',NULL,'2024-07-03',7,'14',20),(648,'12:03:12','12:03:32','4','2024-07-04 15:33:20',NULL,'2024-07-03',7,'14',20),(649,'12:54:32','12:54:52','4','2024-07-04 15:33:20',NULL,'2024-07-03',7,'14',20),(650,'13:45:52','13:46:12','4','2024-07-04 15:33:20',NULL,'2024-07-03',7,'14',20),(651,'14:37:12','14:37:32','4','2024-07-04 15:33:20',NULL,'2024-07-03',7,'14',20),(652,'15:28:32','15:28:52','4','2024-07-04 15:33:20',NULL,'2024-07-03',7,'14',20),(653,'16:19:52','16:20:12','4','2024-07-04 15:33:20',NULL,'2024-07-03',7,'14',20),(654,'17:11:12','17:11:32','4','2024-07-04 15:33:20',NULL,'2024-07-03',7,'14',20),(655,'18:02:32','18:02:52','4','2024-07-04 15:33:20',NULL,'2024-07-03',7,'14',20),(656,'18:53:52','18:54:12','4','2024-07-04 15:33:20',NULL,'2024-07-03',7,'14',20),(657,'19:45:12','19:45:32','4','2024-07-04 15:33:20',NULL,'2024-07-03',7,'14',20),(658,'20:36:32','20:36:52','4','2024-07-04 15:33:20',NULL,'2024-07-03',7,'14',20),(659,'21:27:52','21:28:12','4','2024-07-04 15:33:20',NULL,'2024-07-03',7,'14',20),(660,'22:19:12','22:19:32','4','2024-07-04 15:33:20',NULL,'2024-07-03',7,'14',20),(661,'06:01:02','06:01:22','4','2024-07-04 15:33:20',NULL,'2024-07-04',7,'14',20),(662,'06:52:22','06:52:42','4','2024-07-04 15:33:20',NULL,'2024-07-04',7,'14',20),(663,'07:43:42','07:44:02','4','2024-07-04 15:33:20',NULL,'2024-07-04',7,'14',20),(664,'08:35:02','08:35:22','4','2024-07-04 15:33:20',NULL,'2024-07-04',7,'14',20),(665,'09:26:22','09:26:42','4','2024-07-04 15:33:20',NULL,'2024-07-04',7,'14',20),(666,'10:17:42','10:18:02','4','2024-07-04 15:33:20',NULL,'2024-07-04',7,'14',20),(667,'11:09:02','11:09:22','4','2024-07-04 15:33:20',NULL,'2024-07-04',7,'14',20),(668,'12:00:22','12:00:42','4','2024-07-04 15:33:20',NULL,'2024-07-04',7,'14',20),(669,'12:51:42','12:52:02','4','2024-07-04 15:33:20',NULL,'2024-07-04',7,'14',20),(670,'13:43:02','13:43:22','4','2024-07-04 15:33:20',NULL,'2024-07-04',7,'14',20),(671,'14:34:22','14:34:42','4','2024-07-04 15:33:20',NULL,'2024-07-04',7,'14',20),(672,'15:25:42','15:26:02','4','2024-07-04 15:33:20',NULL,'2024-07-04',7,'14',20),(673,'16:17:02','16:17:22','4','2024-07-04 15:33:20',NULL,'2024-07-04',7,'14',20),(674,'17:08:22','17:08:42','4','2024-07-04 15:33:20',NULL,'2024-07-04',7,'14',20),(675,'17:59:42','18:00:02','4','2024-07-04 15:33:20',NULL,'2024-07-04',7,'14',20),(676,'18:51:02','18:51:22','4','2024-07-04 15:33:20',NULL,'2024-07-04',7,'14',20),(677,'19:42:22','19:42:42','4','2024-07-04 15:33:20',NULL,'2024-07-04',7,'14',20),(678,'20:33:42','20:34:02','4','2024-07-04 15:33:20',NULL,'2024-07-04',7,'14',20),(679,'21:25:02','21:25:22','4','2024-07-04 15:33:20',NULL,'2024-07-04',7,'14',20),(680,'22:16:22','22:16:42','4','2024-07-04 15:33:20',NULL,'2024-07-04',7,'14',20),(681,'06:04:55','06:05:15','4','2024-07-04 15:33:20',NULL,'2024-07-05',7,'14',20),(682,'06:56:15','06:56:35','4','2024-07-04 15:33:20',NULL,'2024-07-05',7,'14',20),(683,'07:47:35','07:47:55','4','2024-07-04 15:33:20',NULL,'2024-07-05',7,'14',20),(684,'08:38:55','08:39:15','4','2024-07-04 15:33:20',NULL,'2024-07-05',7,'14',20),(685,'09:30:15','09:30:35','4','2024-07-04 15:33:20',NULL,'2024-07-05',7,'14',20),(686,'10:21:35','10:21:55','4','2024-07-04 15:33:20',NULL,'2024-07-05',7,'14',20),(687,'11:12:55','11:13:15','4','2024-07-04 15:33:20',NULL,'2024-07-05',7,'14',20),(688,'12:04:15','12:04:35','4','2024-07-04 15:33:20',NULL,'2024-07-05',7,'14',20),(689,'12:55:35','12:55:55','4','2024-07-04 15:33:20',NULL,'2024-07-05',7,'14',20),(690,'13:46:55','13:47:15','4','2024-07-04 15:33:20',NULL,'2024-07-05',7,'14',20),(691,'14:38:15','14:38:35','4','2024-07-04 15:33:20',NULL,'2024-07-05',7,'14',20),(692,'15:29:35','15:29:55','4','2024-07-04 15:33:20',NULL,'2024-07-05',7,'14',20),(693,'16:20:55','16:21:15','4','2024-07-04 15:33:20',NULL,'2024-07-05',7,'14',20),(694,'17:12:15','17:12:35','4','2024-07-04 15:33:20',NULL,'2024-07-05',7,'14',20),(695,'18:03:35','18:03:55','4','2024-07-04 15:33:20',NULL,'2024-07-05',7,'14',20),(696,'18:54:55','18:55:15','4','2024-07-04 15:33:20',NULL,'2024-07-05',7,'14',20),(697,'19:46:15','19:46:35','4','2024-07-04 15:33:20',NULL,'2024-07-05',7,'14',20),(698,'20:37:35','20:37:55','4','2024-07-04 15:33:20',NULL,'2024-07-05',7,'14',20),(699,'21:28:55','21:29:15','4','2024-07-04 15:33:20',NULL,'2024-07-05',7,'14',20),(700,'22:20:15','22:20:35','4','2024-07-04 15:33:20',NULL,'2024-07-05',7,'14',20),(701,'06:06:04','06:06:24','4','2024-07-04 15:33:20',NULL,'2024-07-01',7,'15',20),(702,'06:57:24','06:57:44','4','2024-07-04 15:33:20',NULL,'2024-07-01',7,'15',20),(703,'07:48:44','07:49:04','4','2024-07-04 15:33:20',NULL,'2024-07-01',7,'15',20),(704,'08:40:04','08:40:24','4','2024-07-04 15:33:20',NULL,'2024-07-01',7,'15',20),(705,'09:31:24','09:31:44','4','2024-07-04 15:33:20',NULL,'2024-07-01',7,'15',20),(706,'10:22:44','10:23:04','4','2024-07-04 15:33:20',NULL,'2024-07-01',7,'15',20),(707,'11:14:04','11:14:24','4','2024-07-04 15:33:20',NULL,'2024-07-01',7,'15',20),(708,'12:05:24','12:05:44','4','2024-07-04 15:33:20',NULL,'2024-07-01',7,'15',20),(709,'12:56:44','12:57:04','4','2024-07-04 15:33:20',NULL,'2024-07-01',7,'15',20),(710,'13:48:04','13:48:24','4','2024-07-04 15:33:20',NULL,'2024-07-01',7,'15',20),(711,'14:39:24','14:39:44','4','2024-07-04 15:33:20',NULL,'2024-07-01',7,'15',20),(712,'15:30:44','15:31:04','4','2024-07-04 15:33:20',NULL,'2024-07-01',7,'15',20),(713,'16:22:04','16:22:24','4','2024-07-04 15:33:20',NULL,'2024-07-01',7,'15',20),(714,'17:13:24','17:13:44','4','2024-07-04 15:33:20',NULL,'2024-07-01',7,'15',20),(715,'18:04:44','18:05:04','4','2024-07-04 15:33:20',NULL,'2024-07-01',7,'15',20),(716,'18:56:04','18:56:24','4','2024-07-04 15:33:20',NULL,'2024-07-01',7,'15',20),(717,'19:47:24','19:47:44','4','2024-07-04 15:33:20',NULL,'2024-07-01',7,'15',20),(718,'20:38:44','20:39:04','4','2024-07-04 15:33:20',NULL,'2024-07-01',7,'15',20),(719,'21:30:04','21:30:24','4','2024-07-04 15:33:20',NULL,'2024-07-01',7,'15',20),(720,'22:21:24','22:21:44','4','2024-07-04 15:33:20',NULL,'2024-07-01',7,'15',20),(721,'06:04:57','06:05:17','4','2024-07-04 15:33:20',NULL,'2024-07-02',7,'15',20),(722,'06:56:17','06:56:37','4','2024-07-04 15:33:20',NULL,'2024-07-02',7,'15',20),(723,'07:47:37','07:47:57','4','2024-07-04 15:33:20',NULL,'2024-07-02',7,'15',20),(724,'08:38:57','08:39:17','4','2024-07-04 15:33:20',NULL,'2024-07-02',7,'15',20),(725,'09:30:17','09:30:37','4','2024-07-04 15:33:20',NULL,'2024-07-02',7,'15',20),(726,'10:21:37','10:21:57','4','2024-07-04 15:33:20',NULL,'2024-07-02',7,'15',20),(727,'11:12:57','11:13:17','4','2024-07-04 15:33:20',NULL,'2024-07-02',7,'15',20),(728,'12:04:17','12:04:37','4','2024-07-04 15:33:20',NULL,'2024-07-02',7,'15',20),(729,'12:55:37','12:55:57','4','2024-07-04 15:33:20',NULL,'2024-07-02',7,'15',20),(730,'13:46:57','13:47:17','4','2024-07-04 15:33:20',NULL,'2024-07-02',7,'15',20),(731,'14:38:17','14:38:37','4','2024-07-04 15:33:20',NULL,'2024-07-02',7,'15',20),(732,'15:29:37','15:29:57','4','2024-07-04 15:33:20',NULL,'2024-07-02',7,'15',20),(733,'16:20:57','16:21:17','4','2024-07-04 15:33:20',NULL,'2024-07-02',7,'15',20),(734,'17:12:17','17:12:37','4','2024-07-04 15:33:20',NULL,'2024-07-02',7,'15',20),(735,'18:03:37','18:03:57','4','2024-07-04 15:33:20',NULL,'2024-07-02',7,'15',20),(736,'18:54:57','18:55:17','4','2024-07-04 15:33:20',NULL,'2024-07-02',7,'15',20),(737,'19:46:17','19:46:37','4','2024-07-04 15:33:20',NULL,'2024-07-02',7,'15',20),(738,'20:37:37','20:37:57','4','2024-07-04 15:33:20',NULL,'2024-07-02',7,'15',20),(739,'21:28:57','21:29:17','4','2024-07-04 15:33:20',NULL,'2024-07-02',7,'15',20),(740,'22:20:17','22:20:37','4','2024-07-04 15:33:20',NULL,'2024-07-02',7,'15',20),(741,'06:02:10','06:02:30','4','2024-07-04 15:33:20',NULL,'2024-07-03',7,'15',20),(742,'06:53:30','06:53:50','4','2024-07-04 15:33:20',NULL,'2024-07-03',7,'15',20),(743,'07:44:50','07:45:10','4','2024-07-04 15:33:20',NULL,'2024-07-03',7,'15',20),(744,'08:36:10','08:36:30','4','2024-07-04 15:33:20',NULL,'2024-07-03',7,'15',20),(745,'09:27:30','09:27:50','4','2024-07-04 15:33:20',NULL,'2024-07-03',7,'15',20),(746,'10:18:50','10:19:10','4','2024-07-04 15:33:20',NULL,'2024-07-03',7,'15',20),(747,'11:10:10','11:10:30','4','2024-07-04 15:33:20',NULL,'2024-07-03',7,'15',20),(748,'12:01:30','12:01:50','4','2024-07-04 15:33:20',NULL,'2024-07-03',7,'15',20),(749,'12:52:50','12:53:10','4','2024-07-04 15:33:20',NULL,'2024-07-03',7,'15',20),(750,'13:44:10','13:44:30','4','2024-07-04 15:33:20',NULL,'2024-07-03',7,'15',20),(751,'14:35:30','14:35:50','4','2024-07-04 15:33:20',NULL,'2024-07-03',7,'15',20),(752,'15:26:50','15:27:10','4','2024-07-04 15:33:20',NULL,'2024-07-03',7,'15',20),(753,'16:18:10','16:18:30','4','2024-07-04 15:33:20',NULL,'2024-07-03',7,'15',20),(754,'17:09:30','17:09:50','4','2024-07-04 15:33:20',NULL,'2024-07-03',7,'15',20),(755,'18:00:50','18:01:10','4','2024-07-04 15:33:20',NULL,'2024-07-03',7,'15',20),(756,'18:52:10','18:52:30','4','2024-07-04 15:33:20',NULL,'2024-07-03',7,'15',20),(757,'19:43:30','19:43:50','4','2024-07-04 15:33:20',NULL,'2024-07-03',7,'15',20),(758,'20:34:50','20:35:10','4','2024-07-04 15:33:20',NULL,'2024-07-03',7,'15',20),(759,'21:26:10','21:26:30','4','2024-07-04 15:33:20',NULL,'2024-07-03',7,'15',20),(760,'22:17:30','22:17:50','4','2024-07-04 15:33:20',NULL,'2024-07-03',7,'15',20),(761,'06:06:18','06:06:38','4','2024-07-04 15:33:20',NULL,'2024-07-04',7,'15',20),(762,'06:57:38','06:57:58','4','2024-07-04 15:33:20',NULL,'2024-07-04',7,'15',20),(763,'07:48:58','07:49:18','4','2024-07-04 15:33:20',NULL,'2024-07-04',7,'15',20),(764,'08:40:18','08:40:38','4','2024-07-04 15:33:20',NULL,'2024-07-04',7,'15',20),(765,'09:31:38','09:31:58','4','2024-07-04 15:33:20',NULL,'2024-07-04',7,'15',20),(766,'10:22:58','10:23:18','4','2024-07-04 15:33:20',NULL,'2024-07-04',7,'15',20),(767,'11:14:18','11:14:38','4','2024-07-04 15:33:20',NULL,'2024-07-04',7,'15',20),(768,'12:05:38','12:05:58','4','2024-07-04 15:33:20',NULL,'2024-07-04',7,'15',20),(769,'12:56:58','12:57:18','4','2024-07-04 15:33:20',NULL,'2024-07-04',7,'15',20),(770,'13:48:18','13:48:38','4','2024-07-04 15:33:20',NULL,'2024-07-04',7,'15',20),(771,'14:39:38','14:39:58','4','2024-07-04 15:33:20',NULL,'2024-07-04',7,'15',20),(772,'15:30:58','15:31:18','4','2024-07-04 15:33:20',NULL,'2024-07-04',7,'15',20),(773,'16:22:18','16:22:38','4','2024-07-04 15:33:20',NULL,'2024-07-04',7,'15',20),(774,'17:13:38','17:13:58','4','2024-07-04 15:33:20',NULL,'2024-07-04',7,'15',20),(775,'18:04:58','18:05:18','4','2024-07-04 15:33:20',NULL,'2024-07-04',7,'15',20),(776,'18:56:18','18:56:38','4','2024-07-04 15:33:20',NULL,'2024-07-04',7,'15',20),(777,'19:47:38','19:47:58','4','2024-07-04 15:33:20',NULL,'2024-07-04',7,'15',20),(778,'20:38:58','20:39:18','4','2024-07-04 15:33:20',NULL,'2024-07-04',7,'15',20),(779,'21:30:18','21:30:38','4','2024-07-04 15:33:20',NULL,'2024-07-04',7,'15',20),(780,'22:21:38','22:21:58','4','2024-07-04 15:33:20',NULL,'2024-07-04',7,'15',20),(781,'06:04:05','06:04:25','4','2024-07-04 15:33:20',NULL,'2024-07-05',7,'15',20),(782,'06:55:25','06:55:45','4','2024-07-04 15:33:20',NULL,'2024-07-05',7,'15',20),(783,'07:46:45','07:47:05','4','2024-07-04 15:33:20',NULL,'2024-07-05',7,'15',20),(784,'08:38:05','08:38:25','4','2024-07-04 15:33:20',NULL,'2024-07-05',7,'15',20),(785,'09:29:25','09:29:45','4','2024-07-04 15:33:20',NULL,'2024-07-05',7,'15',20),(786,'10:20:45','10:21:05','4','2024-07-04 15:33:20',NULL,'2024-07-05',7,'15',20),(787,'11:12:05','11:12:25','4','2024-07-04 15:33:20',NULL,'2024-07-05',7,'15',20),(788,'12:03:25','12:03:45','4','2024-07-04 15:33:20',NULL,'2024-07-05',7,'15',20),(789,'12:54:45','12:55:05','4','2024-07-04 15:33:20',NULL,'2024-07-05',7,'15',20),(790,'13:46:05','13:46:25','4','2024-07-04 15:33:20',NULL,'2024-07-05',7,'15',20),(791,'14:37:25','14:37:45','4','2024-07-04 15:33:20',NULL,'2024-07-05',7,'15',20),(792,'15:28:45','15:29:05','4','2024-07-04 15:33:20',NULL,'2024-07-05',7,'15',20),(793,'16:20:05','16:20:25','4','2024-07-04 15:33:20',NULL,'2024-07-05',7,'15',20),(794,'17:11:25','17:11:45','4','2024-07-04 15:33:20',NULL,'2024-07-05',7,'15',20),(795,'18:02:45','18:03:05','4','2024-07-04 15:33:20',NULL,'2024-07-05',7,'15',20),(796,'18:54:05','18:54:25','4','2024-07-04 15:33:20',NULL,'2024-07-05',7,'15',20),(797,'19:45:25','19:45:45','4','2024-07-04 15:33:20',NULL,'2024-07-05',7,'15',20),(798,'20:36:45','20:37:05','4','2024-07-04 15:33:20',NULL,'2024-07-05',7,'15',20),(799,'21:28:05','21:28:25','4','2024-07-04 15:33:20',NULL,'2024-07-05',7,'15',20),(800,'22:19:25','22:19:45','4','2024-07-04 15:33:20',NULL,'2024-07-05',7,'15',20),(801,'06:03:28','06:03:48','5','2024-07-04 16:11:36',NULL,'2024-07-01',7,'14',20),(802,'06:54:48','06:55:08','5','2024-07-04 16:11:36',NULL,'2024-07-01',7,'14',20),(803,'07:46:08','07:46:28','5','2024-07-04 16:11:36',NULL,'2024-07-01',7,'14',20),(804,'08:37:28','08:37:48','5','2024-07-04 16:11:36',NULL,'2024-07-01',7,'14',20),(805,'09:28:48','09:29:08','5','2024-07-04 16:11:36',NULL,'2024-07-01',7,'14',20),(806,'10:20:08','10:20:28','5','2024-07-04 16:11:36',NULL,'2024-07-01',7,'14',20),(807,'11:11:28','11:11:48','5','2024-07-04 16:11:36',NULL,'2024-07-01',7,'14',20),(808,'12:02:48','12:03:08','5','2024-07-04 16:11:36',NULL,'2024-07-01',7,'14',20),(809,'12:54:08','12:54:28','5','2024-07-04 16:11:36',NULL,'2024-07-01',7,'14',20),(810,'13:45:28','13:45:48','5','2024-07-04 16:11:36',NULL,'2024-07-01',7,'14',20),(811,'14:36:48','14:37:08','5','2024-07-04 16:11:36',NULL,'2024-07-01',7,'14',20),(812,'15:28:08','15:28:28','5','2024-07-04 16:11:36',NULL,'2024-07-01',7,'14',20),(813,'16:19:28','16:19:48','5','2024-07-04 16:11:36',NULL,'2024-07-01',7,'14',20),(814,'17:10:48','17:11:08','5','2024-07-04 16:11:36',NULL,'2024-07-01',7,'14',20),(815,'18:02:08','18:02:28','5','2024-07-04 16:11:36',NULL,'2024-07-01',7,'14',20),(816,'18:53:28','18:53:48','5','2024-07-04 16:11:36',NULL,'2024-07-01',7,'14',20),(817,'19:44:48','19:45:08','5','2024-07-04 16:11:36',NULL,'2024-07-01',7,'14',20),(818,'20:36:08','20:36:28','5','2024-07-04 16:11:36',NULL,'2024-07-01',7,'14',20),(819,'21:27:28','21:27:48','5','2024-07-04 16:11:36',NULL,'2024-07-01',7,'14',20),(820,'22:18:48','22:19:08','5','2024-07-04 16:11:36',NULL,'2024-07-01',7,'14',20),(821,'06:01:49','06:02:09','5','2024-07-04 16:11:36',NULL,'2024-07-02',7,'14',20),(822,'06:53:09','06:53:29','5','2024-07-04 16:11:36',NULL,'2024-07-02',7,'14',20),(823,'07:44:29','07:44:49','5','2024-07-04 16:11:36',NULL,'2024-07-02',7,'14',20),(824,'08:35:49','08:36:09','5','2024-07-04 16:11:36',NULL,'2024-07-02',7,'14',20),(825,'09:27:09','09:27:29','5','2024-07-04 16:11:36',NULL,'2024-07-02',7,'14',20),(826,'10:18:29','10:18:49','5','2024-07-04 16:11:36',NULL,'2024-07-02',7,'14',20),(827,'11:09:49','11:10:09','5','2024-07-04 16:11:36',NULL,'2024-07-02',7,'14',20),(828,'12:01:09','12:01:29','5','2024-07-04 16:11:36',NULL,'2024-07-02',7,'14',20),(829,'12:52:29','12:52:49','5','2024-07-04 16:11:36',NULL,'2024-07-02',7,'14',20),(830,'13:43:49','13:44:09','5','2024-07-04 16:11:36',NULL,'2024-07-02',7,'14',20),(831,'14:35:09','14:35:29','5','2024-07-04 16:11:36',NULL,'2024-07-02',7,'14',20),(832,'15:26:29','15:26:49','5','2024-07-04 16:11:36',NULL,'2024-07-02',7,'14',20),(833,'16:17:49','16:18:09','5','2024-07-04 16:11:36',NULL,'2024-07-02',7,'14',20),(834,'17:09:09','17:09:29','5','2024-07-04 16:11:36',NULL,'2024-07-02',7,'14',20),(835,'18:00:29','18:00:49','5','2024-07-04 16:11:36',NULL,'2024-07-02',7,'14',20),(836,'18:51:49','18:52:09','5','2024-07-04 16:11:36',NULL,'2024-07-02',7,'14',20),(837,'19:43:09','19:43:29','5','2024-07-04 16:11:36',NULL,'2024-07-02',7,'14',20),(838,'20:34:29','20:34:49','5','2024-07-04 16:11:36',NULL,'2024-07-02',7,'14',20),(839,'21:25:49','21:26:09','5','2024-07-04 16:11:36',NULL,'2024-07-02',7,'14',20),(840,'22:17:09','22:17:29','5','2024-07-04 16:11:36',NULL,'2024-07-02',7,'14',20),(841,'06:02:55','06:03:15','5','2024-07-04 16:11:36',NULL,'2024-07-03',7,'14',20),(842,'06:54:15','06:54:35','5','2024-07-04 16:11:36',NULL,'2024-07-03',7,'14',20),(843,'07:45:35','07:45:55','5','2024-07-04 16:11:36',NULL,'2024-07-03',7,'14',20),(844,'08:36:55','08:37:15','5','2024-07-04 16:11:36',NULL,'2024-07-03',7,'14',20),(845,'09:28:15','09:28:35','5','2024-07-04 16:11:36',NULL,'2024-07-03',7,'14',20),(846,'10:19:35','10:19:55','5','2024-07-04 16:11:36',NULL,'2024-07-03',7,'14',20),(847,'11:10:55','11:11:15','5','2024-07-04 16:11:36',NULL,'2024-07-03',7,'14',20),(848,'12:02:15','12:02:35','5','2024-07-04 16:11:36',NULL,'2024-07-03',7,'14',20),(849,'12:53:35','12:53:55','5','2024-07-04 16:11:36',NULL,'2024-07-03',7,'14',20),(850,'13:44:55','13:45:15','5','2024-07-04 16:11:36',NULL,'2024-07-03',7,'14',20),(851,'14:36:15','14:36:35','5','2024-07-04 16:11:36',NULL,'2024-07-03',7,'14',20),(852,'15:27:35','15:27:55','5','2024-07-04 16:11:36',NULL,'2024-07-03',7,'14',20),(853,'16:18:55','16:19:15','5','2024-07-04 16:11:36',NULL,'2024-07-03',7,'14',20),(854,'17:10:15','17:10:35','5','2024-07-04 16:11:36',NULL,'2024-07-03',7,'14',20),(855,'18:01:35','18:01:55','5','2024-07-04 16:11:36',NULL,'2024-07-03',7,'14',20),(856,'18:52:55','18:53:15','5','2024-07-04 16:11:36',NULL,'2024-07-03',7,'14',20),(857,'19:44:15','19:44:35','5','2024-07-04 16:11:36',NULL,'2024-07-03',7,'14',20),(858,'20:35:35','20:35:55','5','2024-07-04 16:11:36',NULL,'2024-07-03',7,'14',20),(859,'21:26:55','21:27:15','5','2024-07-04 16:11:36',NULL,'2024-07-03',7,'14',20),(860,'22:18:15','22:18:35','5','2024-07-04 16:11:36',NULL,'2024-07-03',7,'14',20),(861,'06:04:40','06:05:00','5','2024-07-04 16:11:36',NULL,'2024-07-04',7,'14',20),(862,'06:56:00','06:56:20','5','2024-07-04 16:11:36',NULL,'2024-07-04',7,'14',20),(863,'07:47:20','07:47:40','5','2024-07-04 16:11:36',NULL,'2024-07-04',7,'14',20),(864,'08:38:40','08:39:00','5','2024-07-04 16:11:36',NULL,'2024-07-04',7,'14',20),(865,'09:30:00','09:30:20','5','2024-07-04 16:11:36',NULL,'2024-07-04',7,'14',20),(866,'10:21:20','10:21:40','5','2024-07-04 16:11:36',NULL,'2024-07-04',7,'14',20),(867,'11:12:40','11:13:00','5','2024-07-04 16:11:36',NULL,'2024-07-04',7,'14',20),(868,'12:04:00','12:04:20','5','2024-07-04 16:11:36',NULL,'2024-07-04',7,'14',20),(869,'12:55:20','12:55:40','5','2024-07-04 16:11:36',NULL,'2024-07-04',7,'14',20),(870,'13:46:40','13:47:00','5','2024-07-04 16:11:36',NULL,'2024-07-04',7,'14',20),(871,'14:38:00','14:38:20','5','2024-07-04 16:11:36',NULL,'2024-07-04',7,'14',20),(872,'15:29:20','15:29:40','5','2024-07-04 16:11:36',NULL,'2024-07-04',7,'14',20),(873,'16:20:40','16:21:00','5','2024-07-04 16:11:36',NULL,'2024-07-04',7,'14',20),(874,'17:12:00','17:12:20','5','2024-07-04 16:11:36',NULL,'2024-07-04',7,'14',20),(875,'18:03:20','18:03:40','5','2024-07-04 16:11:36',NULL,'2024-07-04',7,'14',20),(876,'18:54:40','18:55:00','5','2024-07-04 16:11:36',NULL,'2024-07-04',7,'14',20),(877,'19:46:00','19:46:20','5','2024-07-04 16:11:36',NULL,'2024-07-04',7,'14',20),(878,'20:37:20','20:37:40','5','2024-07-04 16:11:36',NULL,'2024-07-04',7,'14',20),(879,'21:28:40','21:29:00','5','2024-07-04 16:11:36',NULL,'2024-07-04',7,'14',20),(880,'22:20:00','22:20:20','5','2024-07-04 16:11:36',NULL,'2024-07-04',7,'14',20),(881,'06:05:28','06:05:48','5','2024-07-04 16:11:36',NULL,'2024-07-05',7,'14',20),(882,'06:56:48','06:57:08','5','2024-07-04 16:11:36',NULL,'2024-07-05',7,'14',20),(883,'07:48:08','07:48:28','5','2024-07-04 16:11:36',NULL,'2024-07-05',7,'14',20),(884,'08:39:28','08:39:48','5','2024-07-04 16:11:36',NULL,'2024-07-05',7,'14',20),(885,'09:30:48','09:31:08','5','2024-07-04 16:11:36',NULL,'2024-07-05',7,'14',20),(886,'10:22:08','10:22:28','5','2024-07-04 16:11:36',NULL,'2024-07-05',7,'14',20),(887,'11:13:28','11:13:48','5','2024-07-04 16:11:36',NULL,'2024-07-05',7,'14',20),(888,'12:04:48','12:05:08','5','2024-07-04 16:11:36',NULL,'2024-07-05',7,'14',20),(889,'12:56:08','12:56:28','5','2024-07-04 16:11:36',NULL,'2024-07-05',7,'14',20),(890,'13:47:28','13:47:48','5','2024-07-04 16:11:36',NULL,'2024-07-05',7,'14',20),(891,'14:38:48','14:39:08','5','2024-07-04 16:11:36',NULL,'2024-07-05',7,'14',20),(892,'15:30:08','15:30:28','5','2024-07-04 16:11:36',NULL,'2024-07-05',7,'14',20),(893,'16:21:28','16:21:48','5','2024-07-04 16:11:36',NULL,'2024-07-05',7,'14',20),(894,'17:12:48','17:13:08','5','2024-07-04 16:11:36',NULL,'2024-07-05',7,'14',20),(895,'18:04:08','18:04:28','5','2024-07-04 16:11:36',NULL,'2024-07-05',7,'14',20),(896,'18:55:28','18:55:48','5','2024-07-04 16:11:36',NULL,'2024-07-05',7,'14',20),(897,'19:46:48','19:47:08','5','2024-07-04 16:11:36',NULL,'2024-07-05',7,'14',20),(898,'20:38:08','20:38:28','5','2024-07-04 16:11:36',NULL,'2024-07-05',7,'14',20),(899,'21:29:28','21:29:48','5','2024-07-04 16:11:36',NULL,'2024-07-05',7,'14',20),(900,'22:20:48','22:21:08','5','2024-07-04 16:11:36',NULL,'2024-07-05',7,'14',20),(901,'06:01:46','06:02:06','5','2024-07-04 16:11:36',NULL,'2024-07-01',7,'15',20),(902,'06:53:06','06:53:26','5','2024-07-04 16:11:36',NULL,'2024-07-01',7,'15',20),(903,'07:44:26','07:44:46','5','2024-07-04 16:11:36',NULL,'2024-07-01',7,'15',20),(904,'08:35:46','08:36:06','5','2024-07-04 16:11:36',NULL,'2024-07-01',7,'15',20),(905,'09:27:06','09:27:26','5','2024-07-04 16:11:36',NULL,'2024-07-01',7,'15',20),(906,'10:18:26','10:18:46','5','2024-07-04 16:11:36',NULL,'2024-07-01',7,'15',20),(907,'11:09:46','11:10:06','5','2024-07-04 16:11:36',NULL,'2024-07-01',7,'15',20),(908,'12:01:06','12:01:26','5','2024-07-04 16:11:36',NULL,'2024-07-01',7,'15',20),(909,'12:52:26','12:52:46','5','2024-07-04 16:11:36',NULL,'2024-07-01',7,'15',20),(910,'13:43:46','13:44:06','5','2024-07-04 16:11:36',NULL,'2024-07-01',7,'15',20),(911,'14:35:06','14:35:26','5','2024-07-04 16:11:36',NULL,'2024-07-01',7,'15',20),(912,'15:26:26','15:26:46','5','2024-07-04 16:11:36',NULL,'2024-07-01',7,'15',20),(913,'16:17:46','16:18:06','5','2024-07-04 16:11:36',NULL,'2024-07-01',7,'15',20),(914,'17:09:06','17:09:26','5','2024-07-04 16:11:36',NULL,'2024-07-01',7,'15',20),(915,'18:00:26','18:00:46','5','2024-07-04 16:11:36',NULL,'2024-07-01',7,'15',20),(916,'18:51:46','18:52:06','5','2024-07-04 16:11:36',NULL,'2024-07-01',7,'15',20),(917,'19:43:06','19:43:26','5','2024-07-04 16:11:36',NULL,'2024-07-01',7,'15',20),(918,'20:34:26','20:34:46','5','2024-07-04 16:11:36',NULL,'2024-07-01',7,'15',20),(919,'21:25:46','21:26:06','5','2024-07-04 16:11:36',NULL,'2024-07-01',7,'15',20),(920,'22:17:06','22:17:26','5','2024-07-04 16:11:36',NULL,'2024-07-01',7,'15',20),(921,'06:08:07','06:08:27','5','2024-07-04 16:11:36',NULL,'2024-07-02',7,'15',20),(922,'06:59:27','06:59:47','5','2024-07-04 16:11:36',NULL,'2024-07-02',7,'15',20),(923,'07:50:47','07:51:07','5','2024-07-04 16:11:36',NULL,'2024-07-02',7,'15',20),(924,'08:42:07','08:42:27','5','2024-07-04 16:11:36',NULL,'2024-07-02',7,'15',20),(925,'09:33:27','09:33:47','5','2024-07-04 16:11:36',NULL,'2024-07-02',7,'15',20),(926,'10:24:47','10:25:07','5','2024-07-04 16:11:36',NULL,'2024-07-02',7,'15',20),(927,'11:16:07','11:16:27','5','2024-07-04 16:11:36',NULL,'2024-07-02',7,'15',20),(928,'12:07:27','12:07:47','5','2024-07-04 16:11:36',NULL,'2024-07-02',7,'15',20),(929,'12:58:47','12:59:07','5','2024-07-04 16:11:36',NULL,'2024-07-02',7,'15',20),(930,'13:50:07','13:50:27','5','2024-07-04 16:11:36',NULL,'2024-07-02',7,'15',20),(931,'14:41:27','14:41:47','5','2024-07-04 16:11:36',NULL,'2024-07-02',7,'15',20),(932,'15:32:47','15:33:07','5','2024-07-04 16:11:36',NULL,'2024-07-02',7,'15',20),(933,'16:24:07','16:24:27','5','2024-07-04 16:11:36',NULL,'2024-07-02',7,'15',20),(934,'17:15:27','17:15:47','5','2024-07-04 16:11:36',NULL,'2024-07-02',7,'15',20),(935,'18:06:47','18:07:07','5','2024-07-04 16:11:36',NULL,'2024-07-02',7,'15',20),(936,'18:58:07','18:58:27','5','2024-07-04 16:11:36',NULL,'2024-07-02',7,'15',20),(937,'19:49:27','19:49:47','5','2024-07-04 16:11:36',NULL,'2024-07-02',7,'15',20),(938,'20:40:47','20:41:07','5','2024-07-04 16:11:36',NULL,'2024-07-02',7,'15',20),(939,'21:32:07','21:32:27','5','2024-07-04 16:11:36',NULL,'2024-07-02',7,'15',20),(940,'22:23:27','22:23:47','5','2024-07-04 16:11:36',NULL,'2024-07-02',7,'15',20),(941,'06:09:56','06:10:16','5','2024-07-04 16:11:36',NULL,'2024-07-03',7,'15',20),(942,'07:01:16','07:01:36','5','2024-07-04 16:11:36',NULL,'2024-07-03',7,'15',20),(943,'07:52:36','07:52:56','5','2024-07-04 16:11:36',NULL,'2024-07-03',7,'15',20),(944,'08:43:56','08:44:16','5','2024-07-04 16:11:36',NULL,'2024-07-03',7,'15',20),(945,'09:35:16','09:35:36','5','2024-07-04 16:11:36',NULL,'2024-07-03',7,'15',20),(946,'10:26:36','10:26:56','5','2024-07-04 16:11:36',NULL,'2024-07-03',7,'15',20),(947,'11:17:56','11:18:16','5','2024-07-04 16:11:36',NULL,'2024-07-03',7,'15',20),(948,'12:09:16','12:09:36','5','2024-07-04 16:11:36',NULL,'2024-07-03',7,'15',20),(949,'13:00:36','13:00:56','5','2024-07-04 16:11:36',NULL,'2024-07-03',7,'15',20),(950,'13:51:56','13:52:16','5','2024-07-04 16:11:36',NULL,'2024-07-03',7,'15',20),(951,'14:43:16','14:43:36','5','2024-07-04 16:11:36',NULL,'2024-07-03',7,'15',20),(952,'15:34:36','15:34:56','5','2024-07-04 16:11:36',NULL,'2024-07-03',7,'15',20),(953,'16:25:56','16:26:16','5','2024-07-04 16:11:36',NULL,'2024-07-03',7,'15',20),(954,'17:17:16','17:17:36','5','2024-07-04 16:11:36',NULL,'2024-07-03',7,'15',20),(955,'18:08:36','18:08:56','5','2024-07-04 16:11:36',NULL,'2024-07-03',7,'15',20),(956,'18:59:56','19:00:16','5','2024-07-04 16:11:36',NULL,'2024-07-03',7,'15',20),(957,'19:51:16','19:51:36','5','2024-07-04 16:11:36',NULL,'2024-07-03',7,'15',20),(958,'20:42:36','20:42:56','5','2024-07-04 16:11:36',NULL,'2024-07-03',7,'15',20),(959,'21:33:56','21:34:16','5','2024-07-04 16:11:36',NULL,'2024-07-03',7,'15',20),(960,'22:25:16','22:25:36','5','2024-07-04 16:11:36',NULL,'2024-07-03',7,'15',20),(961,'06:03:24','06:03:44','5','2024-07-04 16:11:36',NULL,'2024-07-04',7,'15',20),(962,'06:54:44','06:55:04','5','2024-07-04 16:11:36',NULL,'2024-07-04',7,'15',20),(963,'07:46:04','07:46:24','5','2024-07-04 16:11:36',NULL,'2024-07-04',7,'15',20),(964,'08:37:24','08:37:44','5','2024-07-04 16:11:36',NULL,'2024-07-04',7,'15',20),(965,'09:28:44','09:29:04','5','2024-07-04 16:11:36',NULL,'2024-07-04',7,'15',20),(966,'10:20:04','10:20:24','5','2024-07-04 16:11:36',NULL,'2024-07-04',7,'15',20),(967,'11:11:24','11:11:44','5','2024-07-04 16:11:36',NULL,'2024-07-04',7,'15',20),(968,'12:02:44','12:03:04','5','2024-07-04 16:11:36',NULL,'2024-07-04',7,'15',20),(969,'12:54:04','12:54:24','5','2024-07-04 16:11:36',NULL,'2024-07-04',7,'15',20),(970,'13:45:24','13:45:44','5','2024-07-04 16:11:36',NULL,'2024-07-04',7,'15',20),(971,'14:36:44','14:37:04','5','2024-07-04 16:11:36',NULL,'2024-07-04',7,'15',20),(972,'15:28:04','15:28:24','5','2024-07-04 16:11:36',NULL,'2024-07-04',7,'15',20),(973,'16:19:24','16:19:44','5','2024-07-04 16:11:36',NULL,'2024-07-04',7,'15',20),(974,'17:10:44','17:11:04','5','2024-07-04 16:11:36',NULL,'2024-07-04',7,'15',20),(975,'18:02:04','18:02:24','5','2024-07-04 16:11:36',NULL,'2024-07-04',7,'15',20),(976,'18:53:24','18:53:44','5','2024-07-04 16:11:36',NULL,'2024-07-04',7,'15',20),(977,'19:44:44','19:45:04','5','2024-07-04 16:11:36',NULL,'2024-07-04',7,'15',20),(978,'20:36:04','20:36:24','5','2024-07-04 16:11:36',NULL,'2024-07-04',7,'15',20),(979,'21:27:24','21:27:44','5','2024-07-04 16:11:36',NULL,'2024-07-04',7,'15',20),(980,'22:18:44','22:19:04','5','2024-07-04 16:11:36',NULL,'2024-07-04',7,'15',20),(981,'06:07:01','06:07:21','5','2024-07-04 16:11:36',NULL,'2024-07-05',7,'15',20),(982,'06:58:21','06:58:41','5','2024-07-04 16:11:36',NULL,'2024-07-05',7,'15',20),(983,'07:49:41','07:50:01','5','2024-07-04 16:11:36',NULL,'2024-07-05',7,'15',20),(984,'08:41:01','08:41:21','5','2024-07-04 16:11:36',NULL,'2024-07-05',7,'15',20),(985,'09:32:21','09:32:41','5','2024-07-04 16:11:36',NULL,'2024-07-05',7,'15',20),(986,'10:23:41','10:24:01','5','2024-07-04 16:11:36',NULL,'2024-07-05',7,'15',20),(987,'11:15:01','11:15:21','5','2024-07-04 16:11:36',NULL,'2024-07-05',7,'15',20),(988,'12:06:21','12:06:41','5','2024-07-04 16:11:36',NULL,'2024-07-05',7,'15',20),(989,'12:57:41','12:58:01','5','2024-07-04 16:11:36',NULL,'2024-07-05',7,'15',20),(990,'13:49:01','13:49:21','5','2024-07-04 16:11:36',NULL,'2024-07-05',7,'15',20),(991,'14:40:21','14:40:41','5','2024-07-04 16:11:36',NULL,'2024-07-05',7,'15',20),(992,'15:31:41','15:32:01','5','2024-07-04 16:11:36',NULL,'2024-07-05',7,'15',20),(993,'16:23:01','16:23:21','5','2024-07-04 16:11:36',NULL,'2024-07-05',7,'15',20),(994,'17:14:21','17:14:41','5','2024-07-04 16:11:36',NULL,'2024-07-05',7,'15',20),(995,'18:05:41','18:06:01','5','2024-07-04 16:11:36',NULL,'2024-07-05',7,'15',20),(996,'18:57:01','18:57:21','5','2024-07-04 16:11:36',NULL,'2024-07-05',7,'15',20),(997,'19:48:21','19:48:41','5','2024-07-04 16:11:36',NULL,'2024-07-05',7,'15',20),(998,'20:39:41','20:40:01','5','2024-07-04 16:11:36',NULL,'2024-07-05',7,'15',20),(999,'21:31:01','21:31:21','5','2024-07-04 16:11:36',NULL,'2024-07-05',7,'15',20),(1000,'22:22:21','22:22:41','5','2024-07-04 16:11:36',NULL,'2024-07-05',7,'15',20),(1001,'06:02:48','06:03:08','6','2024-07-04 16:12:23',NULL,'2024-07-01',7,'14',20),(1002,'06:54:08','06:54:28','6','2024-07-04 16:12:23',NULL,'2024-07-01',7,'14',20),(1003,'07:45:28','07:45:48','6','2024-07-04 16:12:23',NULL,'2024-07-01',7,'14',20),(1004,'08:36:48','08:37:08','6','2024-07-04 16:12:23',NULL,'2024-07-01',7,'14',20),(1005,'09:28:08','09:28:28','6','2024-07-04 16:12:23',NULL,'2024-07-01',7,'14',20),(1006,'10:19:28','10:19:48','6','2024-07-04 16:12:23',NULL,'2024-07-01',7,'14',20),(1007,'11:10:48','11:11:08','6','2024-07-04 16:12:23',NULL,'2024-07-01',7,'14',20),(1008,'12:02:08','12:02:28','6','2024-07-04 16:12:23',NULL,'2024-07-01',7,'14',20),(1009,'12:53:28','12:53:48','6','2024-07-04 16:12:23',NULL,'2024-07-01',7,'14',20),(1010,'13:44:48','13:45:08','6','2024-07-04 16:12:23',NULL,'2024-07-01',7,'14',20),(1011,'14:36:08','14:36:28','6','2024-07-04 16:12:23',NULL,'2024-07-01',7,'14',20),(1012,'15:27:28','15:27:48','6','2024-07-04 16:12:23',NULL,'2024-07-01',7,'14',20),(1013,'16:18:48','16:19:08','6','2024-07-04 16:12:23',NULL,'2024-07-01',7,'14',20),(1014,'17:10:08','17:10:28','6','2024-07-04 16:12:23',NULL,'2024-07-01',7,'14',20),(1015,'18:01:28','18:01:48','6','2024-07-04 16:12:23',NULL,'2024-07-01',7,'14',20),(1016,'18:52:48','18:53:08','6','2024-07-04 16:12:23',NULL,'2024-07-01',7,'14',20),(1017,'19:44:08','19:44:28','6','2024-07-04 16:12:23',NULL,'2024-07-01',7,'14',20),(1018,'20:35:28','20:35:48','6','2024-07-04 16:12:23',NULL,'2024-07-01',7,'14',20),(1019,'21:26:48','21:27:08','6','2024-07-04 16:12:23',NULL,'2024-07-01',7,'14',20),(1020,'22:18:08','22:18:28','6','2024-07-04 16:12:23',NULL,'2024-07-01',7,'14',20),(1021,'06:04:07','06:04:27','6','2024-07-04 16:12:23',NULL,'2024-07-02',7,'14',20),(1022,'06:55:27','06:55:47','6','2024-07-04 16:12:23',NULL,'2024-07-02',7,'14',20),(1023,'07:46:47','07:47:07','6','2024-07-04 16:12:23',NULL,'2024-07-02',7,'14',20),(1024,'08:38:07','08:38:27','6','2024-07-04 16:12:23',NULL,'2024-07-02',7,'14',20),(1025,'09:29:27','09:29:47','6','2024-07-04 16:12:23',NULL,'2024-07-02',7,'14',20),(1026,'10:20:47','10:21:07','6','2024-07-04 16:12:23',NULL,'2024-07-02',7,'14',20),(1027,'11:12:07','11:12:27','6','2024-07-04 16:12:23',NULL,'2024-07-02',7,'14',20),(1028,'12:03:27','12:03:47','6','2024-07-04 16:12:23',NULL,'2024-07-02',7,'14',20),(1029,'12:54:47','12:55:07','6','2024-07-04 16:12:23',NULL,'2024-07-02',7,'14',20),(1030,'13:46:07','13:46:27','6','2024-07-04 16:12:23',NULL,'2024-07-02',7,'14',20),(1031,'14:37:27','14:37:47','6','2024-07-04 16:12:23',NULL,'2024-07-02',7,'14',20),(1032,'15:28:47','15:29:07','6','2024-07-04 16:12:23',NULL,'2024-07-02',7,'14',20),(1033,'16:20:07','16:20:27','6','2024-07-04 16:12:23',NULL,'2024-07-02',7,'14',20),(1034,'17:11:27','17:11:47','6','2024-07-04 16:12:23',NULL,'2024-07-02',7,'14',20),(1035,'18:02:47','18:03:07','6','2024-07-04 16:12:23',NULL,'2024-07-02',7,'14',20),(1036,'18:54:07','18:54:27','6','2024-07-04 16:12:23',NULL,'2024-07-02',7,'14',20),(1037,'19:45:27','19:45:47','6','2024-07-04 16:12:23',NULL,'2024-07-02',7,'14',20),(1038,'20:36:47','20:37:07','6','2024-07-04 16:12:23',NULL,'2024-07-02',7,'14',20),(1039,'21:28:07','21:28:27','6','2024-07-04 16:12:23',NULL,'2024-07-02',7,'14',20),(1040,'22:19:27','22:19:47','6','2024-07-04 16:12:23',NULL,'2024-07-02',7,'14',20),(1041,'06:06:09','06:06:29','6','2024-07-04 16:12:23',NULL,'2024-07-03',7,'14',20),(1042,'06:57:29','06:57:49','6','2024-07-04 16:12:23',NULL,'2024-07-03',7,'14',20),(1043,'07:48:49','07:49:09','6','2024-07-04 16:12:23',NULL,'2024-07-03',7,'14',20),(1044,'08:40:09','08:40:29','6','2024-07-04 16:12:23',NULL,'2024-07-03',7,'14',20),(1045,'09:31:29','09:31:49','6','2024-07-04 16:12:23',NULL,'2024-07-03',7,'14',20),(1046,'10:22:49','10:23:09','6','2024-07-04 16:12:23',NULL,'2024-07-03',7,'14',20),(1047,'11:14:09','11:14:29','6','2024-07-04 16:12:23',NULL,'2024-07-03',7,'14',20),(1048,'12:05:29','12:05:49','6','2024-07-04 16:12:23',NULL,'2024-07-03',7,'14',20),(1049,'12:56:49','12:57:09','6','2024-07-04 16:12:23',NULL,'2024-07-03',7,'14',20),(1050,'13:48:09','13:48:29','6','2024-07-04 16:12:23',NULL,'2024-07-03',7,'14',20),(1051,'14:39:29','14:39:49','6','2024-07-04 16:12:23',NULL,'2024-07-03',7,'14',20),(1052,'15:30:49','15:31:09','6','2024-07-04 16:12:23',NULL,'2024-07-03',7,'14',20),(1053,'16:22:09','16:22:29','6','2024-07-04 16:12:23',NULL,'2024-07-03',7,'14',20),(1054,'17:13:29','17:13:49','6','2024-07-04 16:12:23',NULL,'2024-07-03',7,'14',20),(1055,'18:04:49','18:05:09','6','2024-07-04 16:12:23',NULL,'2024-07-03',7,'14',20),(1056,'18:56:09','18:56:29','6','2024-07-04 16:12:23',NULL,'2024-07-03',7,'14',20),(1057,'19:47:29','19:47:49','6','2024-07-04 16:12:23',NULL,'2024-07-03',7,'14',20),(1058,'20:38:49','20:39:09','6','2024-07-04 16:12:23',NULL,'2024-07-03',7,'14',20),(1059,'21:30:09','21:30:29','6','2024-07-04 16:12:23',NULL,'2024-07-03',7,'14',20),(1060,'22:21:29','22:21:49','6','2024-07-04 16:12:23',NULL,'2024-07-03',7,'14',20),(1061,'06:06:54','06:07:14','6','2024-07-04 16:12:23',NULL,'2024-07-04',7,'14',20),(1062,'06:58:14','06:58:34','6','2024-07-04 16:12:23',NULL,'2024-07-04',7,'14',20),(1063,'07:49:34','07:49:54','6','2024-07-04 16:12:23',NULL,'2024-07-04',7,'14',20),(1064,'08:40:54','08:41:14','6','2024-07-04 16:12:23',NULL,'2024-07-04',7,'14',20),(1065,'09:32:14','09:32:34','6','2024-07-04 16:12:23',NULL,'2024-07-04',7,'14',20),(1066,'10:23:34','10:23:54','6','2024-07-04 16:12:23',NULL,'2024-07-04',7,'14',20),(1067,'11:14:54','11:15:14','6','2024-07-04 16:12:23',NULL,'2024-07-04',7,'14',20),(1068,'12:06:14','12:06:34','6','2024-07-04 16:12:23',NULL,'2024-07-04',7,'14',20),(1069,'12:57:34','12:57:54','6','2024-07-04 16:12:23',NULL,'2024-07-04',7,'14',20),(1070,'13:48:54','13:49:14','6','2024-07-04 16:12:23',NULL,'2024-07-04',7,'14',20),(1071,'14:40:14','14:40:34','6','2024-07-04 16:12:23',NULL,'2024-07-04',7,'14',20),(1072,'15:31:34','15:31:54','6','2024-07-04 16:12:23',NULL,'2024-07-04',7,'14',20),(1073,'16:22:54','16:23:14','6','2024-07-04 16:12:23',NULL,'2024-07-04',7,'14',20),(1074,'17:14:14','17:14:34','6','2024-07-04 16:12:23',NULL,'2024-07-04',7,'14',20),(1075,'18:05:34','18:05:54','6','2024-07-04 16:12:23',NULL,'2024-07-04',7,'14',20),(1076,'18:56:54','18:57:14','6','2024-07-04 16:12:23',NULL,'2024-07-04',7,'14',20),(1077,'19:48:14','19:48:34','6','2024-07-04 16:12:23',NULL,'2024-07-04',7,'14',20),(1078,'20:39:34','20:39:54','6','2024-07-04 16:12:23',NULL,'2024-07-04',7,'14',20),(1079,'21:30:54','21:31:14','6','2024-07-04 16:12:23',NULL,'2024-07-04',7,'14',20),(1080,'22:22:14','22:22:34','6','2024-07-04 16:12:23',NULL,'2024-07-04',7,'14',20),(1081,'06:06:59','06:07:19','6','2024-07-04 16:12:23',NULL,'2024-07-05',7,'14',20),(1082,'06:58:19','06:58:39','6','2024-07-04 16:12:23',NULL,'2024-07-05',7,'14',20),(1083,'07:49:39','07:49:59','6','2024-07-04 16:12:23',NULL,'2024-07-05',7,'14',20),(1084,'08:40:59','08:41:19','6','2024-07-04 16:12:23',NULL,'2024-07-05',7,'14',20),(1085,'09:32:19','09:32:39','6','2024-07-04 16:12:23',NULL,'2024-07-05',7,'14',20),(1086,'10:23:39','10:23:59','6','2024-07-04 16:12:23',NULL,'2024-07-05',7,'14',20),(1087,'11:14:59','11:15:19','6','2024-07-04 16:12:23',NULL,'2024-07-05',7,'14',20),(1088,'12:06:19','12:06:39','6','2024-07-04 16:12:23',NULL,'2024-07-05',7,'14',20),(1089,'12:57:39','12:57:59','6','2024-07-04 16:12:23',NULL,'2024-07-05',7,'14',20),(1090,'13:48:59','13:49:19','6','2024-07-04 16:12:23',NULL,'2024-07-05',7,'14',20),(1091,'14:40:19','14:40:39','6','2024-07-04 16:12:23',NULL,'2024-07-05',7,'14',20),(1092,'15:31:39','15:31:59','6','2024-07-04 16:12:23',NULL,'2024-07-05',7,'14',20),(1093,'16:22:59','16:23:19','6','2024-07-04 16:12:23',NULL,'2024-07-05',7,'14',20),(1094,'17:14:19','17:14:39','6','2024-07-04 16:12:23',NULL,'2024-07-05',7,'14',20),(1095,'18:05:39','18:05:59','6','2024-07-04 16:12:23',NULL,'2024-07-05',7,'14',20),(1096,'18:56:59','18:57:19','6','2024-07-04 16:12:23',NULL,'2024-07-05',7,'14',20),(1097,'19:48:19','19:48:39','6','2024-07-04 16:12:23',NULL,'2024-07-05',7,'14',20),(1098,'20:39:39','20:39:59','6','2024-07-04 16:12:23',NULL,'2024-07-05',7,'14',20),(1099,'21:30:59','21:31:19','6','2024-07-04 16:12:23',NULL,'2024-07-05',7,'14',20),(1100,'22:22:19','22:22:39','6','2024-07-04 16:12:23',NULL,'2024-07-05',7,'14',20),(1101,'06:04:19','06:04:39','6','2024-07-04 16:12:23',NULL,'2024-07-01',7,'15',20),(1102,'06:55:39','06:55:59','6','2024-07-04 16:12:23',NULL,'2024-07-01',7,'15',20),(1103,'07:46:59','07:47:19','6','2024-07-04 16:12:23',NULL,'2024-07-01',7,'15',20),(1104,'08:38:19','08:38:39','6','2024-07-04 16:12:23',NULL,'2024-07-01',7,'15',20),(1105,'09:29:39','09:29:59','6','2024-07-04 16:12:23',NULL,'2024-07-01',7,'15',20),(1106,'10:20:59','10:21:19','6','2024-07-04 16:12:23',NULL,'2024-07-01',7,'15',20),(1107,'11:12:19','11:12:39','6','2024-07-04 16:12:23',NULL,'2024-07-01',7,'15',20),(1108,'12:03:39','12:03:59','6','2024-07-04 16:12:23',NULL,'2024-07-01',7,'15',20),(1109,'12:54:59','12:55:19','6','2024-07-04 16:12:23',NULL,'2024-07-01',7,'15',20),(1110,'13:46:19','13:46:39','6','2024-07-04 16:12:23',NULL,'2024-07-01',7,'15',20),(1111,'14:37:39','14:37:59','6','2024-07-04 16:12:23',NULL,'2024-07-01',7,'15',20),(1112,'15:28:59','15:29:19','6','2024-07-04 16:12:23',NULL,'2024-07-01',7,'15',20),(1113,'16:20:19','16:20:39','6','2024-07-04 16:12:23',NULL,'2024-07-01',7,'15',20),(1114,'17:11:39','17:11:59','6','2024-07-04 16:12:23',NULL,'2024-07-01',7,'15',20),(1115,'18:02:59','18:03:19','6','2024-07-04 16:12:23',NULL,'2024-07-01',7,'15',20),(1116,'18:54:19','18:54:39','6','2024-07-04 16:12:23',NULL,'2024-07-01',7,'15',20),(1117,'19:45:39','19:45:59','6','2024-07-04 16:12:23',NULL,'2024-07-01',7,'15',20),(1118,'20:36:59','20:37:19','6','2024-07-04 16:12:23',NULL,'2024-07-01',7,'15',20),(1119,'21:28:19','21:28:39','6','2024-07-04 16:12:23',NULL,'2024-07-01',7,'15',20),(1120,'22:19:39','22:19:59','6','2024-07-04 16:12:23',NULL,'2024-07-01',7,'15',20),(1121,'06:05:30','06:05:50','6','2024-07-04 16:12:23',NULL,'2024-07-02',7,'15',20),(1122,'06:56:50','06:57:10','6','2024-07-04 16:12:23',NULL,'2024-07-02',7,'15',20),(1123,'07:48:10','07:48:30','6','2024-07-04 16:12:23',NULL,'2024-07-02',7,'15',20),(1124,'08:39:30','08:39:50','6','2024-07-04 16:12:23',NULL,'2024-07-02',7,'15',20),(1125,'09:30:50','09:31:10','6','2024-07-04 16:12:23',NULL,'2024-07-02',7,'15',20),(1126,'10:22:10','10:22:30','6','2024-07-04 16:12:23',NULL,'2024-07-02',7,'15',20),(1127,'11:13:30','11:13:50','6','2024-07-04 16:12:23',NULL,'2024-07-02',7,'15',20),(1128,'12:04:50','12:05:10','6','2024-07-04 16:12:23',NULL,'2024-07-02',7,'15',20),(1129,'12:56:10','12:56:30','6','2024-07-04 16:12:23',NULL,'2024-07-02',7,'15',20),(1130,'13:47:30','13:47:50','6','2024-07-04 16:12:23',NULL,'2024-07-02',7,'15',20),(1131,'14:38:50','14:39:10','6','2024-07-04 16:12:23',NULL,'2024-07-02',7,'15',20),(1132,'15:30:10','15:30:30','6','2024-07-04 16:12:23',NULL,'2024-07-02',7,'15',20),(1133,'16:21:30','16:21:50','6','2024-07-04 16:12:23',NULL,'2024-07-02',7,'15',20),(1134,'17:12:50','17:13:10','6','2024-07-04 16:12:23',NULL,'2024-07-02',7,'15',20),(1135,'18:04:10','18:04:30','6','2024-07-04 16:12:23',NULL,'2024-07-02',7,'15',20),(1136,'18:55:30','18:55:50','6','2024-07-04 16:12:23',NULL,'2024-07-02',7,'15',20),(1137,'19:46:50','19:47:10','6','2024-07-04 16:12:23',NULL,'2024-07-02',7,'15',20),(1138,'20:38:10','20:38:30','6','2024-07-04 16:12:23',NULL,'2024-07-02',7,'15',20),(1139,'21:29:30','21:29:50','6','2024-07-04 16:12:23',NULL,'2024-07-02',7,'15',20),(1140,'22:20:50','22:21:10','6','2024-07-04 16:12:23',NULL,'2024-07-02',7,'15',20),(1141,'06:01:23','06:01:43','6','2024-07-04 16:12:23',NULL,'2024-07-03',7,'15',20),(1142,'06:52:43','06:53:03','6','2024-07-04 16:12:23',NULL,'2024-07-03',7,'15',20),(1143,'07:44:03','07:44:23','6','2024-07-04 16:12:23',NULL,'2024-07-03',7,'15',20),(1144,'08:35:23','08:35:43','6','2024-07-04 16:12:23',NULL,'2024-07-03',7,'15',20),(1145,'09:26:43','09:27:03','6','2024-07-04 16:12:23',NULL,'2024-07-03',7,'15',20),(1146,'10:18:03','10:18:23','6','2024-07-04 16:12:23',NULL,'2024-07-03',7,'15',20),(1147,'11:09:23','11:09:43','6','2024-07-04 16:12:23',NULL,'2024-07-03',7,'15',20),(1148,'12:00:43','12:01:03','6','2024-07-04 16:12:23',NULL,'2024-07-03',7,'15',20),(1149,'12:52:03','12:52:23','6','2024-07-04 16:12:23',NULL,'2024-07-03',7,'15',20),(1150,'13:43:23','13:43:43','6','2024-07-04 16:12:23',NULL,'2024-07-03',7,'15',20),(1151,'14:34:43','14:35:03','6','2024-07-04 16:12:23',NULL,'2024-07-03',7,'15',20),(1152,'15:26:03','15:26:23','6','2024-07-04 16:12:23',NULL,'2024-07-03',7,'15',20),(1153,'16:17:23','16:17:43','6','2024-07-04 16:12:23',NULL,'2024-07-03',7,'15',20),(1154,'17:08:43','17:09:03','6','2024-07-04 16:12:23',NULL,'2024-07-03',7,'15',20),(1155,'18:00:03','18:00:23','6','2024-07-04 16:12:23',NULL,'2024-07-03',7,'15',20),(1156,'18:51:23','18:51:43','6','2024-07-04 16:12:23',NULL,'2024-07-03',7,'15',20),(1157,'19:42:43','19:43:03','6','2024-07-04 16:12:23',NULL,'2024-07-03',7,'15',20),(1158,'20:34:03','20:34:23','6','2024-07-04 16:12:23',NULL,'2024-07-03',7,'15',20),(1159,'21:25:23','21:25:43','6','2024-07-04 16:12:23',NULL,'2024-07-03',7,'15',20),(1160,'22:16:43','22:17:03','6','2024-07-04 16:12:23',NULL,'2024-07-03',7,'15',20),(1161,'06:01:47','06:02:07','6','2024-07-04 16:12:23',NULL,'2024-07-04',7,'15',20),(1162,'06:53:07','06:53:27','6','2024-07-04 16:12:23',NULL,'2024-07-04',7,'15',20),(1163,'07:44:27','07:44:47','6','2024-07-04 16:12:23',NULL,'2024-07-04',7,'15',20),(1164,'08:35:47','08:36:07','6','2024-07-04 16:12:23',NULL,'2024-07-04',7,'15',20),(1165,'09:27:07','09:27:27','6','2024-07-04 16:12:23',NULL,'2024-07-04',7,'15',20),(1166,'10:18:27','10:18:47','6','2024-07-04 16:12:23',NULL,'2024-07-04',7,'15',20),(1167,'11:09:47','11:10:07','6','2024-07-04 16:12:23',NULL,'2024-07-04',7,'15',20),(1168,'12:01:07','12:01:27','6','2024-07-04 16:12:23',NULL,'2024-07-04',7,'15',20),(1169,'12:52:27','12:52:47','6','2024-07-04 16:12:23',NULL,'2024-07-04',7,'15',20),(1170,'13:43:47','13:44:07','6','2024-07-04 16:12:23',NULL,'2024-07-04',7,'15',20),(1171,'14:35:07','14:35:27','6','2024-07-04 16:12:23',NULL,'2024-07-04',7,'15',20),(1172,'15:26:27','15:26:47','6','2024-07-04 16:12:23',NULL,'2024-07-04',7,'15',20),(1173,'16:17:47','16:18:07','6','2024-07-04 16:12:23',NULL,'2024-07-04',7,'15',20),(1174,'17:09:07','17:09:27','6','2024-07-04 16:12:23',NULL,'2024-07-04',7,'15',20),(1175,'18:00:27','18:00:47','6','2024-07-04 16:12:23',NULL,'2024-07-04',7,'15',20),(1176,'18:51:47','18:52:07','6','2024-07-04 16:12:23',NULL,'2024-07-04',7,'15',20),(1177,'19:43:07','19:43:27','6','2024-07-04 16:12:23',NULL,'2024-07-04',7,'15',20),(1178,'20:34:27','20:34:47','6','2024-07-04 16:12:23',NULL,'2024-07-04',7,'15',20),(1179,'21:25:47','21:26:07','6','2024-07-04 16:12:23',NULL,'2024-07-04',7,'15',20),(1180,'22:17:07','22:17:27','6','2024-07-04 16:12:23',NULL,'2024-07-04',7,'15',20),(1181,'06:04:43','06:05:03','6','2024-07-04 16:12:23',NULL,'2024-07-05',7,'15',20),(1182,'06:56:03','06:56:23','6','2024-07-04 16:12:23',NULL,'2024-07-05',7,'15',20),(1183,'07:47:23','07:47:43','6','2024-07-04 16:12:23',NULL,'2024-07-05',7,'15',20),(1184,'08:38:43','08:39:03','6','2024-07-04 16:12:23',NULL,'2024-07-05',7,'15',20),(1185,'09:30:03','09:30:23','6','2024-07-04 16:12:23',NULL,'2024-07-05',7,'15',20),(1186,'10:21:23','10:21:43','6','2024-07-04 16:12:23',NULL,'2024-07-05',7,'15',20),(1187,'11:12:43','11:13:03','6','2024-07-04 16:12:23',NULL,'2024-07-05',7,'15',20),(1188,'12:04:03','12:04:23','6','2024-07-04 16:12:23',NULL,'2024-07-05',7,'15',20),(1189,'12:55:23','12:55:43','6','2024-07-04 16:12:23',NULL,'2024-07-05',7,'15',20),(1190,'13:46:43','13:47:03','6','2024-07-04 16:12:23',NULL,'2024-07-05',7,'15',20),(1191,'14:38:03','14:38:23','6','2024-07-04 16:12:23',NULL,'2024-07-05',7,'15',20),(1192,'15:29:23','15:29:43','6','2024-07-04 16:12:23',NULL,'2024-07-05',7,'15',20),(1193,'16:20:43','16:21:03','6','2024-07-04 16:12:23',NULL,'2024-07-05',7,'15',20),(1194,'17:12:03','17:12:23','6','2024-07-04 16:12:23',NULL,'2024-07-05',7,'15',20),(1195,'18:03:23','18:03:43','6','2024-07-04 16:12:23',NULL,'2024-07-05',7,'15',20),(1196,'18:54:43','18:55:03','6','2024-07-04 16:12:23',NULL,'2024-07-05',7,'15',20),(1197,'19:46:03','19:46:23','6','2024-07-04 16:12:23',NULL,'2024-07-05',7,'15',20),(1198,'20:37:23','20:37:43','6','2024-07-04 16:12:23',NULL,'2024-07-05',7,'15',20),(1199,'21:28:43','21:29:03','6','2024-07-04 16:12:23',NULL,'2024-07-05',7,'15',20),(1200,'22:20:03','22:20:23','6','2024-07-04 16:12:23',NULL,'2024-07-05',7,'15',20),(1201,'06:04:36','06:04:56','7','2024-07-04 16:14:49',NULL,'2024-07-01',7,'14',20),(1202,'06:55:56','06:56:16','7','2024-07-04 16:14:49',NULL,'2024-07-01',7,'14',20),(1203,'07:47:16','07:47:36','7','2024-07-04 16:14:49',NULL,'2024-07-01',7,'14',20),(1204,'08:38:36','08:38:56','7','2024-07-04 16:14:49',NULL,'2024-07-01',7,'14',20),(1205,'09:29:56','09:30:16','7','2024-07-04 16:14:49',NULL,'2024-07-01',7,'14',20),(1206,'10:21:16','10:21:36','7','2024-07-04 16:14:49',NULL,'2024-07-01',7,'14',20),(1207,'11:12:36','11:12:56','7','2024-07-04 16:14:49',NULL,'2024-07-01',7,'14',20),(1208,'12:03:56','12:04:16','7','2024-07-04 16:14:49',NULL,'2024-07-01',7,'14',20),(1209,'12:55:16','12:55:36','7','2024-07-04 16:14:49',NULL,'2024-07-01',7,'14',20),(1210,'13:46:36','13:46:56','7','2024-07-04 16:14:49',NULL,'2024-07-01',7,'14',20),(1211,'14:37:56','14:38:16','7','2024-07-04 16:14:49',NULL,'2024-07-01',7,'14',20),(1212,'15:29:16','15:29:36','7','2024-07-04 16:14:49',NULL,'2024-07-01',7,'14',20),(1213,'16:20:36','16:20:56','7','2024-07-04 16:14:49',NULL,'2024-07-01',7,'14',20),(1214,'17:11:56','17:12:16','7','2024-07-04 16:14:49',NULL,'2024-07-01',7,'14',20),(1215,'18:03:16','18:03:36','7','2024-07-04 16:14:49',NULL,'2024-07-01',7,'14',20),(1216,'18:54:36','18:54:56','7','2024-07-04 16:14:49',NULL,'2024-07-01',7,'14',20),(1217,'19:45:56','19:46:16','7','2024-07-04 16:14:49',NULL,'2024-07-01',7,'14',20),(1218,'20:37:16','20:37:36','7','2024-07-04 16:14:49',NULL,'2024-07-01',7,'14',20),(1219,'21:28:36','21:28:56','7','2024-07-04 16:14:49',NULL,'2024-07-01',7,'14',20),(1220,'22:19:56','22:20:16','7','2024-07-04 16:14:49',NULL,'2024-07-01',7,'14',20),(1221,'06:03:17','06:03:37','7','2024-07-04 16:14:49',NULL,'2024-07-02',7,'14',20),(1222,'06:54:37','06:54:57','7','2024-07-04 16:14:49',NULL,'2024-07-02',7,'14',20),(1223,'07:45:57','07:46:17','7','2024-07-04 16:14:49',NULL,'2024-07-02',7,'14',20),(1224,'08:37:17','08:37:37','7','2024-07-04 16:14:49',NULL,'2024-07-02',7,'14',20),(1225,'09:28:37','09:28:57','7','2024-07-04 16:14:49',NULL,'2024-07-02',7,'14',20),(1226,'10:19:57','10:20:17','7','2024-07-04 16:14:49',NULL,'2024-07-02',7,'14',20),(1227,'11:11:17','11:11:37','7','2024-07-04 16:14:49',NULL,'2024-07-02',7,'14',20),(1228,'12:02:37','12:02:57','7','2024-07-04 16:14:49',NULL,'2024-07-02',7,'14',20),(1229,'12:53:57','12:54:17','7','2024-07-04 16:14:49',NULL,'2024-07-02',7,'14',20),(1230,'13:45:17','13:45:37','7','2024-07-04 16:14:49',NULL,'2024-07-02',7,'14',20),(1231,'14:36:37','14:36:57','7','2024-07-04 16:14:49',NULL,'2024-07-02',7,'14',20),(1232,'15:27:57','15:28:17','7','2024-07-04 16:14:49',NULL,'2024-07-02',7,'14',20),(1233,'16:19:17','16:19:37','7','2024-07-04 16:14:49',NULL,'2024-07-02',7,'14',20),(1234,'17:10:37','17:10:57','7','2024-07-04 16:14:49',NULL,'2024-07-02',7,'14',20),(1235,'18:01:57','18:02:17','7','2024-07-04 16:14:49',NULL,'2024-07-02',7,'14',20),(1236,'18:53:17','18:53:37','7','2024-07-04 16:14:49',NULL,'2024-07-02',7,'14',20),(1237,'19:44:37','19:44:57','7','2024-07-04 16:14:49',NULL,'2024-07-02',7,'14',20),(1238,'20:35:57','20:36:17','7','2024-07-04 16:14:49',NULL,'2024-07-02',7,'14',20),(1239,'21:27:17','21:27:37','7','2024-07-04 16:14:49',NULL,'2024-07-02',7,'14',20),(1240,'22:18:37','22:18:57','7','2024-07-04 16:14:49',NULL,'2024-07-02',7,'14',20),(1241,'06:02:03','06:02:23','7','2024-07-04 16:14:49',NULL,'2024-07-03',7,'14',20),(1242,'06:53:23','06:53:43','7','2024-07-04 16:14:49',NULL,'2024-07-03',7,'14',20),(1243,'07:44:43','07:45:03','7','2024-07-04 16:14:49',NULL,'2024-07-03',7,'14',20),(1244,'08:36:03','08:36:23','7','2024-07-04 16:14:49',NULL,'2024-07-03',7,'14',20),(1245,'09:27:23','09:27:43','7','2024-07-04 16:14:49',NULL,'2024-07-03',7,'14',20),(1246,'10:18:43','10:19:03','7','2024-07-04 16:14:49',NULL,'2024-07-03',7,'14',20),(1247,'11:10:03','11:10:23','7','2024-07-04 16:14:49',NULL,'2024-07-03',7,'14',20),(1248,'12:01:23','12:01:43','7','2024-07-04 16:14:49',NULL,'2024-07-03',7,'14',20),(1249,'12:52:43','12:53:03','7','2024-07-04 16:14:49',NULL,'2024-07-03',7,'14',20),(1250,'13:44:03','13:44:23','7','2024-07-04 16:14:49',NULL,'2024-07-03',7,'14',20),(1251,'14:35:23','14:35:43','7','2024-07-04 16:14:49',NULL,'2024-07-03',7,'14',20),(1252,'15:26:43','15:27:03','7','2024-07-04 16:14:49',NULL,'2024-07-03',7,'14',20),(1253,'16:18:03','16:18:23','7','2024-07-04 16:14:49',NULL,'2024-07-03',7,'14',20),(1254,'17:09:23','17:09:43','7','2024-07-04 16:14:49',NULL,'2024-07-03',7,'14',20),(1255,'18:00:43','18:01:03','7','2024-07-04 16:14:49',NULL,'2024-07-03',7,'14',20),(1256,'18:52:03','18:52:23','7','2024-07-04 16:14:49',NULL,'2024-07-03',7,'14',20),(1257,'19:43:23','19:43:43','7','2024-07-04 16:14:49',NULL,'2024-07-03',7,'14',20),(1258,'20:34:43','20:35:03','7','2024-07-04 16:14:49',NULL,'2024-07-03',7,'14',20),(1259,'21:26:03','21:26:23','7','2024-07-04 16:14:49',NULL,'2024-07-03',7,'14',20),(1260,'22:17:23','22:17:43','7','2024-07-04 16:14:49',NULL,'2024-07-03',7,'14',20),(1261,'06:05:22','06:05:42','7','2024-07-04 16:14:49',NULL,'2024-07-04',7,'14',20),(1262,'06:56:42','06:57:02','7','2024-07-04 16:14:49',NULL,'2024-07-04',7,'14',20),(1263,'07:48:02','07:48:22','7','2024-07-04 16:14:49',NULL,'2024-07-04',7,'14',20),(1264,'08:39:22','08:39:42','7','2024-07-04 16:14:49',NULL,'2024-07-04',7,'14',20),(1265,'09:30:42','09:31:02','7','2024-07-04 16:14:49',NULL,'2024-07-04',7,'14',20),(1266,'10:22:02','10:22:22','7','2024-07-04 16:14:49',NULL,'2024-07-04',7,'14',20),(1267,'11:13:22','11:13:42','7','2024-07-04 16:14:49',NULL,'2024-07-04',7,'14',20),(1268,'12:04:42','12:05:02','7','2024-07-04 16:14:49',NULL,'2024-07-04',7,'14',20),(1269,'12:56:02','12:56:22','7','2024-07-04 16:14:49',NULL,'2024-07-04',7,'14',20),(1270,'13:47:22','13:47:42','7','2024-07-04 16:14:49',NULL,'2024-07-04',7,'14',20),(1271,'14:38:42','14:39:02','7','2024-07-04 16:14:49',NULL,'2024-07-04',7,'14',20),(1272,'15:30:02','15:30:22','7','2024-07-04 16:14:49',NULL,'2024-07-04',7,'14',20),(1273,'16:21:22','16:21:42','7','2024-07-04 16:14:49',NULL,'2024-07-04',7,'14',20),(1274,'17:12:42','17:13:02','7','2024-07-04 16:14:49',NULL,'2024-07-04',7,'14',20),(1275,'18:04:02','18:04:22','7','2024-07-04 16:14:49',NULL,'2024-07-04',7,'14',20),(1276,'18:55:22','18:55:42','7','2024-07-04 16:14:49',NULL,'2024-07-04',7,'14',20),(1277,'19:46:42','19:47:02','7','2024-07-04 16:14:49',NULL,'2024-07-04',7,'14',20),(1278,'20:38:02','20:38:22','7','2024-07-04 16:14:49',NULL,'2024-07-04',7,'14',20),(1279,'21:29:22','21:29:42','7','2024-07-04 16:14:49',NULL,'2024-07-04',7,'14',20),(1280,'22:20:42','22:21:02','7','2024-07-04 16:14:49',NULL,'2024-07-04',7,'14',20),(1281,'06:01:52','06:02:12','7','2024-07-04 16:14:49',NULL,'2024-07-05',7,'14',20),(1282,'06:53:12','06:53:32','7','2024-07-04 16:14:49',NULL,'2024-07-05',7,'14',20),(1283,'07:44:32','07:44:52','7','2024-07-04 16:14:49',NULL,'2024-07-05',7,'14',20),(1284,'08:35:52','08:36:12','7','2024-07-04 16:14:49',NULL,'2024-07-05',7,'14',20),(1285,'09:27:12','09:27:32','7','2024-07-04 16:14:49',NULL,'2024-07-05',7,'14',20),(1286,'10:18:32','10:18:52','7','2024-07-04 16:14:49',NULL,'2024-07-05',7,'14',20),(1287,'11:09:52','11:10:12','7','2024-07-04 16:14:49',NULL,'2024-07-05',7,'14',20),(1288,'12:01:12','12:01:32','7','2024-07-04 16:14:49',NULL,'2024-07-05',7,'14',20),(1289,'12:52:32','12:52:52','7','2024-07-04 16:14:49',NULL,'2024-07-05',7,'14',20),(1290,'13:43:52','13:44:12','7','2024-07-04 16:14:49',NULL,'2024-07-05',7,'14',20),(1291,'14:35:12','14:35:32','7','2024-07-04 16:14:49',NULL,'2024-07-05',7,'14',20),(1292,'15:26:32','15:26:52','7','2024-07-04 16:14:49',NULL,'2024-07-05',7,'14',20),(1293,'16:17:52','16:18:12','7','2024-07-04 16:14:49',NULL,'2024-07-05',7,'14',20),(1294,'17:09:12','17:09:32','7','2024-07-04 16:14:49',NULL,'2024-07-05',7,'14',20),(1295,'18:00:32','18:00:52','7','2024-07-04 16:14:49',NULL,'2024-07-05',7,'14',20),(1296,'18:51:52','18:52:12','7','2024-07-04 16:14:49',NULL,'2024-07-05',7,'14',20),(1297,'19:43:12','19:43:32','7','2024-07-04 16:14:49',NULL,'2024-07-05',7,'14',20),(1298,'20:34:32','20:34:52','7','2024-07-04 16:14:49',NULL,'2024-07-05',7,'14',20),(1299,'21:25:52','21:26:12','7','2024-07-04 16:14:49',NULL,'2024-07-05',7,'14',20),(1300,'22:17:12','22:17:32','7','2024-07-04 16:14:49',NULL,'2024-07-05',7,'14',20),(1301,'06:05:31','06:05:51','7','2024-07-04 16:14:49',NULL,'2024-07-01',7,'15',20),(1302,'06:56:51','06:57:11','7','2024-07-04 16:14:49',NULL,'2024-07-01',7,'15',20),(1303,'07:48:11','07:48:31','7','2024-07-04 16:14:49',NULL,'2024-07-01',7,'15',20),(1304,'08:39:31','08:39:51','7','2024-07-04 16:14:49',NULL,'2024-07-01',7,'15',20),(1305,'09:30:51','09:31:11','7','2024-07-04 16:14:49',NULL,'2024-07-01',7,'15',20),(1306,'10:22:11','10:22:31','7','2024-07-04 16:14:49',NULL,'2024-07-01',7,'15',20),(1307,'11:13:31','11:13:51','7','2024-07-04 16:14:49',NULL,'2024-07-01',7,'15',20),(1308,'12:04:51','12:05:11','7','2024-07-04 16:14:49',NULL,'2024-07-01',7,'15',20),(1309,'12:56:11','12:56:31','7','2024-07-04 16:14:49',NULL,'2024-07-01',7,'15',20),(1310,'13:47:31','13:47:51','7','2024-07-04 16:14:49',NULL,'2024-07-01',7,'15',20),(1311,'14:38:51','14:39:11','7','2024-07-04 16:14:49',NULL,'2024-07-01',7,'15',20),(1312,'15:30:11','15:30:31','7','2024-07-04 16:14:49',NULL,'2024-07-01',7,'15',20),(1313,'16:21:31','16:21:51','7','2024-07-04 16:14:49',NULL,'2024-07-01',7,'15',20),(1314,'17:12:51','17:13:11','7','2024-07-04 16:14:49',NULL,'2024-07-01',7,'15',20),(1315,'18:04:11','18:04:31','7','2024-07-04 16:14:49',NULL,'2024-07-01',7,'15',20),(1316,'18:55:31','18:55:51','7','2024-07-04 16:14:49',NULL,'2024-07-01',7,'15',20),(1317,'19:46:51','19:47:11','7','2024-07-04 16:14:49',NULL,'2024-07-01',7,'15',20),(1318,'20:38:11','20:38:31','7','2024-07-04 16:14:49',NULL,'2024-07-01',7,'15',20),(1319,'21:29:31','21:29:51','7','2024-07-04 16:14:49',NULL,'2024-07-01',7,'15',20),(1320,'22:20:51','22:21:11','7','2024-07-04 16:14:49',NULL,'2024-07-01',7,'15',20),(1321,'06:01:03','06:01:23','7','2024-07-04 16:14:49',NULL,'2024-07-02',7,'15',20),(1322,'06:52:23','06:52:43','7','2024-07-04 16:14:49',NULL,'2024-07-02',7,'15',20),(1323,'07:43:43','07:44:03','7','2024-07-04 16:14:49',NULL,'2024-07-02',7,'15',20),(1324,'08:35:03','08:35:23','7','2024-07-04 16:14:49',NULL,'2024-07-02',7,'15',20),(1325,'09:26:23','09:26:43','7','2024-07-04 16:14:49',NULL,'2024-07-02',7,'15',20),(1326,'10:17:43','10:18:03','7','2024-07-04 16:14:49',NULL,'2024-07-02',7,'15',20),(1327,'11:09:03','11:09:23','7','2024-07-04 16:14:49',NULL,'2024-07-02',7,'15',20),(1328,'12:00:23','12:00:43','7','2024-07-04 16:14:49',NULL,'2024-07-02',7,'15',20),(1329,'12:51:43','12:52:03','7','2024-07-04 16:14:49',NULL,'2024-07-02',7,'15',20),(1330,'13:43:03','13:43:23','7','2024-07-04 16:14:49',NULL,'2024-07-02',7,'15',20),(1331,'14:34:23','14:34:43','7','2024-07-04 16:14:49',NULL,'2024-07-02',7,'15',20),(1332,'15:25:43','15:26:03','7','2024-07-04 16:14:49',NULL,'2024-07-02',7,'15',20),(1333,'16:17:03','16:17:23','7','2024-07-04 16:14:49',NULL,'2024-07-02',7,'15',20),(1334,'17:08:23','17:08:43','7','2024-07-04 16:14:49',NULL,'2024-07-02',7,'15',20),(1335,'17:59:43','18:00:03','7','2024-07-04 16:14:49',NULL,'2024-07-02',7,'15',20),(1336,'18:51:03','18:51:23','7','2024-07-04 16:14:49',NULL,'2024-07-02',7,'15',20),(1337,'19:42:23','19:42:43','7','2024-07-04 16:14:49',NULL,'2024-07-02',7,'15',20),(1338,'20:33:43','20:34:03','7','2024-07-04 16:14:49',NULL,'2024-07-02',7,'15',20),(1339,'21:25:03','21:25:23','7','2024-07-04 16:14:49',NULL,'2024-07-02',7,'15',20),(1340,'22:16:23','22:16:43','7','2024-07-04 16:14:49',NULL,'2024-07-02',7,'15',20),(1341,'06:03:29','06:03:49','7','2024-07-04 16:14:49',NULL,'2024-07-03',7,'15',20),(1342,'06:54:49','06:55:09','7','2024-07-04 16:14:49',NULL,'2024-07-03',7,'15',20),(1343,'07:46:09','07:46:29','7','2024-07-04 16:14:49',NULL,'2024-07-03',7,'15',20),(1344,'08:37:29','08:37:49','7','2024-07-04 16:14:49',NULL,'2024-07-03',7,'15',20),(1345,'09:28:49','09:29:09','7','2024-07-04 16:14:49',NULL,'2024-07-03',7,'15',20),(1346,'10:20:09','10:20:29','7','2024-07-04 16:14:49',NULL,'2024-07-03',7,'15',20),(1347,'11:11:29','11:11:49','7','2024-07-04 16:14:49',NULL,'2024-07-03',7,'15',20),(1348,'12:02:49','12:03:09','7','2024-07-04 16:14:49',NULL,'2024-07-03',7,'15',20),(1349,'12:54:09','12:54:29','7','2024-07-04 16:14:49',NULL,'2024-07-03',7,'15',20),(1350,'13:45:29','13:45:49','7','2024-07-04 16:14:49',NULL,'2024-07-03',7,'15',20),(1351,'14:36:49','14:37:09','7','2024-07-04 16:14:49',NULL,'2024-07-03',7,'15',20),(1352,'15:28:09','15:28:29','7','2024-07-04 16:14:49',NULL,'2024-07-03',7,'15',20),(1353,'16:19:29','16:19:49','7','2024-07-04 16:14:49',NULL,'2024-07-03',7,'15',20),(1354,'17:10:49','17:11:09','7','2024-07-04 16:14:49',NULL,'2024-07-03',7,'15',20),(1355,'18:02:09','18:02:29','7','2024-07-04 16:14:49',NULL,'2024-07-03',7,'15',20),(1356,'18:53:29','18:53:49','7','2024-07-04 16:14:49',NULL,'2024-07-03',7,'15',20),(1357,'19:44:49','19:45:09','7','2024-07-04 16:14:49',NULL,'2024-07-03',7,'15',20),(1358,'20:36:09','20:36:29','7','2024-07-04 16:14:49',NULL,'2024-07-03',7,'15',20),(1359,'21:27:29','21:27:49','7','2024-07-04 16:14:49',NULL,'2024-07-03',7,'15',20),(1360,'22:18:49','22:19:09','7','2024-07-04 16:14:49',NULL,'2024-07-03',7,'15',20),(1361,'06:05:04','06:05:24','7','2024-07-04 16:14:49',NULL,'2024-07-04',7,'15',20),(1362,'06:56:24','06:56:44','7','2024-07-04 16:14:49',NULL,'2024-07-04',7,'15',20),(1363,'07:47:44','07:48:04','7','2024-07-04 16:14:49',NULL,'2024-07-04',7,'15',20),(1364,'08:39:04','08:39:24','7','2024-07-04 16:14:49',NULL,'2024-07-04',7,'15',20),(1365,'09:30:24','09:30:44','7','2024-07-04 16:14:49',NULL,'2024-07-04',7,'15',20),(1366,'10:21:44','10:22:04','7','2024-07-04 16:14:49',NULL,'2024-07-04',7,'15',20),(1367,'11:13:04','11:13:24','7','2024-07-04 16:14:49',NULL,'2024-07-04',7,'15',20),(1368,'12:04:24','12:04:44','7','2024-07-04 16:14:49',NULL,'2024-07-04',7,'15',20),(1369,'12:55:44','12:56:04','7','2024-07-04 16:14:49',NULL,'2024-07-04',7,'15',20),(1370,'13:47:04','13:47:24','7','2024-07-04 16:14:49',NULL,'2024-07-04',7,'15',20),(1371,'14:38:24','14:38:44','7','2024-07-04 16:14:49',NULL,'2024-07-04',7,'15',20),(1372,'15:29:44','15:30:04','7','2024-07-04 16:14:49',NULL,'2024-07-04',7,'15',20),(1373,'16:21:04','16:21:24','7','2024-07-04 16:14:49',NULL,'2024-07-04',7,'15',20),(1374,'17:12:24','17:12:44','7','2024-07-04 16:14:49',NULL,'2024-07-04',7,'15',20),(1375,'18:03:44','18:04:04','7','2024-07-04 16:14:49',NULL,'2024-07-04',7,'15',20),(1376,'18:55:04','18:55:24','7','2024-07-04 16:14:49',NULL,'2024-07-04',7,'15',20),(1377,'19:46:24','19:46:44','7','2024-07-04 16:14:49',NULL,'2024-07-04',7,'15',20),(1378,'20:37:44','20:38:04','7','2024-07-04 16:14:49',NULL,'2024-07-04',7,'15',20),(1379,'21:29:04','21:29:24','7','2024-07-04 16:14:49',NULL,'2024-07-04',7,'15',20),(1380,'22:20:24','22:20:44','7','2024-07-04 16:14:49',NULL,'2024-07-04',7,'15',20),(1381,'06:06:33','06:06:53','7','2024-07-04 16:14:49',NULL,'2024-07-05',7,'15',20),(1382,'06:57:53','06:58:13','7','2024-07-04 16:14:49',NULL,'2024-07-05',7,'15',20),(1383,'07:49:13','07:49:33','7','2024-07-04 16:14:49',NULL,'2024-07-05',7,'15',20),(1384,'08:40:33','08:40:53','7','2024-07-04 16:14:49',NULL,'2024-07-05',7,'15',20),(1385,'09:31:53','09:32:13','7','2024-07-04 16:14:49',NULL,'2024-07-05',7,'15',20),(1386,'10:23:13','10:23:33','7','2024-07-04 16:14:49',NULL,'2024-07-05',7,'15',20),(1387,'11:14:33','11:14:53','7','2024-07-04 16:14:49',NULL,'2024-07-05',7,'15',20),(1388,'12:05:53','12:06:13','7','2024-07-04 16:14:49',NULL,'2024-07-05',7,'15',20),(1389,'12:57:13','12:57:33','7','2024-07-04 16:14:49',NULL,'2024-07-05',7,'15',20),(1390,'13:48:33','13:48:53','7','2024-07-04 16:14:49',NULL,'2024-07-05',7,'15',20),(1391,'14:39:53','14:40:13','7','2024-07-04 16:14:49',NULL,'2024-07-05',7,'15',20),(1392,'15:31:13','15:31:33','7','2024-07-04 16:14:49',NULL,'2024-07-05',7,'15',20),(1393,'16:22:33','16:22:53','7','2024-07-04 16:14:49',NULL,'2024-07-05',7,'15',20),(1394,'17:13:53','17:14:13','7','2024-07-04 16:14:49',NULL,'2024-07-05',7,'15',20),(1395,'18:05:13','18:05:33','7','2024-07-04 16:14:49',NULL,'2024-07-05',7,'15',20),(1396,'18:56:33','18:56:53','7','2024-07-04 16:14:49',NULL,'2024-07-05',7,'15',20),(1397,'19:47:53','19:48:13','7','2024-07-04 16:14:49',NULL,'2024-07-05',7,'15',20),(1398,'20:39:13','20:39:33','7','2024-07-04 16:14:49',NULL,'2024-07-05',7,'15',20),(1399,'21:30:33','21:30:53','7','2024-07-04 16:14:49',NULL,'2024-07-05',7,'15',20),(1400,'22:21:53','22:22:13','7','2024-07-04 16:14:49',NULL,'2024-07-05',7,'15',20),(1401,'06:06:31','06:06:51','8','2024-07-04 16:15:25',NULL,'2024-07-01',7,'14',20),(1402,'06:57:51','06:58:11','8','2024-07-04 16:15:25',NULL,'2024-07-01',7,'14',20),(1403,'07:49:11','07:49:31','8','2024-07-04 16:15:25',NULL,'2024-07-01',7,'14',20),(1404,'08:40:31','08:40:51','8','2024-07-04 16:15:25',NULL,'2024-07-01',7,'14',20),(1405,'09:31:51','09:32:11','8','2024-07-04 16:15:25',NULL,'2024-07-01',7,'14',20),(1406,'10:23:11','10:23:31','8','2024-07-04 16:15:25',NULL,'2024-07-01',7,'14',20),(1407,'11:14:31','11:14:51','8','2024-07-04 16:15:25',NULL,'2024-07-01',7,'14',20),(1408,'12:05:51','12:06:11','8','2024-07-04 16:15:25',NULL,'2024-07-01',7,'14',20),(1409,'12:57:11','12:57:31','8','2024-07-04 16:15:25',NULL,'2024-07-01',7,'14',20),(1410,'13:48:31','13:48:51','8','2024-07-04 16:15:25',NULL,'2024-07-01',7,'14',20),(1411,'14:39:51','14:40:11','8','2024-07-04 16:15:25',NULL,'2024-07-01',7,'14',20),(1412,'15:31:11','15:31:31','8','2024-07-04 16:15:25',NULL,'2024-07-01',7,'14',20),(1413,'16:22:31','16:22:51','8','2024-07-04 16:15:25',NULL,'2024-07-01',7,'14',20),(1414,'17:13:51','17:14:11','8','2024-07-04 16:15:25',NULL,'2024-07-01',7,'14',20),(1415,'18:05:11','18:05:31','8','2024-07-04 16:15:25',NULL,'2024-07-01',7,'14',20),(1416,'18:56:31','18:56:51','8','2024-07-04 16:15:25',NULL,'2024-07-01',7,'14',20),(1417,'19:47:51','19:48:11','8','2024-07-04 16:15:25',NULL,'2024-07-01',7,'14',20),(1418,'20:39:11','20:39:31','8','2024-07-04 16:15:25',NULL,'2024-07-01',7,'14',20),(1419,'21:30:31','21:30:51','8','2024-07-04 16:15:25',NULL,'2024-07-01',7,'14',20),(1420,'22:21:51','22:22:11','8','2024-07-04 16:15:25',NULL,'2024-07-01',7,'14',20),(1421,'06:04:45','06:05:05','8','2024-07-04 16:15:25',NULL,'2024-07-02',7,'14',20),(1422,'06:56:05','06:56:25','8','2024-07-04 16:15:25',NULL,'2024-07-02',7,'14',20),(1423,'07:47:25','07:47:45','8','2024-07-04 16:15:25',NULL,'2024-07-02',7,'14',20),(1424,'08:38:45','08:39:05','8','2024-07-04 16:15:25',NULL,'2024-07-02',7,'14',20),(1425,'09:30:05','09:30:25','8','2024-07-04 16:15:25',NULL,'2024-07-02',7,'14',20),(1426,'10:21:25','10:21:45','8','2024-07-04 16:15:25',NULL,'2024-07-02',7,'14',20),(1427,'11:12:45','11:13:05','8','2024-07-04 16:15:25',NULL,'2024-07-02',7,'14',20),(1428,'12:04:05','12:04:25','8','2024-07-04 16:15:25',NULL,'2024-07-02',7,'14',20),(1429,'12:55:25','12:55:45','8','2024-07-04 16:15:25',NULL,'2024-07-02',7,'14',20),(1430,'13:46:45','13:47:05','8','2024-07-04 16:15:25',NULL,'2024-07-02',7,'14',20),(1431,'14:38:05','14:38:25','8','2024-07-04 16:15:25',NULL,'2024-07-02',7,'14',20),(1432,'15:29:25','15:29:45','8','2024-07-04 16:15:25',NULL,'2024-07-02',7,'14',20),(1433,'16:20:45','16:21:05','8','2024-07-04 16:15:25',NULL,'2024-07-02',7,'14',20),(1434,'17:12:05','17:12:25','8','2024-07-04 16:15:25',NULL,'2024-07-02',7,'14',20),(1435,'18:03:25','18:03:45','8','2024-07-04 16:15:25',NULL,'2024-07-02',7,'14',20),(1436,'18:54:45','18:55:05','8','2024-07-04 16:15:25',NULL,'2024-07-02',7,'14',20),(1437,'19:46:05','19:46:25','8','2024-07-04 16:15:25',NULL,'2024-07-02',7,'14',20),(1438,'20:37:25','20:37:45','8','2024-07-04 16:15:25',NULL,'2024-07-02',7,'14',20),(1439,'21:28:45','21:29:05','8','2024-07-04 16:15:25',NULL,'2024-07-02',7,'14',20),(1440,'22:20:05','22:20:25','8','2024-07-04 16:15:25',NULL,'2024-07-02',7,'14',20),(1441,'06:05:38','06:05:58','8','2024-07-04 16:15:25',NULL,'2024-07-03',7,'14',20),(1442,'06:56:58','06:57:18','8','2024-07-04 16:15:25',NULL,'2024-07-03',7,'14',20),(1443,'07:48:18','07:48:38','8','2024-07-04 16:15:25',NULL,'2024-07-03',7,'14',20),(1444,'08:39:38','08:39:58','8','2024-07-04 16:15:25',NULL,'2024-07-03',7,'14',20),(1445,'09:30:58','09:31:18','8','2024-07-04 16:15:25',NULL,'2024-07-03',7,'14',20),(1446,'10:22:18','10:22:38','8','2024-07-04 16:15:25',NULL,'2024-07-03',7,'14',20),(1447,'11:13:38','11:13:58','8','2024-07-04 16:15:25',NULL,'2024-07-03',7,'14',20),(1448,'12:04:58','12:05:18','8','2024-07-04 16:15:25',NULL,'2024-07-03',7,'14',20),(1449,'12:56:18','12:56:38','8','2024-07-04 16:15:25',NULL,'2024-07-03',7,'14',20),(1450,'13:47:38','13:47:58','8','2024-07-04 16:15:25',NULL,'2024-07-03',7,'14',20),(1451,'14:38:58','14:39:18','8','2024-07-04 16:15:25',NULL,'2024-07-03',7,'14',20),(1452,'15:30:18','15:30:38','8','2024-07-04 16:15:25',NULL,'2024-07-03',7,'14',20),(1453,'16:21:38','16:21:58','8','2024-07-04 16:15:25',NULL,'2024-07-03',7,'14',20),(1454,'17:12:58','17:13:18','8','2024-07-04 16:15:25',NULL,'2024-07-03',7,'14',20),(1455,'18:04:18','18:04:38','8','2024-07-04 16:15:25',NULL,'2024-07-03',7,'14',20),(1456,'18:55:38','18:55:58','8','2024-07-04 16:15:25',NULL,'2024-07-03',7,'14',20),(1457,'19:46:58','19:47:18','8','2024-07-04 16:15:25',NULL,'2024-07-03',7,'14',20),(1458,'20:38:18','20:38:38','8','2024-07-04 16:15:25',NULL,'2024-07-03',7,'14',20),(1459,'21:29:38','21:29:58','8','2024-07-04 16:15:25',NULL,'2024-07-03',7,'14',20),(1460,'22:20:58','22:21:18','8','2024-07-04 16:15:25',NULL,'2024-07-03',7,'14',20),(1461,'06:07:42','06:08:02','8','2024-07-04 16:15:25',NULL,'2024-07-04',7,'14',20),(1462,'06:59:02','06:59:22','8','2024-07-04 16:15:25',NULL,'2024-07-04',7,'14',20),(1463,'07:50:22','07:50:42','8','2024-07-04 16:15:25',NULL,'2024-07-04',7,'14',20),(1464,'08:41:42','08:42:02','8','2024-07-04 16:15:25',NULL,'2024-07-04',7,'14',20),(1465,'09:33:02','09:33:22','8','2024-07-04 16:15:25',NULL,'2024-07-04',7,'14',20),(1466,'10:24:22','10:24:42','8','2024-07-04 16:15:25',NULL,'2024-07-04',7,'14',20),(1467,'11:15:42','11:16:02','8','2024-07-04 16:15:25',NULL,'2024-07-04',7,'14',20),(1468,'12:07:02','12:07:22','8','2024-07-04 16:15:25',NULL,'2024-07-04',7,'14',20),(1469,'12:58:22','12:58:42','8','2024-07-04 16:15:25',NULL,'2024-07-04',7,'14',20),(1470,'13:49:42','13:50:02','8','2024-07-04 16:15:25',NULL,'2024-07-04',7,'14',20),(1471,'14:41:02','14:41:22','8','2024-07-04 16:15:25',NULL,'2024-07-04',7,'14',20),(1472,'15:32:22','15:32:42','8','2024-07-04 16:15:25',NULL,'2024-07-04',7,'14',20),(1473,'16:23:42','16:24:02','8','2024-07-04 16:15:25',NULL,'2024-07-04',7,'14',20),(1474,'17:15:02','17:15:22','8','2024-07-04 16:15:25',NULL,'2024-07-04',7,'14',20),(1475,'18:06:22','18:06:42','8','2024-07-04 16:15:25',NULL,'2024-07-04',7,'14',20),(1476,'18:57:42','18:58:02','8','2024-07-04 16:15:25',NULL,'2024-07-04',7,'14',20),(1477,'19:49:02','19:49:22','8','2024-07-04 16:15:25',NULL,'2024-07-04',7,'14',20),(1478,'20:40:22','20:40:42','8','2024-07-04 16:15:25',NULL,'2024-07-04',7,'14',20),(1479,'21:31:42','21:32:02','8','2024-07-04 16:15:25',NULL,'2024-07-04',7,'14',20),(1480,'22:23:02','22:23:22','8','2024-07-04 16:15:25',NULL,'2024-07-04',7,'14',20),(1481,'06:06:23','06:06:43','8','2024-07-04 16:15:25',NULL,'2024-07-05',7,'14',20),(1482,'06:57:43','06:58:03','8','2024-07-04 16:15:25',NULL,'2024-07-05',7,'14',20),(1483,'07:49:03','07:49:23','8','2024-07-04 16:15:25',NULL,'2024-07-05',7,'14',20),(1484,'08:40:23','08:40:43','8','2024-07-04 16:15:25',NULL,'2024-07-05',7,'14',20),(1485,'09:31:43','09:32:03','8','2024-07-04 16:15:25',NULL,'2024-07-05',7,'14',20),(1486,'10:23:03','10:23:23','8','2024-07-04 16:15:25',NULL,'2024-07-05',7,'14',20),(1487,'11:14:23','11:14:43','8','2024-07-04 16:15:25',NULL,'2024-07-05',7,'14',20),(1488,'12:05:43','12:06:03','8','2024-07-04 16:15:25',NULL,'2024-07-05',7,'14',20),(1489,'12:57:03','12:57:23','8','2024-07-04 16:15:25',NULL,'2024-07-05',7,'14',20),(1490,'13:48:23','13:48:43','8','2024-07-04 16:15:25',NULL,'2024-07-05',7,'14',20),(1491,'14:39:43','14:40:03','8','2024-07-04 16:15:25',NULL,'2024-07-05',7,'14',20),(1492,'15:31:03','15:31:23','8','2024-07-04 16:15:25',NULL,'2024-07-05',7,'14',20),(1493,'16:22:23','16:22:43','8','2024-07-04 16:15:25',NULL,'2024-07-05',7,'14',20),(1494,'17:13:43','17:14:03','8','2024-07-04 16:15:25',NULL,'2024-07-05',7,'14',20),(1495,'18:05:03','18:05:23','8','2024-07-04 16:15:25',NULL,'2024-07-05',7,'14',20),(1496,'18:56:23','18:56:43','8','2024-07-04 16:15:25',NULL,'2024-07-05',7,'14',20),(1497,'19:47:43','19:48:03','8','2024-07-04 16:15:25',NULL,'2024-07-05',7,'14',20),(1498,'20:39:03','20:39:23','8','2024-07-04 16:15:25',NULL,'2024-07-05',7,'14',20),(1499,'21:30:23','21:30:43','8','2024-07-04 16:15:25',NULL,'2024-07-05',7,'14',20),(1500,'22:21:43','22:22:03','8','2024-07-04 16:15:25',NULL,'2024-07-05',7,'14',20),(1501,'06:08:09','06:08:29','8','2024-07-04 16:15:25',NULL,'2024-07-01',7,'15',20),(1502,'06:59:29','06:59:49','8','2024-07-04 16:15:25',NULL,'2024-07-01',7,'15',20),(1503,'07:50:49','07:51:09','8','2024-07-04 16:15:25',NULL,'2024-07-01',7,'15',20),(1504,'08:42:09','08:42:29','8','2024-07-04 16:15:25',NULL,'2024-07-01',7,'15',20),(1505,'09:33:29','09:33:49','8','2024-07-04 16:15:25',NULL,'2024-07-01',7,'15',20),(1506,'10:24:49','10:25:09','8','2024-07-04 16:15:25',NULL,'2024-07-01',7,'15',20),(1507,'11:16:09','11:16:29','8','2024-07-04 16:15:25',NULL,'2024-07-01',7,'15',20),(1508,'12:07:29','12:07:49','8','2024-07-04 16:15:25',NULL,'2024-07-01',7,'15',20),(1509,'12:58:49','12:59:09','8','2024-07-04 16:15:25',NULL,'2024-07-01',7,'15',20),(1510,'13:50:09','13:50:29','8','2024-07-04 16:15:25',NULL,'2024-07-01',7,'15',20),(1511,'14:41:29','14:41:49','8','2024-07-04 16:15:25',NULL,'2024-07-01',7,'15',20),(1512,'15:32:49','15:33:09','8','2024-07-04 16:15:25',NULL,'2024-07-01',7,'15',20),(1513,'16:24:09','16:24:29','8','2024-07-04 16:15:25',NULL,'2024-07-01',7,'15',20),(1514,'17:15:29','17:15:49','8','2024-07-04 16:15:25',NULL,'2024-07-01',7,'15',20),(1515,'18:06:49','18:07:09','8','2024-07-04 16:15:25',NULL,'2024-07-01',7,'15',20),(1516,'18:58:09','18:58:29','8','2024-07-04 16:15:25',NULL,'2024-07-01',7,'15',20),(1517,'19:49:29','19:49:49','8','2024-07-04 16:15:25',NULL,'2024-07-01',7,'15',20),(1518,'20:40:49','20:41:09','8','2024-07-04 16:15:25',NULL,'2024-07-01',7,'15',20),(1519,'21:32:09','21:32:29','8','2024-07-04 16:15:25',NULL,'2024-07-01',7,'15',20),(1520,'22:23:29','22:23:49','8','2024-07-04 16:15:25',NULL,'2024-07-01',7,'15',20),(1521,'06:10:44','06:11:04','8','2024-07-04 16:15:25',NULL,'2024-07-02',7,'15',20),(1522,'07:02:04','07:02:24','8','2024-07-04 16:15:25',NULL,'2024-07-02',7,'15',20),(1523,'07:53:24','07:53:44','8','2024-07-04 16:15:25',NULL,'2024-07-02',7,'15',20),(1524,'08:44:44','08:45:04','8','2024-07-04 16:15:25',NULL,'2024-07-02',7,'15',20),(1525,'09:36:04','09:36:24','8','2024-07-04 16:15:25',NULL,'2024-07-02',7,'15',20),(1526,'10:27:24','10:27:44','8','2024-07-04 16:15:25',NULL,'2024-07-02',7,'15',20),(1527,'11:18:44','11:19:04','8','2024-07-04 16:15:25',NULL,'2024-07-02',7,'15',20),(1528,'12:10:04','12:10:24','8','2024-07-04 16:15:25',NULL,'2024-07-02',7,'15',20),(1529,'13:01:24','13:01:44','8','2024-07-04 16:15:25',NULL,'2024-07-02',7,'15',20),(1530,'13:52:44','13:53:04','8','2024-07-04 16:15:25',NULL,'2024-07-02',7,'15',20),(1531,'14:44:04','14:44:24','8','2024-07-04 16:15:25',NULL,'2024-07-02',7,'15',20),(1532,'15:35:24','15:35:44','8','2024-07-04 16:15:25',NULL,'2024-07-02',7,'15',20),(1533,'16:26:44','16:27:04','8','2024-07-04 16:15:25',NULL,'2024-07-02',7,'15',20),(1534,'17:18:04','17:18:24','8','2024-07-04 16:15:25',NULL,'2024-07-02',7,'15',20),(1535,'18:09:24','18:09:44','8','2024-07-04 16:15:25',NULL,'2024-07-02',7,'15',20),(1536,'19:00:44','19:01:04','8','2024-07-04 16:15:25',NULL,'2024-07-02',7,'15',20),(1537,'19:52:04','19:52:24','8','2024-07-04 16:15:25',NULL,'2024-07-02',7,'15',20),(1538,'20:43:24','20:43:44','8','2024-07-04 16:15:25',NULL,'2024-07-02',7,'15',20),(1539,'21:34:44','21:35:04','8','2024-07-04 16:15:25',NULL,'2024-07-02',7,'15',20),(1540,'22:26:04','22:26:24','8','2024-07-04 16:15:25',NULL,'2024-07-02',7,'15',20),(1541,'06:05:07','06:05:27','8','2024-07-04 16:15:25',NULL,'2024-07-03',7,'15',20),(1542,'06:56:27','06:56:47','8','2024-07-04 16:15:25',NULL,'2024-07-03',7,'15',20),(1543,'07:47:47','07:48:07','8','2024-07-04 16:15:25',NULL,'2024-07-03',7,'15',20),(1544,'08:39:07','08:39:27','8','2024-07-04 16:15:25',NULL,'2024-07-03',7,'15',20),(1545,'09:30:27','09:30:47','8','2024-07-04 16:15:25',NULL,'2024-07-03',7,'15',20),(1546,'10:21:47','10:22:07','8','2024-07-04 16:15:25',NULL,'2024-07-03',7,'15',20),(1547,'11:13:07','11:13:27','8','2024-07-04 16:15:25',NULL,'2024-07-03',7,'15',20),(1548,'12:04:27','12:04:47','8','2024-07-04 16:15:25',NULL,'2024-07-03',7,'15',20),(1549,'12:55:47','12:56:07','8','2024-07-04 16:15:25',NULL,'2024-07-03',7,'15',20),(1550,'13:47:07','13:47:27','8','2024-07-04 16:15:25',NULL,'2024-07-03',7,'15',20),(1551,'14:38:27','14:38:47','8','2024-07-04 16:15:25',NULL,'2024-07-03',7,'15',20),(1552,'15:29:47','15:30:07','8','2024-07-04 16:15:25',NULL,'2024-07-03',7,'15',20),(1553,'16:21:07','16:21:27','8','2024-07-04 16:15:25',NULL,'2024-07-03',7,'15',20),(1554,'17:12:27','17:12:47','8','2024-07-04 16:15:25',NULL,'2024-07-03',7,'15',20),(1555,'18:03:47','18:04:07','8','2024-07-04 16:15:25',NULL,'2024-07-03',7,'15',20),(1556,'18:55:07','18:55:27','8','2024-07-04 16:15:25',NULL,'2024-07-03',7,'15',20),(1557,'19:46:27','19:46:47','8','2024-07-04 16:15:25',NULL,'2024-07-03',7,'15',20),(1558,'20:37:47','20:38:07','8','2024-07-04 16:15:25',NULL,'2024-07-03',7,'15',20),(1559,'21:29:07','21:29:27','8','2024-07-04 16:15:25',NULL,'2024-07-03',7,'15',20),(1560,'22:20:27','22:20:47','8','2024-07-04 16:15:25',NULL,'2024-07-03',7,'15',20),(1561,'06:03:59','06:04:19','8','2024-07-04 16:15:25',NULL,'2024-07-04',7,'15',20),(1562,'06:55:19','06:55:39','8','2024-07-04 16:15:25',NULL,'2024-07-04',7,'15',20),(1563,'07:46:39','07:46:59','8','2024-07-04 16:15:25',NULL,'2024-07-04',7,'15',20),(1564,'08:37:59','08:38:19','8','2024-07-04 16:15:25',NULL,'2024-07-04',7,'15',20),(1565,'09:29:19','09:29:39','8','2024-07-04 16:15:25',NULL,'2024-07-04',7,'15',20),(1566,'10:20:39','10:20:59','8','2024-07-04 16:15:25',NULL,'2024-07-04',7,'15',20),(1567,'11:11:59','11:12:19','8','2024-07-04 16:15:25',NULL,'2024-07-04',7,'15',20),(1568,'12:03:19','12:03:39','8','2024-07-04 16:15:25',NULL,'2024-07-04',7,'15',20),(1569,'12:54:39','12:54:59','8','2024-07-04 16:15:25',NULL,'2024-07-04',7,'15',20),(1570,'13:45:59','13:46:19','8','2024-07-04 16:15:25',NULL,'2024-07-04',7,'15',20),(1571,'14:37:19','14:37:39','8','2024-07-04 16:15:25',NULL,'2024-07-04',7,'15',20),(1572,'15:28:39','15:28:59','8','2024-07-04 16:15:25',NULL,'2024-07-04',7,'15',20),(1573,'16:19:59','16:20:19','8','2024-07-04 16:15:25',NULL,'2024-07-04',7,'15',20),(1574,'17:11:19','17:11:39','8','2024-07-04 16:15:25',NULL,'2024-07-04',7,'15',20),(1575,'18:02:39','18:02:59','8','2024-07-04 16:15:25',NULL,'2024-07-04',7,'15',20),(1576,'18:53:59','18:54:19','8','2024-07-04 16:15:25',NULL,'2024-07-04',7,'15',20),(1577,'19:45:19','19:45:39','8','2024-07-04 16:15:25',NULL,'2024-07-04',7,'15',20),(1578,'20:36:39','20:36:59','8','2024-07-04 16:15:25',NULL,'2024-07-04',7,'15',20),(1579,'21:27:59','21:28:19','8','2024-07-04 16:15:25',NULL,'2024-07-04',7,'15',20),(1580,'22:19:19','22:19:39','8','2024-07-04 16:15:25',NULL,'2024-07-04',7,'15',20),(1581,'06:08:35','06:08:55','8','2024-07-04 16:15:25',NULL,'2024-07-05',7,'15',20),(1582,'06:59:55','07:00:15','8','2024-07-04 16:15:25',NULL,'2024-07-05',7,'15',20),(1583,'07:51:15','07:51:35','8','2024-07-04 16:15:25',NULL,'2024-07-05',7,'15',20),(1584,'08:42:35','08:42:55','8','2024-07-04 16:15:25',NULL,'2024-07-05',7,'15',20),(1585,'09:33:55','09:34:15','8','2024-07-04 16:15:25',NULL,'2024-07-05',7,'15',20),(1586,'10:25:15','10:25:35','8','2024-07-04 16:15:25',NULL,'2024-07-05',7,'15',20),(1587,'11:16:35','11:16:55','8','2024-07-04 16:15:25',NULL,'2024-07-05',7,'15',20),(1588,'12:07:55','12:08:15','8','2024-07-04 16:15:25',NULL,'2024-07-05',7,'15',20),(1589,'12:59:15','12:59:35','8','2024-07-04 16:15:25',NULL,'2024-07-05',7,'15',20),(1590,'13:50:35','13:50:55','8','2024-07-04 16:15:25',NULL,'2024-07-05',7,'15',20),(1591,'14:41:55','14:42:15','8','2024-07-04 16:15:25',NULL,'2024-07-05',7,'15',20),(1592,'15:33:15','15:33:35','8','2024-07-04 16:15:25',NULL,'2024-07-05',7,'15',20),(1593,'16:24:35','16:24:55','8','2024-07-04 16:15:25',NULL,'2024-07-05',7,'15',20),(1594,'17:15:55','17:16:15','8','2024-07-04 16:15:25',NULL,'2024-07-05',7,'15',20),(1595,'18:07:15','18:07:35','8','2024-07-04 16:15:25',NULL,'2024-07-05',7,'15',20),(1596,'18:58:35','18:58:55','8','2024-07-04 16:15:25',NULL,'2024-07-05',7,'15',20),(1597,'19:49:55','19:50:15','8','2024-07-04 16:15:25',NULL,'2024-07-05',7,'15',20),(1598,'20:41:15','20:41:35','8','2024-07-04 16:15:25',NULL,'2024-07-05',7,'15',20),(1599,'21:32:35','21:32:55','8','2024-07-04 16:15:25',NULL,'2024-07-05',7,'15',20),(1600,'22:23:55','22:24:15','8','2024-07-04 16:15:25',NULL,'2024-07-05',7,'15',20),(1601,'06:05:15','06:05:35','9','2024-07-04 16:16:01',NULL,'2024-07-01',7,'14',20),(1602,'06:56:35','06:56:55','9','2024-07-04 16:16:01',NULL,'2024-07-01',7,'14',20),(1603,'07:47:55','07:48:15','9','2024-07-04 16:16:01',NULL,'2024-07-01',7,'14',20),(1604,'08:39:15','08:39:35','9','2024-07-04 16:16:01',NULL,'2024-07-01',7,'14',20),(1605,'09:30:35','09:30:55','9','2024-07-04 16:16:01',NULL,'2024-07-01',7,'14',20),(1606,'10:21:55','10:22:15','9','2024-07-04 16:16:01',NULL,'2024-07-01',7,'14',20),(1607,'11:13:15','11:13:35','9','2024-07-04 16:16:01',NULL,'2024-07-01',7,'14',20),(1608,'12:04:35','12:04:55','9','2024-07-04 16:16:01',NULL,'2024-07-01',7,'14',20),(1609,'12:55:55','12:56:15','9','2024-07-04 16:16:01',NULL,'2024-07-01',7,'14',20),(1610,'13:47:15','13:47:35','9','2024-07-04 16:16:01',NULL,'2024-07-01',7,'14',20),(1611,'14:38:35','14:38:55','9','2024-07-04 16:16:01',NULL,'2024-07-01',7,'14',20),(1612,'15:29:55','15:30:15','9','2024-07-04 16:16:01',NULL,'2024-07-01',7,'14',20),(1613,'16:21:15','16:21:35','9','2024-07-04 16:16:01',NULL,'2024-07-01',7,'14',20),(1614,'17:12:35','17:12:55','9','2024-07-04 16:16:01',NULL,'2024-07-01',7,'14',20),(1615,'18:03:55','18:04:15','9','2024-07-04 16:16:01',NULL,'2024-07-01',7,'14',20),(1616,'18:55:15','18:55:35','9','2024-07-04 16:16:01',NULL,'2024-07-01',7,'14',20),(1617,'19:46:35','19:46:55','9','2024-07-04 16:16:01',NULL,'2024-07-01',7,'14',20),(1618,'20:37:55','20:38:15','9','2024-07-04 16:16:01',NULL,'2024-07-01',7,'14',20),(1619,'21:29:15','21:29:35','9','2024-07-04 16:16:01',NULL,'2024-07-01',7,'14',20),(1620,'22:20:35','22:20:55','9','2024-07-04 16:16:01',NULL,'2024-07-01',7,'14',20),(1621,'06:08:30','06:08:50','9','2024-07-04 16:16:01',NULL,'2024-07-02',7,'14',20),(1622,'06:59:50','07:00:10','9','2024-07-04 16:16:01',NULL,'2024-07-02',7,'14',20),(1623,'07:51:10','07:51:30','9','2024-07-04 16:16:01',NULL,'2024-07-02',7,'14',20),(1624,'08:42:30','08:42:50','9','2024-07-04 16:16:01',NULL,'2024-07-02',7,'14',20),(1625,'09:33:50','09:34:10','9','2024-07-04 16:16:01',NULL,'2024-07-02',7,'14',20),(1626,'10:25:10','10:25:30','9','2024-07-04 16:16:01',NULL,'2024-07-02',7,'14',20),(1627,'11:16:30','11:16:50','9','2024-07-04 16:16:01',NULL,'2024-07-02',7,'14',20),(1628,'12:07:50','12:08:10','9','2024-07-04 16:16:01',NULL,'2024-07-02',7,'14',20),(1629,'12:59:10','12:59:30','9','2024-07-04 16:16:01',NULL,'2024-07-02',7,'14',20),(1630,'13:50:30','13:50:50','9','2024-07-04 16:16:01',NULL,'2024-07-02',7,'14',20),(1631,'14:41:50','14:42:10','9','2024-07-04 16:16:01',NULL,'2024-07-02',7,'14',20),(1632,'15:33:10','15:33:30','9','2024-07-04 16:16:01',NULL,'2024-07-02',7,'14',20),(1633,'16:24:30','16:24:50','9','2024-07-04 16:16:01',NULL,'2024-07-02',7,'14',20),(1634,'17:15:50','17:16:10','9','2024-07-04 16:16:01',NULL,'2024-07-02',7,'14',20),(1635,'18:07:10','18:07:30','9','2024-07-04 16:16:01',NULL,'2024-07-02',7,'14',20),(1636,'18:58:30','18:58:50','9','2024-07-04 16:16:01',NULL,'2024-07-02',7,'14',20),(1637,'19:49:50','19:50:10','9','2024-07-04 16:16:01',NULL,'2024-07-02',7,'14',20),(1638,'20:41:10','20:41:30','9','2024-07-04 16:16:01',NULL,'2024-07-02',7,'14',20),(1639,'21:32:30','21:32:50','9','2024-07-04 16:16:01',NULL,'2024-07-02',7,'14',20),(1640,'22:23:50','22:24:10','9','2024-07-04 16:16:01',NULL,'2024-07-02',7,'14',20),(1641,'06:11:40','06:12:00','9','2024-07-04 16:16:01',NULL,'2024-07-03',7,'14',20),(1642,'07:03:00','07:03:20','9','2024-07-04 16:16:01',NULL,'2024-07-03',7,'14',20),(1643,'07:54:20','07:54:40','9','2024-07-04 16:16:01',NULL,'2024-07-03',7,'14',20),(1644,'08:45:40','08:46:00','9','2024-07-04 16:16:01',NULL,'2024-07-03',7,'14',20),(1645,'09:37:00','09:37:20','9','2024-07-04 16:16:01',NULL,'2024-07-03',7,'14',20),(1646,'10:28:20','10:28:40','9','2024-07-04 16:16:01',NULL,'2024-07-03',7,'14',20),(1647,'11:19:40','11:20:00','9','2024-07-04 16:16:01',NULL,'2024-07-03',7,'14',20),(1648,'12:11:00','12:11:20','9','2024-07-04 16:16:01',NULL,'2024-07-03',7,'14',20),(1649,'13:02:20','13:02:40','9','2024-07-04 16:16:01',NULL,'2024-07-03',7,'14',20),(1650,'13:53:40','13:54:00','9','2024-07-04 16:16:01',NULL,'2024-07-03',7,'14',20),(1651,'14:45:00','14:45:20','9','2024-07-04 16:16:01',NULL,'2024-07-03',7,'14',20),(1652,'15:36:20','15:36:40','9','2024-07-04 16:16:01',NULL,'2024-07-03',7,'14',20),(1653,'16:27:40','16:28:00','9','2024-07-04 16:16:01',NULL,'2024-07-03',7,'14',20),(1654,'17:19:00','17:19:20','9','2024-07-04 16:16:01',NULL,'2024-07-03',7,'14',20),(1655,'18:10:20','18:10:40','9','2024-07-04 16:16:01',NULL,'2024-07-03',7,'14',20),(1656,'19:01:40','19:02:00','9','2024-07-04 16:16:01',NULL,'2024-07-03',7,'14',20),(1657,'19:53:00','19:53:20','9','2024-07-04 16:16:01',NULL,'2024-07-03',7,'14',20),(1658,'20:44:20','20:44:40','9','2024-07-04 16:16:01',NULL,'2024-07-03',7,'14',20),(1659,'21:35:40','21:36:00','9','2024-07-04 16:16:01',NULL,'2024-07-03',7,'14',20),(1660,'22:27:00','22:27:20','9','2024-07-04 16:16:01',NULL,'2024-07-03',7,'14',20),(1661,'06:01:26','06:01:46','9','2024-07-04 16:16:01',NULL,'2024-07-04',7,'14',20),(1662,'06:52:46','06:53:06','9','2024-07-04 16:16:01',NULL,'2024-07-04',7,'14',20),(1663,'07:44:06','07:44:26','9','2024-07-04 16:16:01',NULL,'2024-07-04',7,'14',20),(1664,'08:35:26','08:35:46','9','2024-07-04 16:16:01',NULL,'2024-07-04',7,'14',20),(1665,'09:26:46','09:27:06','9','2024-07-04 16:16:01',NULL,'2024-07-04',7,'14',20),(1666,'10:18:06','10:18:26','9','2024-07-04 16:16:01',NULL,'2024-07-04',7,'14',20),(1667,'11:09:26','11:09:46','9','2024-07-04 16:16:01',NULL,'2024-07-04',7,'14',20),(1668,'12:00:46','12:01:06','9','2024-07-04 16:16:01',NULL,'2024-07-04',7,'14',20),(1669,'12:52:06','12:52:26','9','2024-07-04 16:16:01',NULL,'2024-07-04',7,'14',20),(1670,'13:43:26','13:43:46','9','2024-07-04 16:16:01',NULL,'2024-07-04',7,'14',20),(1671,'14:34:46','14:35:06','9','2024-07-04 16:16:01',NULL,'2024-07-04',7,'14',20),(1672,'15:26:06','15:26:26','9','2024-07-04 16:16:01',NULL,'2024-07-04',7,'14',20),(1673,'16:17:26','16:17:46','9','2024-07-04 16:16:01',NULL,'2024-07-04',7,'14',20),(1674,'17:08:46','17:09:06','9','2024-07-04 16:16:01',NULL,'2024-07-04',7,'14',20),(1675,'18:00:06','18:00:26','9','2024-07-04 16:16:01',NULL,'2024-07-04',7,'14',20),(1676,'18:51:26','18:51:46','9','2024-07-04 16:16:01',NULL,'2024-07-04',7,'14',20),(1677,'19:42:46','19:43:06','9','2024-07-04 16:16:01',NULL,'2024-07-04',7,'14',20),(1678,'20:34:06','20:34:26','9','2024-07-04 16:16:01',NULL,'2024-07-04',7,'14',20),(1679,'21:25:26','21:25:46','9','2024-07-04 16:16:01',NULL,'2024-07-04',7,'14',20),(1680,'22:16:46','22:17:06','9','2024-07-04 16:16:01',NULL,'2024-07-04',7,'14',20),(1681,'06:03:18','06:03:38','9','2024-07-04 16:16:01',NULL,'2024-07-05',7,'14',20),(1682,'06:54:38','06:54:58','9','2024-07-04 16:16:01',NULL,'2024-07-05',7,'14',20),(1683,'07:45:58','07:46:18','9','2024-07-04 16:16:01',NULL,'2024-07-05',7,'14',20),(1684,'08:37:18','08:37:38','9','2024-07-04 16:16:01',NULL,'2024-07-05',7,'14',20),(1685,'09:28:38','09:28:58','9','2024-07-04 16:16:01',NULL,'2024-07-05',7,'14',20),(1686,'10:19:58','10:20:18','9','2024-07-04 16:16:01',NULL,'2024-07-05',7,'14',20),(1687,'11:11:18','11:11:38','9','2024-07-04 16:16:01',NULL,'2024-07-05',7,'14',20),(1688,'12:02:38','12:02:58','9','2024-07-04 16:16:01',NULL,'2024-07-05',7,'14',20),(1689,'12:53:58','12:54:18','9','2024-07-04 16:16:01',NULL,'2024-07-05',7,'14',20),(1690,'13:45:18','13:45:38','9','2024-07-04 16:16:01',NULL,'2024-07-05',7,'14',20),(1691,'14:36:38','14:36:58','9','2024-07-04 16:16:01',NULL,'2024-07-05',7,'14',20),(1692,'15:27:58','15:28:18','9','2024-07-04 16:16:01',NULL,'2024-07-05',7,'14',20),(1693,'16:19:18','16:19:38','9','2024-07-04 16:16:01',NULL,'2024-07-05',7,'14',20),(1694,'17:10:38','17:10:58','9','2024-07-04 16:16:01',NULL,'2024-07-05',7,'14',20),(1695,'18:01:58','18:02:18','9','2024-07-04 16:16:01',NULL,'2024-07-05',7,'14',20),(1696,'18:53:18','18:53:38','9','2024-07-04 16:16:01',NULL,'2024-07-05',7,'14',20),(1697,'19:44:38','19:44:58','9','2024-07-04 16:16:01',NULL,'2024-07-05',7,'14',20),(1698,'20:35:58','20:36:18','9','2024-07-04 16:16:01',NULL,'2024-07-05',7,'14',20),(1699,'21:27:18','21:27:38','9','2024-07-04 16:16:01',NULL,'2024-07-05',7,'14',20),(1700,'22:18:38','22:18:58','9','2024-07-04 16:16:01',NULL,'2024-07-05',7,'14',20),(1701,'06:09:50','06:10:10','9','2024-07-04 16:16:01',NULL,'2024-07-01',7,'15',20),(1702,'07:01:10','07:01:30','9','2024-07-04 16:16:01',NULL,'2024-07-01',7,'15',20),(1703,'07:52:30','07:52:50','9','2024-07-04 16:16:01',NULL,'2024-07-01',7,'15',20),(1704,'08:43:50','08:44:10','9','2024-07-04 16:16:01',NULL,'2024-07-01',7,'15',20),(1705,'09:35:10','09:35:30','9','2024-07-04 16:16:01',NULL,'2024-07-01',7,'15',20),(1706,'10:26:30','10:26:50','9','2024-07-04 16:16:01',NULL,'2024-07-01',7,'15',20),(1707,'11:17:50','11:18:10','9','2024-07-04 16:16:01',NULL,'2024-07-01',7,'15',20),(1708,'12:09:10','12:09:30','9','2024-07-04 16:16:01',NULL,'2024-07-01',7,'15',20),(1709,'13:00:30','13:00:50','9','2024-07-04 16:16:01',NULL,'2024-07-01',7,'15',20),(1710,'13:51:50','13:52:10','9','2024-07-04 16:16:01',NULL,'2024-07-01',7,'15',20),(1711,'14:43:10','14:43:30','9','2024-07-04 16:16:01',NULL,'2024-07-01',7,'15',20),(1712,'15:34:30','15:34:50','9','2024-07-04 16:16:01',NULL,'2024-07-01',7,'15',20),(1713,'16:25:50','16:26:10','9','2024-07-04 16:16:01',NULL,'2024-07-01',7,'15',20),(1714,'17:17:10','17:17:30','9','2024-07-04 16:16:01',NULL,'2024-07-01',7,'15',20),(1715,'18:08:30','18:08:50','9','2024-07-04 16:16:01',NULL,'2024-07-01',7,'15',20),(1716,'18:59:50','19:00:10','9','2024-07-04 16:16:01',NULL,'2024-07-01',7,'15',20),(1717,'19:51:10','19:51:30','9','2024-07-04 16:16:01',NULL,'2024-07-01',7,'15',20),(1718,'20:42:30','20:42:50','9','2024-07-04 16:16:01',NULL,'2024-07-01',7,'15',20),(1719,'21:33:50','21:34:10','9','2024-07-04 16:16:01',NULL,'2024-07-01',7,'15',20),(1720,'22:25:10','22:25:30','9','2024-07-04 16:16:01',NULL,'2024-07-01',7,'15',20),(1721,'06:07:34','06:07:54','9','2024-07-04 16:16:01',NULL,'2024-07-02',7,'15',20),(1722,'06:58:54','06:59:14','9','2024-07-04 16:16:01',NULL,'2024-07-02',7,'15',20),(1723,'07:50:14','07:50:34','9','2024-07-04 16:16:01',NULL,'2024-07-02',7,'15',20),(1724,'08:41:34','08:41:54','9','2024-07-04 16:16:01',NULL,'2024-07-02',7,'15',20),(1725,'09:32:54','09:33:14','9','2024-07-04 16:16:01',NULL,'2024-07-02',7,'15',20),(1726,'10:24:14','10:24:34','9','2024-07-04 16:16:01',NULL,'2024-07-02',7,'15',20),(1727,'11:15:34','11:15:54','9','2024-07-04 16:16:01',NULL,'2024-07-02',7,'15',20),(1728,'12:06:54','12:07:14','9','2024-07-04 16:16:01',NULL,'2024-07-02',7,'15',20),(1729,'12:58:14','12:58:34','9','2024-07-04 16:16:01',NULL,'2024-07-02',7,'15',20),(1730,'13:49:34','13:49:54','9','2024-07-04 16:16:01',NULL,'2024-07-02',7,'15',20),(1731,'14:40:54','14:41:14','9','2024-07-04 16:16:01',NULL,'2024-07-02',7,'15',20),(1732,'15:32:14','15:32:34','9','2024-07-04 16:16:01',NULL,'2024-07-02',7,'15',20),(1733,'16:23:34','16:23:54','9','2024-07-04 16:16:01',NULL,'2024-07-02',7,'15',20),(1734,'17:14:54','17:15:14','9','2024-07-04 16:16:01',NULL,'2024-07-02',7,'15',20),(1735,'18:06:14','18:06:34','9','2024-07-04 16:16:01',NULL,'2024-07-02',7,'15',20),(1736,'18:57:34','18:57:54','9','2024-07-04 16:16:01',NULL,'2024-07-02',7,'15',20),(1737,'19:48:54','19:49:14','9','2024-07-04 16:16:01',NULL,'2024-07-02',7,'15',20),(1738,'20:40:14','20:40:34','9','2024-07-04 16:16:01',NULL,'2024-07-02',7,'15',20),(1739,'21:31:34','21:31:54','9','2024-07-04 16:16:01',NULL,'2024-07-02',7,'15',20),(1740,'22:22:54','22:23:14','9','2024-07-04 16:16:01',NULL,'2024-07-02',7,'15',20),(1741,'06:04:18','06:04:38','9','2024-07-04 16:16:01',NULL,'2024-07-03',7,'15',20),(1742,'06:55:38','06:55:58','9','2024-07-04 16:16:01',NULL,'2024-07-03',7,'15',20),(1743,'07:46:58','07:47:18','9','2024-07-04 16:16:01',NULL,'2024-07-03',7,'15',20),(1744,'08:38:18','08:38:38','9','2024-07-04 16:16:01',NULL,'2024-07-03',7,'15',20),(1745,'09:29:38','09:29:58','9','2024-07-04 16:16:01',NULL,'2024-07-03',7,'15',20),(1746,'10:20:58','10:21:18','9','2024-07-04 16:16:01',NULL,'2024-07-03',7,'15',20),(1747,'11:12:18','11:12:38','9','2024-07-04 16:16:01',NULL,'2024-07-03',7,'15',20),(1748,'12:03:38','12:03:58','9','2024-07-04 16:16:01',NULL,'2024-07-03',7,'15',20),(1749,'12:54:58','12:55:18','9','2024-07-04 16:16:01',NULL,'2024-07-03',7,'15',20),(1750,'13:46:18','13:46:38','9','2024-07-04 16:16:01',NULL,'2024-07-03',7,'15',20),(1751,'14:37:38','14:37:58','9','2024-07-04 16:16:01',NULL,'2024-07-03',7,'15',20),(1752,'15:28:58','15:29:18','9','2024-07-04 16:16:01',NULL,'2024-07-03',7,'15',20),(1753,'16:20:18','16:20:38','9','2024-07-04 16:16:01',NULL,'2024-07-03',7,'15',20),(1754,'17:11:38','17:11:58','9','2024-07-04 16:16:01',NULL,'2024-07-03',7,'15',20),(1755,'18:02:58','18:03:18','9','2024-07-04 16:16:01',NULL,'2024-07-03',7,'15',20),(1756,'18:54:18','18:54:38','9','2024-07-04 16:16:01',NULL,'2024-07-03',7,'15',20),(1757,'19:45:38','19:45:58','9','2024-07-04 16:16:01',NULL,'2024-07-03',7,'15',20),(1758,'20:36:58','20:37:18','9','2024-07-04 16:16:01',NULL,'2024-07-03',7,'15',20),(1759,'21:28:18','21:28:38','9','2024-07-04 16:16:01',NULL,'2024-07-03',7,'15',20),(1760,'22:19:38','22:19:58','9','2024-07-04 16:16:01',NULL,'2024-07-03',7,'15',20),(1761,'06:07:52','06:08:12','9','2024-07-04 16:16:01',NULL,'2024-07-04',7,'15',20),(1762,'06:59:12','06:59:32','9','2024-07-04 16:16:01',NULL,'2024-07-04',7,'15',20),(1763,'07:50:32','07:50:52','9','2024-07-04 16:16:01',NULL,'2024-07-04',7,'15',20),(1764,'08:41:52','08:42:12','9','2024-07-04 16:16:01',NULL,'2024-07-04',7,'15',20),(1765,'09:33:12','09:33:32','9','2024-07-04 16:16:01',NULL,'2024-07-04',7,'15',20),(1766,'10:24:32','10:24:52','9','2024-07-04 16:16:01',NULL,'2024-07-04',7,'15',20),(1767,'11:15:52','11:16:12','9','2024-07-04 16:16:01',NULL,'2024-07-04',7,'15',20),(1768,'12:07:12','12:07:32','9','2024-07-04 16:16:01',NULL,'2024-07-04',7,'15',20),(1769,'12:58:32','12:58:52','9','2024-07-04 16:16:01',NULL,'2024-07-04',7,'15',20),(1770,'13:49:52','13:50:12','9','2024-07-04 16:16:01',NULL,'2024-07-04',7,'15',20),(1771,'14:41:12','14:41:32','9','2024-07-04 16:16:01',NULL,'2024-07-04',7,'15',20),(1772,'15:32:32','15:32:52','9','2024-07-04 16:16:01',NULL,'2024-07-04',7,'15',20),(1773,'16:23:52','16:24:12','9','2024-07-04 16:16:01',NULL,'2024-07-04',7,'15',20),(1774,'17:15:12','17:15:32','9','2024-07-04 16:16:01',NULL,'2024-07-04',7,'15',20),(1775,'18:06:32','18:06:52','9','2024-07-04 16:16:01',NULL,'2024-07-04',7,'15',20),(1776,'18:57:52','18:58:12','9','2024-07-04 16:16:01',NULL,'2024-07-04',7,'15',20),(1777,'19:49:12','19:49:32','9','2024-07-04 16:16:01',NULL,'2024-07-04',7,'15',20),(1778,'20:40:32','20:40:52','9','2024-07-04 16:16:01',NULL,'2024-07-04',7,'15',20),(1779,'21:31:52','21:32:12','9','2024-07-04 16:16:01',NULL,'2024-07-04',7,'15',20),(1780,'22:23:12','22:23:32','9','2024-07-04 16:16:01',NULL,'2024-07-04',7,'15',20),(1781,'06:11:47','06:12:07','9','2024-07-04 16:16:01',NULL,'2024-07-05',7,'15',20),(1782,'07:03:07','07:03:27','9','2024-07-04 16:16:01',NULL,'2024-07-05',7,'15',20),(1783,'07:54:27','07:54:47','9','2024-07-04 16:16:01',NULL,'2024-07-05',7,'15',20),(1784,'08:45:47','08:46:07','9','2024-07-04 16:16:01',NULL,'2024-07-05',7,'15',20),(1785,'09:37:07','09:37:27','9','2024-07-04 16:16:01',NULL,'2024-07-05',7,'15',20),(1786,'10:28:27','10:28:47','9','2024-07-04 16:16:01',NULL,'2024-07-05',7,'15',20),(1787,'11:19:47','11:20:07','9','2024-07-04 16:16:01',NULL,'2024-07-05',7,'15',20),(1788,'12:11:07','12:11:27','9','2024-07-04 16:16:01',NULL,'2024-07-05',7,'15',20),(1789,'13:02:27','13:02:47','9','2024-07-04 16:16:01',NULL,'2024-07-05',7,'15',20),(1790,'13:53:47','13:54:07','9','2024-07-04 16:16:01',NULL,'2024-07-05',7,'15',20),(1791,'14:45:07','14:45:27','9','2024-07-04 16:16:01',NULL,'2024-07-05',7,'15',20),(1792,'15:36:27','15:36:47','9','2024-07-04 16:16:01',NULL,'2024-07-05',7,'15',20),(1793,'16:27:47','16:28:07','9','2024-07-04 16:16:01',NULL,'2024-07-05',7,'15',20),(1794,'17:19:07','17:19:27','9','2024-07-04 16:16:01',NULL,'2024-07-05',7,'15',20),(1795,'18:10:27','18:10:47','9','2024-07-04 16:16:01',NULL,'2024-07-05',7,'15',20),(1796,'19:01:47','19:02:07','9','2024-07-04 16:16:01',NULL,'2024-07-05',7,'15',20),(1797,'19:53:07','19:53:27','9','2024-07-04 16:16:01',NULL,'2024-07-05',7,'15',20),(1798,'20:44:27','20:44:47','9','2024-07-04 16:16:01',NULL,'2024-07-05',7,'15',20),(1799,'21:35:47','21:36:07','9','2024-07-04 16:16:01',NULL,'2024-07-05',7,'15',20),(1800,'22:27:07','22:27:27','9','2024-07-04 16:16:01',NULL,'2024-07-05',7,'15',20),(1801,'06:03:49','06:04:09','10','2024-07-04 16:16:32',NULL,'2024-07-01',7,'14',20),(1802,'06:55:09','06:55:29','10','2024-07-04 16:16:32',NULL,'2024-07-01',7,'14',20),(1803,'07:46:29','07:46:49','10','2024-07-04 16:16:32',NULL,'2024-07-01',7,'14',20),(1804,'08:37:49','08:38:09','10','2024-07-04 16:16:32',NULL,'2024-07-01',7,'14',20),(1805,'09:29:09','09:29:29','10','2024-07-04 16:16:32',NULL,'2024-07-01',7,'14',20),(1806,'10:20:29','10:20:49','10','2024-07-04 16:16:32',NULL,'2024-07-01',7,'14',20),(1807,'11:11:49','11:12:09','10','2024-07-04 16:16:32',NULL,'2024-07-01',7,'14',20),(1808,'12:03:09','12:03:29','10','2024-07-04 16:16:32',NULL,'2024-07-01',7,'14',20),(1809,'12:54:29','12:54:49','10','2024-07-04 16:16:32',NULL,'2024-07-01',7,'14',20),(1810,'13:45:49','13:46:09','10','2024-07-04 16:16:32',NULL,'2024-07-01',7,'14',20),(1811,'14:37:09','14:37:29','10','2024-07-04 16:16:32',NULL,'2024-07-01',7,'14',20),(1812,'15:28:29','15:28:49','10','2024-07-04 16:16:32',NULL,'2024-07-01',7,'14',20),(1813,'16:19:49','16:20:09','10','2024-07-04 16:16:32',NULL,'2024-07-01',7,'14',20),(1814,'17:11:09','17:11:29','10','2024-07-04 16:16:32',NULL,'2024-07-01',7,'14',20),(1815,'18:02:29','18:02:49','10','2024-07-04 16:16:32',NULL,'2024-07-01',7,'14',20),(1816,'18:53:49','18:54:09','10','2024-07-04 16:16:32',NULL,'2024-07-01',7,'14',20),(1817,'19:45:09','19:45:29','10','2024-07-04 16:16:32',NULL,'2024-07-01',7,'14',20),(1818,'20:36:29','20:36:49','10','2024-07-04 16:16:32',NULL,'2024-07-01',7,'14',20),(1819,'21:27:49','21:28:09','10','2024-07-04 16:16:32',NULL,'2024-07-01',7,'14',20),(1820,'22:19:09','22:19:29','10','2024-07-04 16:16:32',NULL,'2024-07-01',7,'14',20),(1821,'06:10:12','06:10:32','10','2024-07-04 16:16:32',NULL,'2024-07-02',7,'14',20),(1822,'07:01:32','07:01:52','10','2024-07-04 16:16:32',NULL,'2024-07-02',7,'14',20),(1823,'07:52:52','07:53:12','10','2024-07-04 16:16:32',NULL,'2024-07-02',7,'14',20),(1824,'08:44:12','08:44:32','10','2024-07-04 16:16:32',NULL,'2024-07-02',7,'14',20),(1825,'09:35:32','09:35:52','10','2024-07-04 16:16:32',NULL,'2024-07-02',7,'14',20),(1826,'10:26:52','10:27:12','10','2024-07-04 16:16:32',NULL,'2024-07-02',7,'14',20),(1827,'11:18:12','11:18:32','10','2024-07-04 16:16:32',NULL,'2024-07-02',7,'14',20),(1828,'12:09:32','12:09:52','10','2024-07-04 16:16:32',NULL,'2024-07-02',7,'14',20),(1829,'13:00:52','13:01:12','10','2024-07-04 16:16:32',NULL,'2024-07-02',7,'14',20),(1830,'13:52:12','13:52:32','10','2024-07-04 16:16:32',NULL,'2024-07-02',7,'14',20),(1831,'14:43:32','14:43:52','10','2024-07-04 16:16:32',NULL,'2024-07-02',7,'14',20),(1832,'15:34:52','15:35:12','10','2024-07-04 16:16:32',NULL,'2024-07-02',7,'14',20),(1833,'16:26:12','16:26:32','10','2024-07-04 16:16:32',NULL,'2024-07-02',7,'14',20),(1834,'17:17:32','17:17:52','10','2024-07-04 16:16:32',NULL,'2024-07-02',7,'14',20),(1835,'18:08:52','18:09:12','10','2024-07-04 16:16:32',NULL,'2024-07-02',7,'14',20),(1836,'19:00:12','19:00:32','10','2024-07-04 16:16:32',NULL,'2024-07-02',7,'14',20),(1837,'19:51:32','19:51:52','10','2024-07-04 16:16:32',NULL,'2024-07-02',7,'14',20),(1838,'20:42:52','20:43:12','10','2024-07-04 16:16:32',NULL,'2024-07-02',7,'14',20),(1839,'21:34:12','21:34:32','10','2024-07-04 16:16:32',NULL,'2024-07-02',7,'14',20),(1840,'22:25:32','22:25:52','10','2024-07-04 16:16:32',NULL,'2024-07-02',7,'14',20),(1841,'06:12:06','06:12:26','10','2024-07-04 16:16:32',NULL,'2024-07-03',7,'14',20),(1842,'07:03:26','07:03:46','10','2024-07-04 16:16:32',NULL,'2024-07-03',7,'14',20),(1843,'07:54:46','07:55:06','10','2024-07-04 16:16:32',NULL,'2024-07-03',7,'14',20),(1844,'08:46:06','08:46:26','10','2024-07-04 16:16:32',NULL,'2024-07-03',7,'14',20),(1845,'09:37:26','09:37:46','10','2024-07-04 16:16:32',NULL,'2024-07-03',7,'14',20),(1846,'10:28:46','10:29:06','10','2024-07-04 16:16:32',NULL,'2024-07-03',7,'14',20),(1847,'11:20:06','11:20:26','10','2024-07-04 16:16:32',NULL,'2024-07-03',7,'14',20),(1848,'12:11:26','12:11:46','10','2024-07-04 16:16:32',NULL,'2024-07-03',7,'14',20),(1849,'13:02:46','13:03:06','10','2024-07-04 16:16:32',NULL,'2024-07-03',7,'14',20),(1850,'13:54:06','13:54:26','10','2024-07-04 16:16:32',NULL,'2024-07-03',7,'14',20),(1851,'14:45:26','14:45:46','10','2024-07-04 16:16:32',NULL,'2024-07-03',7,'14',20),(1852,'15:36:46','15:37:06','10','2024-07-04 16:16:32',NULL,'2024-07-03',7,'14',20),(1853,'16:28:06','16:28:26','10','2024-07-04 16:16:32',NULL,'2024-07-03',7,'14',20),(1854,'17:19:26','17:19:46','10','2024-07-04 16:16:32',NULL,'2024-07-03',7,'14',20),(1855,'18:10:46','18:11:06','10','2024-07-04 16:16:32',NULL,'2024-07-03',7,'14',20),(1856,'19:02:06','19:02:26','10','2024-07-04 16:16:32',NULL,'2024-07-03',7,'14',20),(1857,'19:53:26','19:53:46','10','2024-07-04 16:16:32',NULL,'2024-07-03',7,'14',20),(1858,'20:44:46','20:45:06','10','2024-07-04 16:16:32',NULL,'2024-07-03',7,'14',20),(1859,'21:36:06','21:36:26','10','2024-07-04 16:16:32',NULL,'2024-07-03',7,'14',20),(1860,'22:27:26','22:27:46','10','2024-07-04 16:16:32',NULL,'2024-07-03',7,'14',20),(1861,'06:06:21','06:06:41','10','2024-07-04 16:16:32',NULL,'2024-07-04',7,'14',20),(1862,'06:57:41','06:58:01','10','2024-07-04 16:16:32',NULL,'2024-07-04',7,'14',20),(1863,'07:49:01','07:49:21','10','2024-07-04 16:16:32',NULL,'2024-07-04',7,'14',20),(1864,'08:40:21','08:40:41','10','2024-07-04 16:16:32',NULL,'2024-07-04',7,'14',20),(1865,'09:31:41','09:32:01','10','2024-07-04 16:16:32',NULL,'2024-07-04',7,'14',20),(1866,'10:23:01','10:23:21','10','2024-07-04 16:16:32',NULL,'2024-07-04',7,'14',20),(1867,'11:14:21','11:14:41','10','2024-07-04 16:16:32',NULL,'2024-07-04',7,'14',20),(1868,'12:05:41','12:06:01','10','2024-07-04 16:16:32',NULL,'2024-07-04',7,'14',20),(1869,'12:57:01','12:57:21','10','2024-07-04 16:16:32',NULL,'2024-07-04',7,'14',20),(1870,'13:48:21','13:48:41','10','2024-07-04 16:16:32',NULL,'2024-07-04',7,'14',20),(1871,'14:39:41','14:40:01','10','2024-07-04 16:16:32',NULL,'2024-07-04',7,'14',20),(1872,'15:31:01','15:31:21','10','2024-07-04 16:16:32',NULL,'2024-07-04',7,'14',20),(1873,'16:22:21','16:22:41','10','2024-07-04 16:16:32',NULL,'2024-07-04',7,'14',20),(1874,'17:13:41','17:14:01','10','2024-07-04 16:16:32',NULL,'2024-07-04',7,'14',20),(1875,'18:05:01','18:05:21','10','2024-07-04 16:16:32',NULL,'2024-07-04',7,'14',20),(1876,'18:56:21','18:56:41','10','2024-07-04 16:16:32',NULL,'2024-07-04',7,'14',20),(1877,'19:47:41','19:48:01','10','2024-07-04 16:16:32',NULL,'2024-07-04',7,'14',20),(1878,'20:39:01','20:39:21','10','2024-07-04 16:16:32',NULL,'2024-07-04',7,'14',20),(1879,'21:30:21','21:30:41','10','2024-07-04 16:16:32',NULL,'2024-07-04',7,'14',20),(1880,'22:21:41','22:22:01','10','2024-07-04 16:16:32',NULL,'2024-07-04',7,'14',20),(1881,'06:07:33','06:07:53','10','2024-07-04 16:16:32',NULL,'2024-07-05',7,'14',20),(1882,'06:58:53','06:59:13','10','2024-07-04 16:16:32',NULL,'2024-07-05',7,'14',20),(1883,'07:50:13','07:50:33','10','2024-07-04 16:16:32',NULL,'2024-07-05',7,'14',20),(1884,'08:41:33','08:41:53','10','2024-07-04 16:16:32',NULL,'2024-07-05',7,'14',20),(1885,'09:32:53','09:33:13','10','2024-07-04 16:16:32',NULL,'2024-07-05',7,'14',20),(1886,'10:24:13','10:24:33','10','2024-07-04 16:16:32',NULL,'2024-07-05',7,'14',20),(1887,'11:15:33','11:15:53','10','2024-07-04 16:16:32',NULL,'2024-07-05',7,'14',20),(1888,'12:06:53','12:07:13','10','2024-07-04 16:16:32',NULL,'2024-07-05',7,'14',20),(1889,'12:58:13','12:58:33','10','2024-07-04 16:16:32',NULL,'2024-07-05',7,'14',20),(1890,'13:49:33','13:49:53','10','2024-07-04 16:16:32',NULL,'2024-07-05',7,'14',20),(1891,'14:40:53','14:41:13','10','2024-07-04 16:16:32',NULL,'2024-07-05',7,'14',20),(1892,'15:32:13','15:32:33','10','2024-07-04 16:16:32',NULL,'2024-07-05',7,'14',20),(1893,'16:23:33','16:23:53','10','2024-07-04 16:16:32',NULL,'2024-07-05',7,'14',20),(1894,'17:14:53','17:15:13','10','2024-07-04 16:16:32',NULL,'2024-07-05',7,'14',20),(1895,'18:06:13','18:06:33','10','2024-07-04 16:16:32',NULL,'2024-07-05',7,'14',20),(1896,'18:57:33','18:57:53','10','2024-07-04 16:16:32',NULL,'2024-07-05',7,'14',20),(1897,'19:48:53','19:49:13','10','2024-07-04 16:16:32',NULL,'2024-07-05',7,'14',20),(1898,'20:40:13','20:40:33','10','2024-07-04 16:16:32',NULL,'2024-07-05',7,'14',20),(1899,'21:31:33','21:31:53','10','2024-07-04 16:16:32',NULL,'2024-07-05',7,'14',20),(1900,'22:22:53','22:23:13','10','2024-07-04 16:16:32',NULL,'2024-07-05',7,'14',20),(1901,'06:04:49','06:05:09','10','2024-07-04 16:16:32',NULL,'2024-07-01',7,'15',20),(1902,'06:56:09','06:56:29','10','2024-07-04 16:16:32',NULL,'2024-07-01',7,'15',20),(1903,'07:47:29','07:47:49','10','2024-07-04 16:16:32',NULL,'2024-07-01',7,'15',20),(1904,'08:38:49','08:39:09','10','2024-07-04 16:16:32',NULL,'2024-07-01',7,'15',20),(1905,'09:30:09','09:30:29','10','2024-07-04 16:16:32',NULL,'2024-07-01',7,'15',20),(1906,'10:21:29','10:21:49','10','2024-07-04 16:16:32',NULL,'2024-07-01',7,'15',20),(1907,'11:12:49','11:13:09','10','2024-07-04 16:16:32',NULL,'2024-07-01',7,'15',20),(1908,'12:04:09','12:04:29','10','2024-07-04 16:16:32',NULL,'2024-07-01',7,'15',20),(1909,'12:55:29','12:55:49','10','2024-07-04 16:16:32',NULL,'2024-07-01',7,'15',20),(1910,'13:46:49','13:47:09','10','2024-07-04 16:16:32',NULL,'2024-07-01',7,'15',20),(1911,'14:38:09','14:38:29','10','2024-07-04 16:16:32',NULL,'2024-07-01',7,'15',20),(1912,'15:29:29','15:29:49','10','2024-07-04 16:16:32',NULL,'2024-07-01',7,'15',20),(1913,'16:20:49','16:21:09','10','2024-07-04 16:16:32',NULL,'2024-07-01',7,'15',20),(1914,'17:12:09','17:12:29','10','2024-07-04 16:16:32',NULL,'2024-07-01',7,'15',20),(1915,'18:03:29','18:03:49','10','2024-07-04 16:16:32',NULL,'2024-07-01',7,'15',20),(1916,'18:54:49','18:55:09','10','2024-07-04 16:16:32',NULL,'2024-07-01',7,'15',20),(1917,'19:46:09','19:46:29','10','2024-07-04 16:16:32',NULL,'2024-07-01',7,'15',20),(1918,'20:37:29','20:37:49','10','2024-07-04 16:16:32',NULL,'2024-07-01',7,'15',20),(1919,'21:28:49','21:29:09','10','2024-07-04 16:16:32',NULL,'2024-07-01',7,'15',20),(1920,'22:20:09','22:20:29','10','2024-07-04 16:16:32',NULL,'2024-07-01',7,'15',20),(1921,'06:02:43','06:03:03','10','2024-07-04 16:16:32',NULL,'2024-07-02',7,'15',20),(1922,'06:54:03','06:54:23','10','2024-07-04 16:16:32',NULL,'2024-07-02',7,'15',20),(1923,'07:45:23','07:45:43','10','2024-07-04 16:16:32',NULL,'2024-07-02',7,'15',20),(1924,'08:36:43','08:37:03','10','2024-07-04 16:16:32',NULL,'2024-07-02',7,'15',20),(1925,'09:28:03','09:28:23','10','2024-07-04 16:16:32',NULL,'2024-07-02',7,'15',20),(1926,'10:19:23','10:19:43','10','2024-07-04 16:16:32',NULL,'2024-07-02',7,'15',20),(1927,'11:10:43','11:11:03','10','2024-07-04 16:16:32',NULL,'2024-07-02',7,'15',20),(1928,'12:02:03','12:02:23','10','2024-07-04 16:16:32',NULL,'2024-07-02',7,'15',20),(1929,'12:53:23','12:53:43','10','2024-07-04 16:16:32',NULL,'2024-07-02',7,'15',20),(1930,'13:44:43','13:45:03','10','2024-07-04 16:16:32',NULL,'2024-07-02',7,'15',20),(1931,'14:36:03','14:36:23','10','2024-07-04 16:16:32',NULL,'2024-07-02',7,'15',20),(1932,'15:27:23','15:27:43','10','2024-07-04 16:16:32',NULL,'2024-07-02',7,'15',20),(1933,'16:18:43','16:19:03','10','2024-07-04 16:16:32',NULL,'2024-07-02',7,'15',20),(1934,'17:10:03','17:10:23','10','2024-07-04 16:16:32',NULL,'2024-07-02',7,'15',20),(1935,'18:01:23','18:01:43','10','2024-07-04 16:16:32',NULL,'2024-07-02',7,'15',20),(1936,'18:52:43','18:53:03','10','2024-07-04 16:16:32',NULL,'2024-07-02',7,'15',20),(1937,'19:44:03','19:44:23','10','2024-07-04 16:16:32',NULL,'2024-07-02',7,'15',20),(1938,'20:35:23','20:35:43','10','2024-07-04 16:16:32',NULL,'2024-07-02',7,'15',20),(1939,'21:26:43','21:27:03','10','2024-07-04 16:16:32',NULL,'2024-07-02',7,'15',20),(1940,'22:18:03','22:18:23','10','2024-07-04 16:16:32',NULL,'2024-07-02',7,'15',20),(1941,'06:04:45','06:05:05','10','2024-07-04 16:16:32',NULL,'2024-07-03',7,'15',20),(1942,'06:56:05','06:56:25','10','2024-07-04 16:16:32',NULL,'2024-07-03',7,'15',20),(1943,'07:47:25','07:47:45','10','2024-07-04 16:16:32',NULL,'2024-07-03',7,'15',20),(1944,'08:38:45','08:39:05','10','2024-07-04 16:16:32',NULL,'2024-07-03',7,'15',20),(1945,'09:30:05','09:30:25','10','2024-07-04 16:16:32',NULL,'2024-07-03',7,'15',20),(1946,'10:21:25','10:21:45','10','2024-07-04 16:16:32',NULL,'2024-07-03',7,'15',20),(1947,'11:12:45','11:13:05','10','2024-07-04 16:16:32',NULL,'2024-07-03',7,'15',20),(1948,'12:04:05','12:04:25','10','2024-07-04 16:16:32',NULL,'2024-07-03',7,'15',20),(1949,'12:55:25','12:55:45','10','2024-07-04 16:16:32',NULL,'2024-07-03',7,'15',20),(1950,'13:46:45','13:47:05','10','2024-07-04 16:16:32',NULL,'2024-07-03',7,'15',20),(1951,'14:38:05','14:38:25','10','2024-07-04 16:16:32',NULL,'2024-07-03',7,'15',20),(1952,'15:29:25','15:29:45','10','2024-07-04 16:16:32',NULL,'2024-07-03',7,'15',20),(1953,'16:20:45','16:21:05','10','2024-07-04 16:16:32',NULL,'2024-07-03',7,'15',20),(1954,'17:12:05','17:12:25','10','2024-07-04 16:16:32',NULL,'2024-07-03',7,'15',20),(1955,'18:03:25','18:03:45','10','2024-07-04 16:16:32',NULL,'2024-07-03',7,'15',20),(1956,'18:54:45','18:55:05','10','2024-07-04 16:16:32',NULL,'2024-07-03',7,'15',20),(1957,'19:46:05','19:46:25','10','2024-07-04 16:16:32',NULL,'2024-07-03',7,'15',20),(1958,'20:37:25','20:37:45','10','2024-07-04 16:16:32',NULL,'2024-07-03',7,'15',20),(1959,'21:28:45','21:29:05','10','2024-07-04 16:16:32',NULL,'2024-07-03',7,'15',20),(1960,'22:20:05','22:20:25','10','2024-07-04 16:16:32',NULL,'2024-07-03',7,'15',20),(1961,'06:09:27','06:09:47','10','2024-07-04 16:16:32',NULL,'2024-07-04',7,'15',20),(1962,'07:00:47','07:01:07','10','2024-07-04 16:16:32',NULL,'2024-07-04',7,'15',20),(1963,'07:52:07','07:52:27','10','2024-07-04 16:16:32',NULL,'2024-07-04',7,'15',20),(1964,'08:43:27','08:43:47','10','2024-07-04 16:16:32',NULL,'2024-07-04',7,'15',20),(1965,'09:34:47','09:35:07','10','2024-07-04 16:16:32',NULL,'2024-07-04',7,'15',20),(1966,'10:26:07','10:26:27','10','2024-07-04 16:16:32',NULL,'2024-07-04',7,'15',20),(1967,'11:17:27','11:17:47','10','2024-07-04 16:16:32',NULL,'2024-07-04',7,'15',20),(1968,'12:08:47','12:09:07','10','2024-07-04 16:16:32',NULL,'2024-07-04',7,'15',20),(1969,'13:00:07','13:00:27','10','2024-07-04 16:16:32',NULL,'2024-07-04',7,'15',20),(1970,'13:51:27','13:51:47','10','2024-07-04 16:16:32',NULL,'2024-07-04',7,'15',20),(1971,'14:42:47','14:43:07','10','2024-07-04 16:16:32',NULL,'2024-07-04',7,'15',20),(1972,'15:34:07','15:34:27','10','2024-07-04 16:16:32',NULL,'2024-07-04',7,'15',20),(1973,'16:25:27','16:25:47','10','2024-07-04 16:16:32',NULL,'2024-07-04',7,'15',20),(1974,'17:16:47','17:17:07','10','2024-07-04 16:16:32',NULL,'2024-07-04',7,'15',20),(1975,'18:08:07','18:08:27','10','2024-07-04 16:16:32',NULL,'2024-07-04',7,'15',20),(1976,'18:59:27','18:59:47','10','2024-07-04 16:16:32',NULL,'2024-07-04',7,'15',20),(1977,'19:50:47','19:51:07','10','2024-07-04 16:16:32',NULL,'2024-07-04',7,'15',20),(1978,'20:42:07','20:42:27','10','2024-07-04 16:16:32',NULL,'2024-07-04',7,'15',20),(1979,'21:33:27','21:33:47','10','2024-07-04 16:16:32',NULL,'2024-07-04',7,'15',20),(1980,'22:24:47','22:25:07','10','2024-07-04 16:16:32',NULL,'2024-07-04',7,'15',20),(1981,'06:05:39','06:05:59','10','2024-07-04 16:16:32',NULL,'2024-07-05',7,'15',20),(1982,'06:56:59','06:57:19','10','2024-07-04 16:16:32',NULL,'2024-07-05',7,'15',20),(1983,'07:48:19','07:48:39','10','2024-07-04 16:16:32',NULL,'2024-07-05',7,'15',20),(1984,'08:39:39','08:39:59','10','2024-07-04 16:16:32',NULL,'2024-07-05',7,'15',20),(1985,'09:30:59','09:31:19','10','2024-07-04 16:16:32',NULL,'2024-07-05',7,'15',20),(1986,'10:22:19','10:22:39','10','2024-07-04 16:16:32',NULL,'2024-07-05',7,'15',20),(1987,'11:13:39','11:13:59','10','2024-07-04 16:16:32',NULL,'2024-07-05',7,'15',20),(1988,'12:04:59','12:05:19','10','2024-07-04 16:16:32',NULL,'2024-07-05',7,'15',20),(1989,'12:56:19','12:56:39','10','2024-07-04 16:16:32',NULL,'2024-07-05',7,'15',20),(1990,'13:47:39','13:47:59','10','2024-07-04 16:16:32',NULL,'2024-07-05',7,'15',20),(1991,'14:38:59','14:39:19','10','2024-07-04 16:16:32',NULL,'2024-07-05',7,'15',20),(1992,'15:30:19','15:30:39','10','2024-07-04 16:16:32',NULL,'2024-07-05',7,'15',20),(1993,'16:21:39','16:21:59','10','2024-07-04 16:16:32',NULL,'2024-07-05',7,'15',20),(1994,'17:12:59','17:13:19','10','2024-07-04 16:16:32',NULL,'2024-07-05',7,'15',20),(1995,'18:04:19','18:04:39','10','2024-07-04 16:16:32',NULL,'2024-07-05',7,'15',20),(1996,'18:55:39','18:55:59','10','2024-07-04 16:16:32',NULL,'2024-07-05',7,'15',20),(1997,'19:46:59','19:47:19','10','2024-07-04 16:16:32',NULL,'2024-07-05',7,'15',20),(1998,'20:38:19','20:38:39','10','2024-07-04 16:16:32',NULL,'2024-07-05',7,'15',20),(1999,'21:29:39','21:29:59','10','2024-07-04 16:16:32',NULL,'2024-07-05',7,'15',20),(2000,'22:20:59','22:21:19','10','2024-07-04 16:16:32',NULL,'2024-07-05',7,'15',20);
/*!40000 ALTER TABLE `slots` ENABLE KEYS */;
UNLOCK TABLES;

--
-- Table structure for table `state`
--

DROP TABLE IF EXISTS `state`;
/*!40101 SET @saved_cs_client     = @@character_set_client */;
/*!50503 SET character_set_client = utf8mb4 */;
CREATE TABLE `state` (
  `id` int NOT NULL AUTO_INCREMENT,
  `name` varchar(45) NOT NULL,
  `code` varchar(45) NOT NULL,
  `created_at` datetime DEFAULT CURRENT_TIMESTAMP,
  `subdivision` varchar(45) DEFAULT NULL,
  PRIMARY KEY (`id`),
  UNIQUE KEY `id_UNIQUE` (`id`),
  UNIQUE KEY `name_UNIQUE` (`name`),
  UNIQUE KEY `code_UNIQUE` (`code`)
) ENGINE=InnoDB AUTO_INCREMENT=38 DEFAULT CHARSET=utf8mb4 COLLATE=utf8mb4_0900_ai_ci;
/*!40101 SET character_set_client = @saved_cs_client */;

--
-- Dumping data for table `state`
--

LOCK TABLES `state` WRITE;
/*!40000 ALTER TABLE `state` DISABLE KEYS */;
INSERT INTO `state` VALUES (2,'Andaman and Nicobar Islands','AN','2024-05-25 07:55:35','Union territory'),(3,'Chandigarh','CH','2024-05-25 07:55:35','Union territory'),(4,'Dadra and Nagar Haveli','DN','2024-05-25 07:55:35','Union territory'),(5,'Daman and Diu','DD','2024-05-25 07:55:35','Union territory'),(6,'Delhi','DL','2024-05-25 07:55:35','Union territory'),(7,'Lakshadweep','LD','2024-05-25 07:55:35','Union territory'),(8,'Puducherry','PY','2024-05-25 07:55:35','Union territory'),(9,'Andhra Pradesh','AP','2024-05-25 07:55:35','state'),(10,'Arunachal Pradesh','AR','2024-05-25 07:55:35','state'),(11,'Assam','AS','2024-05-25 07:55:35','state'),(12,'Bihar','BR','2024-05-25 07:55:35','state'),(13,'Chhattisgarh','CT','2024-05-25 07:55:35','state'),(14,'Goa','GA','2024-05-25 07:55:35','state'),(15,'Gujarat','GJ','2024-05-25 07:55:35','state'),(16,'Haryana','HR','2024-05-25 07:55:35','state'),(17,'Himachal Pradesh','HP','2024-05-25 07:55:35','state'),(18,'Jammu and Kashmir','JK','2024-05-25 07:55:35','state'),(19,'Jharkhand','JH','2024-05-25 07:55:35','state'),(20,'Karnataka','KA','2024-05-25 07:55:35','state'),(21,'Kerala','KL','2024-05-25 07:55:35','state'),(22,'Madhya Pradesh','MP','2024-05-25 07:55:35','state'),(23,'Maharashtra','MH','2024-05-25 07:55:35','state'),(24,'Manipur','MN','2024-05-25 07:55:35','state'),(25,'Meghalaya','ML','2024-05-25 07:55:35','state'),(26,'Mizoram','MZ','2024-05-25 07:55:35','state'),(27,'Nagaland','NL','2024-05-25 07:55:35','state'),(28,'Odisha','OR','2024-05-25 07:55:35','state'),(29,'Punjab','PB','2024-05-25 07:55:35','state'),(30,'Rajasthan','RJ','2024-05-25 07:55:35','state'),(31,'Sikkim','SK','2024-05-25 07:55:35','state'),(32,'Tamil Nadu','TN','2024-05-25 07:55:35','state'),(33,'Telangana','TG','2024-05-25 07:55:35','state'),(34,'Tripura','TR','2024-05-25 07:55:35','state'),(35,'Uttar Pradesh','UP','2024-05-25 07:55:35','state'),(36,'Uttarakhand','UT','2024-05-25 07:55:35','state'),(37,'West Bengal','WB','2024-05-25 07:55:35','state');
/*!40000 ALTER TABLE `state` ENABLE KEYS */;
UNLOCK TABLES;

--
-- Table structure for table `test`
--

DROP TABLE IF EXISTS `test`;
/*!40101 SET @saved_cs_client     = @@character_set_client */;
/*!50503 SET character_set_client = utf8mb4 */;
CREATE TABLE `test` (
  `id` int NOT NULL,
  `name` varchar(45) DEFAULT NULL,
  PRIMARY KEY (`id`)
) ENGINE=InnoDB DEFAULT CHARSET=utf8mb4 COLLATE=utf8mb4_0900_ai_ci;
/*!40101 SET character_set_client = @saved_cs_client */;

--
-- Dumping data for table `test`
--

LOCK TABLES `test` WRITE;
/*!40000 ALTER TABLE `test` DISABLE KEYS */;
INSERT INTO `test` VALUES (1,'Pooja'),(2,'Shriyaan');
/*!40000 ALTER TABLE `test` ENABLE KEYS */;
UNLOCK TABLES;

--
-- Table structure for table `user`
--

DROP TABLE IF EXISTS `user`;
/*!40101 SET @saved_cs_client     = @@character_set_client */;
/*!50503 SET character_set_client = utf8mb4 */;
CREATE TABLE `user` (
  `userId` int NOT NULL AUTO_INCREMENT,
  `name` varchar(45) DEFAULT NULL,
  `email` varchar(45) DEFAULT NULL,
  `password` varchar(45) NOT NULL,
  `userType` varchar(45) NOT NULL DEFAULT 'admin',
  `username` varchar(45) NOT NULL,
  `created_at` datetime DEFAULT CURRENT_TIMESTAMP,
  `updated_at` varchar(45) DEFAULT NULL,
  PRIMARY KEY (`userId`),
  UNIQUE KEY `userid_UNIQUE` (`userId`),
  UNIQUE KEY `username_UNIQUE` (`username`)
) ENGINE=InnoDB AUTO_INCREMENT=32 DEFAULT CHARSET=utf8mb4 COLLATE=utf8mb4_0900_ai_ci;
/*!40101 SET character_set_client = @saved_cs_client */;

--
-- Dumping data for table `user`
--

LOCK TABLES `user` WRITE;
/*!40000 ALTER TABLE `user` DISABLE KEYS */;
INSERT INTO `user` VALUES (1,'admin','admin','a','admin','admin','2024-06-11 02:14:30',NULL),(8,'user',NULL,'a','user','user1','2024-06-11 02:36:37',NULL),(11,'user 2',NULL,'a','user','user2','2024-06-12 19:57:21',NULL),(21,'user 3',NULL,'a','user','user3','2024-06-15 16:41:16',NULL),(30,'Pooja',NULL,'a','client','client','2024-06-16 01:45:29',NULL);
/*!40000 ALTER TABLE `user` ENABLE KEYS */;
UNLOCK TABLES;
/*!40103 SET TIME_ZONE=@OLD_TIME_ZONE */;

/*!40101 SET SQL_MODE=@OLD_SQL_MODE */;
/*!40014 SET FOREIGN_KEY_CHECKS=@OLD_FOREIGN_KEY_CHECKS */;
/*!40014 SET UNIQUE_CHECKS=@OLD_UNIQUE_CHECKS */;
/*!40101 SET CHARACTER_SET_CLIENT=@OLD_CHARACTER_SET_CLIENT */;
/*!40101 SET CHARACTER_SET_RESULTS=@OLD_CHARACTER_SET_RESULTS */;
/*!40101 SET COLLATION_CONNECTION=@OLD_COLLATION_CONNECTION */;
/*!40111 SET SQL_NOTES=@OLD_SQL_NOTES */;

-- Dump completed on 2024-07-07 14:56:28
