-- MySQL dump 10.13  Distrib 8.0.31, for macos12 (x86_64)
--
-- Host: localhost    Database: cms_app
-- ------------------------------------------------------
-- Server version	8.0.36

/*!40101 SET @OLD_CHARACTER_SET_CLIENT=@@CHARACTER_SET_CLIENT */;
/*!40101 SET @OLD_CHARACTER_SET_RESULTS=@@CHARACTER_SET_RESULTS */;
/*!40101 SET @OLD_COLLATION_CONNECTION=@@COLLATION_CONNECTION */;
/*!50503 SET NAMES utf8 */;
/*!40103 SET @OLD_TIME_ZONE=@@TIME_ZONE */;
/*!40103 SET TIME_ZONE='+00:00' */;
/*!40014 SET @OLD_UNIQUE_CHECKS=@@UNIQUE_CHECKS, UNIQUE_CHECKS=0 */;
/*!40014 SET @OLD_FOREIGN_KEY_CHECKS=@@FOREIGN_KEY_CHECKS, FOREIGN_KEY_CHECKS=0 */;
/*!40101 SET @OLD_SQL_MODE=@@SQL_MODE, SQL_MODE='NO_AUTO_VALUE_ON_ZERO' */;
/*!40111 SET @OLD_SQL_NOTES=@@SQL_NOTES, SQL_NOTES=0 */;

--
-- Table structure for table `channel`
--

DROP TABLE IF EXISTS `channel`;
/*!40101 SET @saved_cs_client     = @@character_set_client */;
/*!50503 SET character_set_client = utf8mb4 */;
CREATE TABLE `channel` (
  `id` int NOT NULL AUTO_INCREMENT,
  `name` varchar(45) NOT NULL,
  `state` int DEFAULT NULL,
  `city` int DEFAULT NULL,
  `created_at` datetime DEFAULT CURRENT_TIMESTAMP,
  `updated_at` varchar(45) DEFAULT NULL,
  PRIMARY KEY (`id`),
  UNIQUE KEY `id_UNIQUE` (`id`)
) ENGINE=InnoDB AUTO_INCREMENT=12 DEFAULT CHARSET=utf8mb4 COLLATE=utf8mb4_0900_ai_ci;
/*!40101 SET character_set_client = @saved_cs_client */;

--
-- Dumping data for table `channel`
--

LOCK TABLES `channel` WRITE;
/*!40000 ALTER TABLE `channel` DISABLE KEYS */;
INSERT INTO `channel` VALUES (1,'Channel 1',6,143,'2024-06-10 00:53:11',NULL),(2,'Channel 2',2,334,'2024-06-10 00:53:54',NULL),(3,'Channel 3',8,380,'2024-06-10 00:55:03',NULL),(4,'Channel 4',11,43,'2024-06-10 00:56:13',NULL),(5,'Channel 5',36,151,'2024-06-10 01:24:00',NULL),(6,'Channel 6',36,284,'2024-06-10 01:26:22',NULL),(7,'Channel 7',8,563,'2024-06-10 01:27:28',NULL),(8,'Channel 8',16,1159,'2024-06-10 01:27:57',NULL),(9,'Channel 9',6,143,'2024-06-10 03:53:17',NULL),(10,'Channel 10',6,143,'2024-06-10 03:53:31',NULL),(11,'Channel 11',2,334,'2024-06-10 04:06:19',NULL);
/*!40000 ALTER TABLE `channel` ENABLE KEYS */;
UNLOCK TABLES;

--
-- Table structure for table `city`
--

DROP TABLE IF EXISTS `city`;
/*!40101 SET @saved_cs_client     = @@character_set_client */;
/*!50503 SET character_set_client = utf8mb4 */;
CREATE TABLE `city` (
  `id` int NOT NULL AUTO_INCREMENT,
  `name` varchar(45) NOT NULL,
  `state` varchar(45) DEFAULT NULL,
  `created_at` datetime DEFAULT CURRENT_TIMESTAMP,
  PRIMARY KEY (`id`),
  UNIQUE KEY `id_UNIQUE` (`id`),
  UNIQUE KEY `name_UNIQUE` (`name`)
) ENGINE=InnoDB AUTO_INCREMENT=1222 DEFAULT CHARSET=utf8mb4 COLLATE=utf8mb4_0900_ai_ci;
/*!40101 SET character_set_client = @saved_cs_client */;

--
-- Dumping data for table `city`
--

LOCK TABLES `city` WRITE;
/*!40000 ALTER TABLE `city` DISABLE KEYS */;
INSERT INTO `city` VALUES (1,'Mumbai','23','2024-05-30 03:50:55'),(2,'Delhi','6','2024-05-30 03:50:55'),(3,'Bengaluru','20','2024-05-30 03:50:55'),(4,'Ahmedabad','15','2024-05-30 03:50:55'),(5,'Hyderabad','33','2024-05-30 03:50:55'),(6,'Chennai','32','2024-05-30 03:50:55'),(7,'Kolkata','37','2024-05-30 03:50:55'),(8,'Pune','23','2024-05-30 03:50:55'),(9,'Jaipur','30','2024-05-30 03:50:55'),(10,'Surat','15','2024-05-30 03:50:55'),(11,'Lucknow','35','2024-05-30 03:50:55'),(12,'Kanpur','35','2024-05-30 03:50:55'),(13,'Nagpur','23','2024-05-30 03:50:55'),(14,'Patna','12','2024-05-30 03:50:55'),(15,'Indore','22','2024-05-30 03:50:55'),(16,'Thane','23','2024-05-30 03:50:55'),(17,'Bhopal','22','2024-05-30 03:50:55'),(18,'Visakhapatnam','9','2024-05-30 03:50:55'),(19,'Vadodara','15','2024-05-30 03:50:55'),(20,'Firozabad','35','2024-05-30 03:50:55'),(21,'Ludhiana','29','2024-05-30 03:50:55'),(22,'Rajkot','15','2024-05-30 03:50:55'),(23,'Agra','35','2024-05-30 03:50:55'),(24,'Siliguri','37','2024-05-30 03:50:55'),(25,'Nashik','23','2024-05-30 03:50:55'),(26,'Faridabad','16','2024-05-30 03:50:55'),(27,'Patiala','29','2024-05-30 03:50:55'),(28,'Meerut','35','2024-05-30 03:50:55'),(29,'Kalyan-Dombivali','23','2024-05-30 03:50:55'),(30,'Vasai-Virar','23','2024-05-30 03:50:55'),(31,'Varanasi','35','2024-05-30 03:50:55'),(32,'Srinagar','18','2024-05-30 03:50:55'),(33,'Dhanbad','19','2024-05-30 03:50:55'),(34,'Jodhpur','30','2024-05-30 03:50:55'),(35,'Amritsar','29','2024-05-30 03:50:55'),(36,'Raipur','11','2024-05-30 03:50:55'),(37,'Allahabad','35','2024-05-30 03:50:55'),(38,'Coimbatore','32','2024-05-30 03:50:55'),(39,'Jabalpur','22','2024-05-30 03:50:55'),(40,'Gwalior','22','2024-05-30 03:50:55'),(41,'Vijayawada','9','2024-05-30 03:50:55'),(42,'Madurai','32','2024-05-30 03:50:55'),(43,'Guwahati','11','2024-05-30 03:50:55'),(44,'Chandigarh','3','2024-05-30 03:50:55'),(45,'Hubli-Dharwad','20','2024-05-30 03:50:55'),(46,'Amroha','35','2024-05-30 03:50:55'),(47,'Moradabad','35','2024-05-30 03:50:55'),(48,'Gurgaon','16','2024-05-30 03:50:55'),(49,'Aligarh','35','2024-05-30 03:50:55'),(50,'Solapur','23','2024-05-30 03:50:55'),(51,'Ranchi','19','2024-05-30 03:50:55'),(52,'Jalandhar','29','2024-05-30 03:50:55'),(53,'Tiruchirappalli','32','2024-05-30 03:50:55'),(54,'Bhubaneswar','28','2024-05-30 03:50:55'),(55,'Salem','32','2024-05-30 03:50:55'),(56,'Warangal','33','2024-05-30 03:50:55'),(57,'Mira-Bhayandar','23','2024-05-30 03:50:55'),(58,'Thiruvananthapuram','21','2024-05-30 03:50:55'),(59,'Bhiwandi','23','2024-05-30 03:50:55'),(60,'Saharanpur','35','2024-05-30 03:50:55'),(61,'Guntur','9','2024-05-30 03:50:55'),(62,'Amravati','23','2024-05-30 03:50:55'),(63,'Bikaner','30','2024-05-30 03:50:55'),(64,'Noida','35','2024-05-30 03:50:55'),(65,'Jamshedpur','19','2024-05-30 03:50:55'),(66,'Bhilai Nagar','11','2024-05-30 03:50:55'),(67,'Cuttack','28','2024-05-30 03:50:55'),(68,'Kochi','21','2024-05-30 03:50:55'),(69,'Udaipur','30','2024-05-30 03:50:55'),(70,'Bhavnagar','15','2024-05-30 03:50:55'),(71,'Dehradun','36','2024-05-30 03:50:55'),(72,'Asansol','37','2024-05-30 03:50:55'),(73,'Nanded-Waghala','23','2024-05-30 03:50:55'),(74,'Ajmer','30','2024-05-30 03:50:55'),(75,'Jamnagar','15','2024-05-30 03:50:55'),(76,'Ujjain','22','2024-05-30 03:50:55'),(77,'Sangli','23','2024-05-30 03:50:55'),(78,'Loni','35','2024-05-30 03:50:55'),(79,'Jhansi','35','2024-05-30 03:50:55'),(80,'Pondicherry','8','2024-05-30 03:50:55'),(81,'Nellore','9','2024-05-30 03:50:55'),(82,'Jammu','18','2024-05-30 03:50:55'),(83,'Belagavi','20','2024-05-30 03:50:55'),(84,'Raurkela','28','2024-05-30 03:50:55'),(85,'Mangaluru','20','2024-05-30 03:50:55'),(86,'Tirunelveli','32','2024-05-30 03:50:55'),(87,'Malegaon','23','2024-05-30 03:50:55'),(88,'Gaya','12','2024-05-30 03:50:55'),(89,'Tiruppur','32','2024-05-30 03:50:55'),(90,'Davanagere','20','2024-05-30 03:50:55'),(91,'Kozhikode','21','2024-05-30 03:50:55'),(92,'Akola','23','2024-05-30 03:50:55'),(93,'Kurnool','9','2024-05-30 03:50:55'),(94,'Bokaro Steel City','19','2024-05-30 03:50:55'),(95,'Rajahmundry','9','2024-05-30 03:50:55'),(96,'Ballari','20','2024-05-30 03:50:55'),(97,'Agartala','34','2024-05-30 03:50:55'),(98,'Bhagalpur','12','2024-05-30 03:50:55'),(99,'Latur','23','2024-05-30 03:50:55'),(100,'Dhule','23','2024-05-30 03:50:55'),(101,'Korba','11','2024-05-30 03:50:55'),(102,'Bhilwara','30','2024-05-30 03:50:55'),(103,'Brahmapur','28','2024-05-30 03:50:55'),(104,'Mysore','20','2024-05-30 03:50:55'),(105,'Muzaffarpur','12','2024-05-30 03:50:55'),(106,'Ahmednagar','23','2024-05-30 03:50:55'),(107,'Kollam','21','2024-05-30 03:50:55'),(108,'Raghunathganj','37','2024-05-30 03:50:55'),(109,'Bilaspur','11','2024-05-30 03:50:55'),(110,'Shahjahanpur','35','2024-05-30 03:50:55'),(111,'Thrissur','21','2024-05-30 03:50:55'),(112,'Alwar','30','2024-05-30 03:50:55'),(113,'Kakinada','9','2024-05-30 03:50:55'),(114,'Nizamabad','33','2024-05-30 03:50:55'),(115,'Sagar','22','2024-05-30 03:50:55'),(116,'Tumkur','20','2024-05-30 03:50:55'),(117,'Hisar','16','2024-05-30 03:50:55'),(118,'Rohtak','16','2024-05-30 03:50:55'),(119,'Panipat','16','2024-05-30 03:50:55'),(120,'Darbhanga','12','2024-05-30 03:50:55'),(121,'Kharagpur','37','2024-05-30 03:50:55'),(122,'Aizawl','26','2024-05-30 03:50:55'),(123,'Ichalkaranji','23','2024-05-30 03:50:55'),(124,'Tirupati','9','2024-05-30 03:50:55'),(125,'Karnal','16','2024-05-30 03:50:55'),(126,'Bathinda','29','2024-05-30 03:50:55'),(127,'Rampur','35','2024-05-30 03:50:55'),(128,'Shivamogga','20','2024-05-30 03:50:55'),(129,'Ratlam','22','2024-05-30 03:50:55'),(130,'Modinagar','35','2024-05-30 03:50:55'),(131,'Durg','11','2024-05-30 03:50:55'),(132,'Shillong','25','2024-05-30 03:50:55'),(133,'Imphal','24','2024-05-30 03:50:55'),(134,'Hapur','35','2024-05-30 03:50:55'),(135,'Ranipet','32','2024-05-30 03:50:55'),(136,'Anantapur','9','2024-05-30 03:50:55'),(137,'Arrah','12','2024-05-30 03:50:55'),(138,'Karimnagar','33','2024-05-30 03:50:55'),(139,'Parbhani','23','2024-05-30 03:50:55'),(140,'Etawah','35','2024-05-30 03:50:55'),(141,'Bharatpur','30','2024-05-30 03:50:55'),(142,'Begusarai','12','2024-05-30 03:50:55'),(143,'New Delhi','6','2024-05-30 03:50:55'),(144,'Chhapra','12','2024-05-30 03:50:55'),(145,'Kadapa','9','2024-05-30 03:50:55'),(146,'Ramagundam','33','2024-05-30 03:50:55'),(147,'Pali','30','2024-05-30 03:50:55'),(148,'Satna','22','2024-05-30 03:50:55'),(149,'Vizianagaram','9','2024-05-30 03:50:55'),(150,'Katihar','12','2024-05-30 03:50:55'),(151,'Hardwar','36','2024-05-30 03:50:55'),(152,'Sonipat','16','2024-05-30 03:50:55'),(153,'Nagercoil','32','2024-05-30 03:50:55'),(154,'Thanjavur','32','2024-05-30 03:50:55'),(155,'Murwara (Katni)','22','2024-05-30 03:50:55'),(156,'Naihati','37','2024-05-30 03:50:55'),(157,'Sambhal','35','2024-05-30 03:50:55'),(158,'Nadiad','15','2024-05-30 03:50:55'),(159,'Yamunanagar','16','2024-05-30 03:50:55'),(160,'English Bazar','37','2024-05-30 03:50:55'),(161,'Eluru','9','2024-05-30 03:50:55'),(162,'Munger','12','2024-05-30 03:50:55'),(163,'Panchkula','16','2024-05-30 03:50:55'),(164,'Raayachuru','20','2024-05-30 03:50:55'),(165,'Panvel','23','2024-05-30 03:50:55'),(166,'Deoghar','19','2024-05-30 03:50:55'),(167,'Ongole','9','2024-05-30 03:50:55'),(168,'Nandyal','9','2024-05-30 03:50:55'),(169,'Morena','22','2024-05-30 03:50:55'),(170,'Bhiwani','16','2024-05-30 03:50:55'),(171,'Porbandar','15','2024-05-30 03:50:55'),(172,'Palakkad','21','2024-05-30 03:50:55'),(173,'Anand','15','2024-05-30 03:50:55'),(174,'Purnia','12','2024-05-30 03:50:55'),(175,'Baharampur','37','2024-05-30 03:50:55'),(176,'Barmer','30','2024-05-30 03:50:55'),(177,'Morvi','15','2024-05-30 03:50:55'),(178,'Orai','35','2024-05-30 03:50:55'),(179,'Bahraich','35','2024-05-30 03:50:55'),(180,'Sikar','30','2024-05-30 03:50:55'),(181,'Vellore','32','2024-05-30 03:50:55'),(182,'Singrauli','22','2024-05-30 03:50:55'),(183,'Khammam','33','2024-05-30 03:50:55'),(184,'Mahesana','15','2024-05-30 03:50:55'),(185,'Silchar','11','2024-05-30 03:50:55'),(186,'Sambalpur','28','2024-05-30 03:50:55'),(187,'Rewa','22','2024-05-30 03:50:55'),(188,'Unnao','35','2024-05-30 03:50:55'),(189,'Hugli-Chinsurah','37','2024-05-30 03:50:55'),(190,'Raiganj','37','2024-05-30 03:50:55'),(191,'Phusro','19','2024-05-30 03:50:55'),(192,'Adityapur','19','2024-05-30 03:50:55'),(193,'Alappuzha','21','2024-05-30 03:50:55'),(194,'Bahadurgarh','16','2024-05-30 03:50:55'),(195,'Machilipatnam','9','2024-05-30 03:50:55'),(196,'Rae Bareli','35','2024-05-30 03:50:55'),(197,'Jalpaiguri','37','2024-05-30 03:50:55'),(198,'Bharuch','15','2024-05-30 03:50:55'),(199,'Pathankot','29','2024-05-30 03:50:55'),(200,'Hoshiarpur','29','2024-05-30 03:50:55'),(201,'Baramula','18','2024-05-30 03:50:55'),(202,'Adoni','9','2024-05-30 03:50:55'),(203,'Jind','16','2024-05-30 03:50:55'),(204,'Tonk','30','2024-05-30 03:50:55'),(205,'Tenali','9','2024-05-30 03:50:55'),(206,'Kancheepuram','32','2024-05-30 03:50:55'),(207,'Vapi','15','2024-05-30 03:50:55'),(208,'Sirsa','16','2024-05-30 03:50:55'),(209,'Navsari','15','2024-05-30 03:50:55'),(210,'Mahbubnagar','33','2024-05-30 03:50:55'),(211,'Puri','28','2024-05-30 03:50:55'),(212,'Robertson Pet','20','2024-05-30 03:50:55'),(213,'Erode','32','2024-05-30 03:50:55'),(214,'Batala','29','2024-05-30 03:50:55'),(215,'Haldwani-cum-Kathgodam','36','2024-05-30 03:50:55'),(216,'Vidisha','22','2024-05-30 03:50:55'),(217,'Saharsa','12','2024-05-30 03:50:55'),(218,'Thanesar','16','2024-05-30 03:50:55'),(219,'Chittoor','9','2024-05-30 03:50:55'),(220,'Veraval','15','2024-05-30 03:50:55'),(221,'Lakhimpur','35','2024-05-30 03:50:55'),(222,'Sitapur','35','2024-05-30 03:50:55'),(223,'Hindupur','9','2024-05-30 03:50:55'),(224,'Santipur','37','2024-05-30 03:50:55'),(225,'Balurghat','37','2024-05-30 03:50:55'),(226,'Ganjbasoda','22','2024-05-30 03:50:55'),(227,'Moga','29','2024-05-30 03:50:55'),(228,'Proddatur','9','2024-05-30 03:50:55'),(230,'Medinipur','37','2024-05-30 03:50:55'),(231,'Habra','37','2024-05-30 03:50:55'),(232,'Sasaram','12','2024-05-30 03:50:55'),(233,'Hajipur','12','2024-05-30 03:50:55'),(234,'Bhuj','15','2024-05-30 03:50:55'),(235,'Shivpuri','22','2024-05-30 03:50:55'),(236,'Ranaghat','37','2024-05-30 03:50:55'),(237,'Shimla','17','2024-05-30 03:50:55'),(238,'Tiruvannamalai','32','2024-05-30 03:50:55'),(239,'Kaithal','16','2024-05-30 03:50:55'),(240,'Rajnandgaon','11','2024-05-30 03:50:55'),(241,'Godhra','15','2024-05-30 03:50:55'),(242,'Hazaribag','19','2024-05-30 03:50:55'),(243,'Bhimavaram','9','2024-05-30 03:50:55'),(244,'Mandsaur','22','2024-05-30 03:50:55'),(245,'Dibrugarh','11','2024-05-30 03:50:55'),(246,'Kolar','20','2024-05-30 03:50:55'),(247,'Bankura','37','2024-05-30 03:50:55'),(248,'Mandya','20','2024-05-30 03:50:55'),(249,'Dehri-on-Sone','12','2024-05-30 03:50:55'),(250,'Madanapalle','9','2024-05-30 03:50:55'),(251,'Malerkotla','29','2024-05-30 03:50:55'),(252,'Lalitpur','35','2024-05-30 03:50:55'),(253,'Bettiah','12','2024-05-30 03:50:55'),(254,'Pollachi','32','2024-05-30 03:50:55'),(255,'Khanna','29','2024-05-30 03:50:55'),(256,'Neemuch','22','2024-05-30 03:50:55'),(257,'Palwal','16','2024-05-30 03:50:55'),(258,'Palanpur','15','2024-05-30 03:50:55'),(259,'Guntakal','9','2024-05-30 03:50:55'),(260,'Nabadwip','37','2024-05-30 03:50:55'),(261,'Udupi','20','2024-05-30 03:50:55'),(262,'Jagdalpur','11','2024-05-30 03:50:55'),(263,'Motihari','12','2024-05-30 03:50:55'),(264,'Pilibhit','35','2024-05-30 03:50:55'),(265,'Dimapur','27','2024-05-30 03:50:55'),(266,'Mohali','29','2024-05-30 03:50:55'),(267,'Sadulpur','30','2024-05-30 03:50:55'),(268,'Rajapalayam','32','2024-05-30 03:50:55'),(269,'Dharmavaram','9','2024-05-30 03:50:55'),(270,'Kashipur','36','2024-05-30 03:50:55'),(271,'Sivakasi','32','2024-05-30 03:50:55'),(272,'Darjiling','37','2024-05-30 03:50:55'),(273,'Chikkamagaluru','20','2024-05-30 03:50:55'),(274,'Gudivada','9','2024-05-30 03:50:55'),(275,'Baleshwar Town','28','2024-05-30 03:50:55'),(276,'Mancherial','33','2024-05-30 03:50:55'),(277,'Srikakulam','9','2024-05-30 03:50:55'),(278,'Adilabad','33','2024-05-30 03:50:55'),(279,'Yavatmal','23','2024-05-30 03:50:55'),(280,'Barnala','29','2024-05-30 03:50:55'),(281,'Nagaon','11','2024-05-30 03:50:55'),(282,'Narasaraopet','9','2024-05-30 03:50:55'),(283,'Raigarh','11','2024-05-30 03:50:55'),(284,'Roorkee','36','2024-05-30 03:50:55'),(285,'Valsad','15','2024-05-30 03:50:55'),(286,'Ambikapur','11','2024-05-30 03:50:55'),(287,'Giridih','19','2024-05-30 03:50:55'),(288,'Chandausi','35','2024-05-30 03:50:55'),(289,'Purulia','37','2024-05-30 03:50:55'),(290,'Patan','15','2024-05-30 03:50:55'),(291,'Bagaha','12','2024-05-30 03:50:55'),(292,'Hardoi ','35','2024-05-30 03:50:55'),(293,'Achalpur','23','2024-05-30 03:50:55'),(294,'Osmanabad','23','2024-05-30 03:50:55'),(295,'Deesa','15','2024-05-30 03:50:55'),(296,'Nandurbar','23','2024-05-30 03:50:55'),(297,'Azamgarh','35','2024-05-30 03:50:55'),(298,'Ramgarh','19','2024-05-30 03:50:55'),(299,'Firozpur','29','2024-05-30 03:50:55'),(300,'Baripada Town','28','2024-05-30 03:50:55'),(301,'Karwar','20','2024-05-30 03:50:55'),(302,'Siwan','12','2024-05-30 03:50:55'),(303,'Rajampet','9','2024-05-30 03:50:55'),(304,'Pudukkottai','32','2024-05-30 03:50:55'),(305,'Anantnag','18','2024-05-30 03:50:55'),(306,'Tadpatri','9','2024-05-30 03:50:55'),(307,'Satara','23','2024-05-30 03:50:55'),(308,'Bhadrak','28','2024-05-30 03:50:55'),(309,'Kishanganj','12','2024-05-30 03:50:55'),(310,'Suryapet','33','2024-05-30 03:50:55'),(311,'Wardha','23','2024-05-30 03:50:55'),(312,'Ranebennuru','20','2024-05-30 03:50:55'),(313,'Amreli','15','2024-05-30 03:50:55'),(314,'Neyveli (TS)','32','2024-05-30 03:50:55'),(315,'Jamalpur','12','2024-05-30 03:50:55'),(316,'Marmagao','14','2024-05-30 03:50:55'),(317,'Udgir','23','2024-05-30 03:50:55'),(318,'Tadepalligudem','9','2024-05-30 03:50:55'),(319,'Nagapattinam','32','2024-05-30 03:50:55'),(320,'Buxar','12','2024-05-30 03:50:55'),(321,'Aurangabad','23','2024-05-30 03:50:55'),(322,'Jehanabad','12','2024-05-30 03:50:55'),(323,'Phagwara','29','2024-05-30 03:50:55'),(324,'Khair','35','2024-05-30 03:50:55'),(325,'Sawai Madhopur','30','2024-05-30 03:50:55'),(326,'Kapurthala','29','2024-05-30 03:50:55'),(327,'Chilakaluripet','9','2024-05-30 03:50:55'),(329,'Malappuram','21','2024-05-30 03:50:55'),(330,'Rewari','16','2024-05-30 03:50:55'),(331,'Nagaur','30','2024-05-30 03:50:55'),(332,'Sultanpur','35','2024-05-30 03:50:55'),(333,'Nagda','22','2024-05-30 03:50:55'),(334,'Port Blair','2','2024-05-30 03:50:55'),(335,'Lakhisarai','12','2024-05-30 03:50:55'),(336,'Panaji','14','2024-05-30 03:50:55'),(337,'Tinsukia','11','2024-05-30 03:50:55'),(338,'Itarsi','22','2024-05-30 03:50:55'),(339,'Kohima','27','2024-05-30 03:50:55'),(340,'Balangir','28','2024-05-30 03:50:55'),(341,'Nawada','12','2024-05-30 03:50:55'),(342,'Jharsuguda','28','2024-05-30 03:50:55'),(343,'Jagtial','33','2024-05-30 03:50:55'),(344,'Viluppuram','32','2024-05-30 03:50:55'),(345,'Amalner','23','2024-05-30 03:50:55'),(346,'Zirakpur','29','2024-05-30 03:50:55'),(347,'Tanda','35','2024-05-30 03:50:55'),(348,'Tiruchengode','32','2024-05-30 03:50:55'),(349,'Nagina','35','2024-05-30 03:50:55'),(350,'Yemmiganur','9','2024-05-30 03:50:55'),(351,'Vaniyambadi','32','2024-05-30 03:50:55'),(352,'Sarni','22','2024-05-30 03:50:55'),(353,'Theni Allinagaram','32','2024-05-30 03:50:55'),(354,'Margao','14','2024-05-30 03:50:55'),(355,'Akot','23','2024-05-30 03:50:55'),(356,'Sehore','22','2024-05-30 03:50:55'),(357,'Mhow Cantonment','22','2024-05-30 03:50:55'),(358,'Kot Kapura','29','2024-05-30 03:50:55'),(359,'Makrana','30','2024-05-30 03:50:55'),(360,'Pandharpur','23','2024-05-30 03:50:55'),(361,'Miryalaguda','33','2024-05-30 03:50:55'),(362,'Shamli','35','2024-05-30 03:50:55'),(363,'Seoni','22','2024-05-30 03:50:55'),(364,'Ranibennur','20','2024-05-30 03:50:55'),(365,'Kadiri','9','2024-05-30 03:50:55'),(366,'Shrirampur','23','2024-05-30 03:50:55'),(367,'Rudrapur','36','2024-05-30 03:50:55'),(368,'Parli','23','2024-05-30 03:50:55'),(369,'Najibabad','35','2024-05-30 03:50:55'),(370,'Nirmal','33','2024-05-30 03:50:55'),(371,'Udhagamandalam','32','2024-05-30 03:50:55'),(372,'Shikohabad','35','2024-05-30 03:50:55'),(373,'Jhumri Tilaiya','19','2024-05-30 03:50:55'),(374,'Aruppukkottai','32','2024-05-30 03:50:55'),(375,'Ponnani','21','2024-05-30 03:50:55'),(376,'Jamui','12','2024-05-30 03:50:55'),(377,'Sitamarhi','12','2024-05-30 03:50:55'),(378,'Chirala','9','2024-05-30 03:50:55'),(379,'Anjar','15','2024-05-30 03:50:55'),(380,'Karaikal','8','2024-05-30 03:50:55'),(381,'Hansi','16','2024-05-30 03:50:55'),(382,'Anakapalle','9','2024-05-30 03:50:55'),(383,'Mahasamund','11','2024-05-30 03:50:55'),(384,'Faridkot','29','2024-05-30 03:50:55'),(385,'Saunda','19','2024-05-30 03:50:55'),(386,'Dhoraji','15','2024-05-30 03:50:55'),(387,'Paramakudi','32','2024-05-30 03:50:55'),(388,'Balaghat','22','2024-05-30 03:50:55'),(389,'Sujangarh','30','2024-05-30 03:50:55'),(390,'Khambhat','15','2024-05-30 03:50:55'),(391,'Muktsar','29','2024-05-30 03:50:55'),(392,'Rajpura','29','2024-05-30 03:50:55'),(393,'Kavali','9','2024-05-30 03:50:55'),(394,'Dhamtari','11','2024-05-30 03:50:55'),(395,'Ashok Nagar','22','2024-05-30 03:50:55'),(396,'Sardarshahar','30','2024-05-30 03:50:55'),(397,'Mahuva','15','2024-05-30 03:50:55'),(398,'Bargarh','28','2024-05-30 03:50:55'),(399,'Kamareddy','33','2024-05-30 03:50:55'),(400,'Sahibganj','19','2024-05-30 03:50:55'),(401,'Kothagudem','33','2024-05-30 03:50:55'),(402,'Ramanagaram','20','2024-05-30 03:50:55'),(403,'Gokak','20','2024-05-30 03:50:55'),(404,'Tikamgarh','22','2024-05-30 03:50:55'),(405,'Araria','12','2024-05-30 03:50:55'),(406,'Rishikesh','36','2024-05-30 03:50:55'),(407,'Shahdol','22','2024-05-30 03:50:55'),(408,'Medininagar (Daltonganj)','19','2024-05-30 03:50:55'),(409,'Arakkonam','32','2024-05-30 03:50:55'),(410,'Washim','23','2024-05-30 03:50:55'),(411,'Sangrur','29','2024-05-30 03:50:55'),(412,'Bodhan','33','2024-05-30 03:50:55'),(413,'Fazilka','29','2024-05-30 03:50:55'),(414,'Palacole','9','2024-05-30 03:50:55'),(415,'Keshod','15','2024-05-30 03:50:55'),(416,'Sullurpeta','9','2024-05-30 03:50:55'),(417,'Wadhwan','15','2024-05-30 03:50:55'),(418,'Gurdaspur','29','2024-05-30 03:50:55'),(419,'Vatakara','21','2024-05-30 03:50:55'),(420,'Tura','25','2024-05-30 03:50:55'),(421,'Narnaul','16','2024-05-30 03:50:55'),(422,'Kharar','29','2024-05-30 03:50:55'),(423,'Yadgir','20','2024-05-30 03:50:55'),(424,'Ambejogai','23','2024-05-30 03:50:55'),(425,'Ankleshwar','15','2024-05-30 03:50:55'),(426,'Savarkundla','15','2024-05-30 03:50:55'),(427,'Paradip','28','2024-05-30 03:50:55'),(428,'Virudhachalam','32','2024-05-30 03:50:55'),(429,'Kanhangad','21','2024-05-30 03:50:55'),(430,'Kadi','15','2024-05-30 03:50:55'),(431,'Srivilliputhur','32','2024-05-30 03:50:55'),(432,'Gobindgarh','29','2024-05-30 03:50:55'),(433,'Tindivanam','32','2024-05-30 03:50:55'),(434,'Mansa','29','2024-05-30 03:50:55'),(435,'Taliparamba','21','2024-05-30 03:50:55'),(436,'Manmad','23','2024-05-30 03:50:55'),(437,'Tanuku','9','2024-05-30 03:50:55'),(438,'Rayachoti','9','2024-05-30 03:50:55'),(439,'Virudhunagar','32','2024-05-30 03:50:55'),(440,'Koyilandy','21','2024-05-30 03:50:55'),(441,'Jorhat','11','2024-05-30 03:50:55'),(442,'Karur','32','2024-05-30 03:50:55'),(443,'Valparai','32','2024-05-30 03:50:55'),(444,'Srikalahasti','9','2024-05-30 03:50:55'),(445,'Neyyattinkara','21','2024-05-30 03:50:55'),(446,'Bapatla','9','2024-05-30 03:50:55'),(447,'Fatehabad','16','2024-05-30 03:50:55'),(448,'Malout','29','2024-05-30 03:50:55'),(449,'Sankarankovil','32','2024-05-30 03:50:55'),(450,'Tenkasi','32','2024-05-30 03:50:55'),(451,'Ratnagiri','23','2024-05-30 03:50:55'),(452,'Rabkavi Banhatti','20','2024-05-30 03:50:55'),(453,'Sikandrabad','35','2024-05-30 03:50:55'),(454,'Chaibasa','19','2024-05-30 03:50:55'),(455,'Chirmiri','11','2024-05-30 03:50:55'),(456,'Palwancha','33','2024-05-30 03:50:55'),(457,'Bhawanipatna','28','2024-05-30 03:50:55'),(458,'Kayamkulam','21','2024-05-30 03:50:55'),(459,'Pithampur','22','2024-05-30 03:50:55'),(460,'Nabha','29','2024-05-30 03:50:55'),(461,'Shahabad, Hardoi','35','2024-05-30 03:50:55'),(462,'Dhenkanal','28','2024-05-30 03:50:55'),(463,'Uran Islampur','23','2024-05-30 03:50:55'),(464,'Gopalganj','12','2024-05-30 03:50:55'),(465,'Bongaigaon City','11','2024-05-30 03:50:55'),(466,'Palani','32','2024-05-30 03:50:55'),(467,'Pusad','23','2024-05-30 03:50:55'),(468,'Sopore','18','2024-05-30 03:50:55'),(469,'Pilkhuwa','35','2024-05-30 03:50:55'),(470,'Tarn Taran','29','2024-05-30 03:50:55'),(471,'Renukoot','35','2024-05-30 03:50:55'),(472,'Mandamarri','33','2024-05-30 03:50:55'),(473,'Shahabad','20','2024-05-30 03:50:55'),(474,'Barbil','28','2024-05-30 03:50:55'),(475,'Koratla','33','2024-05-30 03:50:55'),(476,'Madhubani','12','2024-05-30 03:50:55'),(477,'Arambagh','37','2024-05-30 03:50:55'),(478,'Gohana','16','2024-05-30 03:50:55'),(479,'Ladnu','30','2024-05-30 03:50:55'),(480,'Pattukkottai','32','2024-05-30 03:50:55'),(481,'Sirsi','20','2024-05-30 03:50:55'),(482,'Sircilla','33','2024-05-30 03:50:55'),(483,'Tamluk','37','2024-05-30 03:50:55'),(484,'Jagraon','29','2024-05-30 03:50:55'),(485,'AlipurdUrban Agglomerationr','37','2024-05-30 03:50:55'),(486,'Alirajpur','22','2024-05-30 03:50:55'),(487,'Tandur','33','2024-05-30 03:50:55'),(488,'Naidupet','9','2024-05-30 03:50:55'),(489,'Tirupathur','32','2024-05-30 03:50:55'),(490,'Tohana','16','2024-05-30 03:50:55'),(491,'Ratangarh','30','2024-05-30 03:50:55'),(492,'Dhubri','11','2024-05-30 03:50:55'),(493,'Masaurhi','12','2024-05-30 03:50:55'),(494,'Visnagar','15','2024-05-30 03:50:55'),(495,'Vrindavan','35','2024-05-30 03:50:55'),(496,'Nokha','30','2024-05-30 03:50:55'),(497,'Nagari','9','2024-05-30 03:50:55'),(498,'Narwana','16','2024-05-30 03:50:55'),(499,'Ramanathapuram','32','2024-05-30 03:50:55'),(500,'Ujhani','35','2024-05-30 03:50:55'),(501,'Samastipur','12','2024-05-30 03:50:55'),(502,'Laharpur','35','2024-05-30 03:50:55'),(503,'Sangamner','23','2024-05-30 03:50:55'),(504,'Nimbahera','30','2024-05-30 03:50:55'),(505,'Siddipet','33','2024-05-30 03:50:55'),(506,'Suri','37','2024-05-30 03:50:55'),(507,'Diphu','11','2024-05-30 03:50:55'),(508,'Jhargram','37','2024-05-30 03:50:55'),(509,'Shirpur-Warwade','23','2024-05-30 03:50:55'),(510,'Tilhar','35','2024-05-30 03:50:55'),(511,'Sindhnur','20','2024-05-30 03:50:55'),(512,'Udumalaipettai','32','2024-05-30 03:50:55'),(513,'Malkapur','23','2024-05-30 03:50:55'),(514,'Wanaparthy','33','2024-05-30 03:50:55'),(515,'Gudur','9','2024-05-30 03:50:55'),(516,'Kendujhar','28','2024-05-30 03:50:55'),(517,'Mandla','22','2024-05-30 03:50:55'),(518,'Mandi','17','2024-05-30 03:50:55'),(519,'Nedumangad','21','2024-05-30 03:50:55'),(520,'North Lakhimpur','11','2024-05-30 03:50:55'),(521,'Vinukonda','9','2024-05-30 03:50:55'),(522,'Tiptur','20','2024-05-30 03:50:55'),(523,'Gobichettipalayam','32','2024-05-30 03:50:55'),(524,'Sunabeda','28','2024-05-30 03:50:55'),(525,'Wani','23','2024-05-30 03:50:55'),(526,'Upleta','15','2024-05-30 03:50:55'),(527,'Narasapuram','9','2024-05-30 03:50:55'),(528,'Nuzvid','9','2024-05-30 03:50:55'),(529,'Tezpur','11','2024-05-30 03:50:55'),(530,'Una','15','2024-05-30 03:50:55'),(531,'Markapur','9','2024-05-30 03:50:55'),(532,'Sheopur','22','2024-05-30 03:50:55'),(533,'Thiruvarur','32','2024-05-30 03:50:55'),(534,'Sidhpur','15','2024-05-30 03:50:55'),(535,'Sahaswan','35','2024-05-30 03:50:55'),(536,'Suratgarh','30','2024-05-30 03:50:55'),(537,'Shajapur','22','2024-05-30 03:50:55'),(538,'Rayagada','28','2024-05-30 03:50:55'),(539,'Lonavla','23','2024-05-30 03:50:55'),(540,'Ponnur','9','2024-05-30 03:50:55'),(541,'Kagaznagar','33','2024-05-30 03:50:55'),(542,'Gadwal','33','2024-05-30 03:50:55'),(543,'Bhatapara','11','2024-05-30 03:50:55'),(544,'Kandukur','9','2024-05-30 03:50:55'),(545,'Sangareddy','33','2024-05-30 03:50:55'),(546,'Unjha','15','2024-05-30 03:50:55'),(547,'Lunglei','26','2024-05-30 03:50:55'),(548,'Karimganj','11','2024-05-30 03:50:55'),(549,'Kannur','21','2024-05-30 03:50:55'),(550,'Bobbili','9','2024-05-30 03:50:55'),(551,'Mokameh','12','2024-05-30 03:50:55'),(552,'Talegaon Dabhade','23','2024-05-30 03:50:55'),(553,'Anjangaon','23','2024-05-30 03:50:55'),(554,'Mangrol','15','2024-05-30 03:50:55'),(555,'Sunam','29','2024-05-30 03:50:55'),(556,'Gangarampur','37','2024-05-30 03:50:55'),(557,'Thiruvallur','32','2024-05-30 03:50:55'),(558,'Tirur','21','2024-05-30 03:50:55'),(559,'Rath','35','2024-05-30 03:50:55'),(560,'Jatani','28','2024-05-30 03:50:55'),(561,'Viramgam','15','2024-05-30 03:50:55'),(562,'Rajsamand','30','2024-05-30 03:50:55'),(563,'Yanam','8','2024-05-30 03:50:55'),(564,'Kottayam','21','2024-05-30 03:50:55'),(565,'Panruti','32','2024-05-30 03:50:55'),(566,'Dhuri','29','2024-05-30 03:50:55'),(567,'Namakkal','32','2024-05-30 03:50:55'),(568,'Kasaragod','21','2024-05-30 03:50:55'),(569,'Modasa','15','2024-05-30 03:50:55'),(570,'Rayadurg','9','2024-05-30 03:50:55'),(571,'Supaul','12','2024-05-30 03:50:55'),(572,'Kunnamkulam','21','2024-05-30 03:50:55'),(573,'Umred','23','2024-05-30 03:50:55'),(574,'Bellampalle','33','2024-05-30 03:50:55'),(575,'Sibsagar','11','2024-05-30 03:50:55'),(576,'Mandi Dabwali','16','2024-05-30 03:50:55'),(577,'Ottappalam','21','2024-05-30 03:50:55'),(578,'Dumraon','12','2024-05-30 03:50:55'),(579,'Samalkot','9','2024-05-30 03:50:55'),(580,'Jaggaiahpet','9','2024-05-30 03:50:55'),(581,'Goalpara','11','2024-05-30 03:50:55'),(582,'Tuni','9','2024-05-30 03:50:55'),(583,'Lachhmangarh','30','2024-05-30 03:50:55'),(584,'Bhongir','33','2024-05-30 03:50:55'),(585,'Amalapuram','9','2024-05-30 03:50:55'),(586,'Firozpur Cantt.','29','2024-05-30 03:50:55'),(587,'Vikarabad','33','2024-05-30 03:50:55'),(588,'Thiruvalla','21','2024-05-30 03:50:55'),(589,'Sherkot','35','2024-05-30 03:50:55'),(590,'Palghar','23','2024-05-30 03:50:55'),(591,'Shegaon','23','2024-05-30 03:50:55'),(592,'Jangaon','33','2024-05-30 03:50:55'),(593,'Bheemunipatnam','9','2024-05-30 03:50:55'),(594,'Panna','22','2024-05-30 03:50:55'),(595,'Thodupuzha','21','2024-05-30 03:50:55'),(596,'KathUrban Agglomeration','18','2024-05-30 03:50:55'),(597,'Palitana','15','2024-05-30 03:50:55'),(598,'Arwal','12','2024-05-30 03:50:55'),(599,'Venkatagiri','9','2024-05-30 03:50:55'),(600,'Kalpi','35','2024-05-30 03:50:55'),(601,'Rajgarh (Churu)','30','2024-05-30 03:50:55'),(602,'Sattenapalle','9','2024-05-30 03:50:55'),(603,'Arsikere','20','2024-05-30 03:50:55'),(604,'Ozar','23','2024-05-30 03:50:55'),(605,'Thirumangalam','32','2024-05-30 03:50:55'),(606,'Petlad','15','2024-05-30 03:50:55'),(607,'Nasirabad','30','2024-05-30 03:50:55'),(608,'Phaltan','23','2024-05-30 03:50:55'),(609,'Rampurhat','37','2024-05-30 03:50:55'),(610,'Nanjangud','20','2024-05-30 03:50:55'),(611,'Forbesganj','12','2024-05-30 03:50:55'),(612,'Tundla','35','2024-05-30 03:50:55'),(613,'BhabUrban Agglomeration','12','2024-05-30 03:50:55'),(614,'Sagara','20','2024-05-30 03:50:55'),(615,'Pithapuram','9','2024-05-30 03:50:55'),(616,'Sira','20','2024-05-30 03:50:55'),(617,'Bhadrachalam','33','2024-05-30 03:50:55'),(618,'Charkhi Dadri','16','2024-05-30 03:50:55'),(619,'Chatra','19','2024-05-30 03:50:55'),(620,'Palasa Kasibugga','9','2024-05-30 03:50:55'),(621,'Nohar','30','2024-05-30 03:50:55'),(622,'Yevla','23','2024-05-30 03:50:55'),(623,'Sirhind Fatehgarh Sahib','29','2024-05-30 03:50:55'),(624,'Bhainsa','33','2024-05-30 03:50:55'),(625,'Parvathipuram','9','2024-05-30 03:50:55'),(626,'Shahade','23','2024-05-30 03:50:55'),(627,'Chalakudy','21','2024-05-30 03:50:55'),(628,'Narkatiaganj','12','2024-05-30 03:50:55'),(629,'Kapadvanj','15','2024-05-30 03:50:55'),(630,'Macherla','9','2024-05-30 03:50:55'),(631,'Raghogarh-Vijaypur','22','2024-05-30 03:50:55'),(632,'Rupnagar','29','2024-05-30 03:50:55'),(633,'Naugachhia','12','2024-05-30 03:50:55'),(634,'Sendhwa','22','2024-05-30 03:50:55'),(635,'Byasanagar','28','2024-05-30 03:50:55'),(636,'Sandila','35','2024-05-30 03:50:55'),(637,'Gooty','9','2024-05-30 03:50:55'),(638,'Salur','9','2024-05-30 03:50:55'),(639,'Nanpara','35','2024-05-30 03:50:55'),(640,'Sardhana','35','2024-05-30 03:50:55'),(641,'Vita','23','2024-05-30 03:50:55'),(642,'Gumia','19','2024-05-30 03:50:55'),(643,'Puttur','20','2024-05-30 03:50:55'),(644,'Jalandhar Cantt.','29','2024-05-30 03:50:55'),(645,'Nehtaur','35','2024-05-30 03:50:55'),(646,'Changanassery','21','2024-05-30 03:50:55'),(647,'Mandapeta','9','2024-05-30 03:50:55'),(648,'Dumka','19','2024-05-30 03:50:55'),(649,'Seohara','35','2024-05-30 03:50:55'),(650,'Umarkhed','23','2024-05-30 03:50:55'),(651,'Madhupur','19','2024-05-30 03:50:55'),(652,'Vikramasingapuram','32','2024-05-30 03:50:55'),(653,'Punalur','21','2024-05-30 03:50:55'),(654,'Kendrapara','28','2024-05-30 03:50:55'),(655,'Sihor','15','2024-05-30 03:50:55'),(656,'Nellikuppam','32','2024-05-30 03:50:55'),(657,'Samana','29','2024-05-30 03:50:55'),(658,'Warora','23','2024-05-30 03:50:55'),(659,'Nilambur','21','2024-05-30 03:50:55'),(660,'Rasipuram','32','2024-05-30 03:50:55'),(661,'Ramnagar','36','2024-05-30 03:50:55'),(662,'Jammalamadugu','9','2024-05-30 03:50:55'),(663,'Nawanshahr','29','2024-05-30 03:50:55'),(664,'Thoubal','24','2024-05-30 03:50:55'),(665,'Athni','20','2024-05-30 03:50:55'),(666,'Cherthala','21','2024-05-30 03:50:55'),(667,'Sidhi','22','2024-05-30 03:50:55'),(668,'Farooqnagar','33','2024-05-30 03:50:55'),(669,'Peddapuram','9','2024-05-30 03:50:55'),(670,'Chirkunda','19','2024-05-30 03:50:55'),(671,'Pachora','23','2024-05-30 03:50:55'),(672,'Madhepura','12','2024-05-30 03:50:55'),(673,'Pithoragarh','36','2024-05-30 03:50:55'),(674,'Tumsar','23','2024-05-30 03:50:55'),(675,'Phalodi','30','2024-05-30 03:50:55'),(676,'Tiruttani','32','2024-05-30 03:50:55'),(677,'Rampura Phul','29','2024-05-30 03:50:55'),(678,'Perinthalmanna','21','2024-05-30 03:50:55'),(679,'Padrauna','35','2024-05-30 03:50:55'),(680,'Pipariya','22','2024-05-30 03:50:55'),(681,'Dalli-Rajhara','11','2024-05-30 03:50:55'),(682,'Punganur','9','2024-05-30 03:50:55'),(683,'Mattannur','21','2024-05-30 03:50:55'),(684,'Mathura','35','2024-05-30 03:50:55'),(685,'Thakurdwara','35','2024-05-30 03:50:55'),(686,'Nandivaram-Guduvancheri','32','2024-05-30 03:50:55'),(687,'Mulbagal','20','2024-05-30 03:50:55'),(688,'Manjlegaon','23','2024-05-30 03:50:55'),(689,'Wankaner','15','2024-05-30 03:50:55'),(690,'Sillod','23','2024-05-30 03:50:55'),(691,'Nidadavole','9','2024-05-30 03:50:55'),(692,'Surapura','20','2024-05-30 03:50:55'),(693,'Rajagangapur','28','2024-05-30 03:50:55'),(694,'Sheikhpura','12','2024-05-30 03:50:55'),(695,'Parlakhemundi','28','2024-05-30 03:50:55'),(696,'Kalimpong','37','2024-05-30 03:50:55'),(697,'Siruguppa','20','2024-05-30 03:50:55'),(698,'Arvi','23','2024-05-30 03:50:55'),(699,'Limbdi','15','2024-05-30 03:50:55'),(700,'Barpeta','11','2024-05-30 03:50:55'),(701,'Manglaur','36','2024-05-30 03:50:55'),(702,'Repalle','9','2024-05-30 03:50:55'),(703,'Mudhol','20','2024-05-30 03:50:55'),(704,'Shujalpur','22','2024-05-30 03:50:55'),(705,'Mandvi','15','2024-05-30 03:50:55'),(706,'Thangadh','15','2024-05-30 03:50:55'),(707,'Sironj','22','2024-05-30 03:50:55'),(708,'Nandura','23','2024-05-30 03:50:55'),(709,'Shoranur','21','2024-05-30 03:50:55'),(710,'Nathdwara','30','2024-05-30 03:50:55'),(711,'Periyakulam','32','2024-05-30 03:50:55'),(712,'Sultanganj','12','2024-05-30 03:50:55'),(713,'Medak','33','2024-05-30 03:50:55'),(714,'Narayanpet','33','2024-05-30 03:50:55'),(715,'Raxaul Bazar','12','2024-05-30 03:50:55'),(716,'Rajauri','18','2024-05-30 03:50:55'),(717,'Pernampattu','32','2024-05-30 03:50:55'),(718,'Nainital','36','2024-05-30 03:50:55'),(719,'Ramachandrapuram','9','2024-05-30 03:50:55'),(720,'Vaijapur','23','2024-05-30 03:50:55'),(721,'Nangal','29','2024-05-30 03:50:55'),(722,'Sidlaghatta','20','2024-05-30 03:50:55'),(723,'Punch','18','2024-05-30 03:50:55'),(724,'Pandhurna','22','2024-05-30 03:50:55'),(725,'Wadgaon Road','23','2024-05-30 03:50:55'),(726,'Talcher','28','2024-05-30 03:50:55'),(727,'Varkala','21','2024-05-30 03:50:55'),(728,'Pilani','30','2024-05-30 03:50:55'),(729,'Nowgong','22','2024-05-30 03:50:55'),(730,'Naila Janjgir','11','2024-05-30 03:50:55'),(731,'Mapusa','14','2024-05-30 03:50:55'),(732,'Vellakoil','32','2024-05-30 03:50:55'),(733,'Merta City','30','2024-05-30 03:50:55'),(734,'Sivaganga','32','2024-05-30 03:50:55'),(735,'Mandideep','22','2024-05-30 03:50:55'),(736,'Sailu','23','2024-05-30 03:50:55'),(737,'Vyara','15','2024-05-30 03:50:55'),(738,'Kovvur','9','2024-05-30 03:50:55'),(739,'Vadalur','32','2024-05-30 03:50:55'),(740,'Nawabganj','35','2024-05-30 03:50:55'),(741,'Padra','15','2024-05-30 03:50:55'),(742,'Sainthia','37','2024-05-30 03:50:55'),(743,'Siana','35','2024-05-30 03:50:55'),(744,'Shahpur','20','2024-05-30 03:50:55'),(745,'Sojat','30','2024-05-30 03:50:55'),(746,'Noorpur','35','2024-05-30 03:50:55'),(747,'Paravoor','21','2024-05-30 03:50:55'),(748,'Murtijapur','23','2024-05-30 03:50:55'),(750,'Sundargarh','28','2024-05-30 03:50:55'),(751,'Taki','37','2024-05-30 03:50:55'),(752,'Saundatti-Yellamma','20','2024-05-30 03:50:55'),(753,'Pathanamthitta','21','2024-05-30 03:50:55'),(754,'Wadi','20','2024-05-30 03:50:55'),(755,'Rameshwaram','32','2024-05-30 03:50:55'),(756,'Tasgaon','23','2024-05-30 03:50:55'),(757,'Sikandra Rao','35','2024-05-30 03:50:55'),(758,'Sihora','22','2024-05-30 03:50:55'),(759,'Tiruvethipuram','32','2024-05-30 03:50:55'),(760,'Tiruvuru','9','2024-05-30 03:50:55'),(761,'Mehkar','23','2024-05-30 03:50:55'),(762,'Peringathur','21','2024-05-30 03:50:55'),(763,'Perambalur','32','2024-05-30 03:50:55'),(764,'Manvi','20','2024-05-30 03:50:55'),(765,'Zunheboto','27','2024-05-30 03:50:55'),(766,'Mahnar Bazar','12','2024-05-30 03:50:55'),(767,'Attingal','21','2024-05-30 03:50:55'),(768,'Shahbad','16','2024-05-30 03:50:55'),(769,'Puranpur','35','2024-05-30 03:50:55'),(770,'Nelamangala','20','2024-05-30 03:50:55'),(771,'Nakodar','29','2024-05-30 03:50:55'),(772,'Lunawada','15','2024-05-30 03:50:55'),(773,'Murshidabad','37','2024-05-30 03:50:55'),(774,'Mahe','8','2024-05-30 03:50:55'),(775,'Lanka','11','2024-05-30 03:50:55'),(776,'Rudauli','35','2024-05-30 03:50:55'),(777,'Tuensang','27','2024-05-30 03:50:55'),(778,'Lakshmeshwar','20','2024-05-30 03:50:55'),(779,'Zira','29','2024-05-30 03:50:55'),(780,'Yawal','23','2024-05-30 03:50:55'),(781,'Thana Bhawan','35','2024-05-30 03:50:55'),(782,'Ramdurg','20','2024-05-30 03:50:55'),(783,'Pulgaon','23','2024-05-30 03:50:55'),(784,'Sadasivpet','33','2024-05-30 03:50:55'),(785,'Nargund','20','2024-05-30 03:50:55'),(786,'Neem-Ka-Thana','30','2024-05-30 03:50:55'),(787,'Memari','37','2024-05-30 03:50:55'),(788,'Nilanga','23','2024-05-30 03:50:55'),(789,'Naharlagun','10','2024-05-30 03:50:55'),(790,'Pakaur','19','2024-05-30 03:50:55'),(791,'Wai','23','2024-05-30 03:50:55'),(792,'Tarikere','20','2024-05-30 03:50:55'),(793,'Malavalli','20','2024-05-30 03:50:55'),(794,'Raisen','22','2024-05-30 03:50:55'),(795,'Lahar','22','2024-05-30 03:50:55'),(796,'Uravakonda','9','2024-05-30 03:50:55'),(797,'Savanur','20','2024-05-30 03:50:55'),(798,'Sirohi','30','2024-05-30 03:50:55'),(799,'Udhampur','18','2024-05-30 03:50:55'),(800,'Umarga','23','2024-05-30 03:50:55'),(801,'Pratapgarh','30','2024-05-30 03:50:55'),(802,'Lingsugur','20','2024-05-30 03:50:55'),(803,'Usilampatti','32','2024-05-30 03:50:55'),(804,'Palia Kalan','35','2024-05-30 03:50:55'),(805,'Wokha','27','2024-05-30 03:50:55'),(806,'Rajpipla','15','2024-05-30 03:50:55'),(807,'Vijayapura','20','2024-05-30 03:50:55'),(808,'Rawatbhata','30','2024-05-30 03:50:55'),(809,'Sangaria','30','2024-05-30 03:50:55'),(810,'Paithan','23','2024-05-30 03:50:55'),(811,'Rahuri','23','2024-05-30 03:50:55'),(812,'Patti','29','2024-05-30 03:50:55'),(813,'Zaidpur','35','2024-05-30 03:50:55'),(814,'Lalsot','30','2024-05-30 03:50:55'),(815,'Maihar','22','2024-05-30 03:50:55'),(816,'Vedaranyam','32','2024-05-30 03:50:55'),(817,'Nawapur','23','2024-05-30 03:50:55'),(818,'Solan','17','2024-05-30 03:50:55'),(820,'Sanawad','22','2024-05-30 03:50:55'),(821,'Warisaliganj','12','2024-05-30 03:50:55'),(822,'Revelganj','12','2024-05-30 03:50:55'),(823,'Sabalgarh','22','2024-05-30 03:50:55'),(824,'Tuljapur','23','2024-05-30 03:50:55'),(825,'Simdega','19','2024-05-30 03:50:55'),(826,'Musabani','19','2024-05-30 03:50:55'),(827,'Kodungallur','21','2024-05-30 03:50:55'),(828,'Phulabani','28','2024-05-30 03:50:55'),(829,'Umreth','15','2024-05-30 03:50:55'),(830,'Narsipatnam','9','2024-05-30 03:50:55'),(831,'Nautanwa','35','2024-05-30 03:50:55'),(832,'Rajgir','12','2024-05-30 03:50:55'),(833,'Yellandu','33','2024-05-30 03:50:55'),(834,'Sathyamangalam','32','2024-05-30 03:50:55'),(835,'Pilibanga','30','2024-05-30 03:50:55'),(836,'Morshi','23','2024-05-30 03:50:55'),(837,'Pehowa','16','2024-05-30 03:50:55'),(838,'Sonepur','12','2024-05-30 03:50:55'),(839,'Pappinisseri','21','2024-05-30 03:50:55'),(840,'Zamania','35','2024-05-30 03:50:55'),(841,'Mihijam','19','2024-05-30 03:50:55'),(842,'Purna','23','2024-05-30 03:50:55'),(843,'Puliyankudi','32','2024-05-30 03:50:55'),(844,'Shikarpur, Bulandshahr','35','2024-05-30 03:50:55'),(845,'Umaria','22','2024-05-30 03:50:55'),(846,'Porsa','22','2024-05-30 03:50:55'),(847,'Naugawan Sadat','35','2024-05-30 03:50:55'),(848,'Fatehpur Sikri','35','2024-05-30 03:50:55'),(849,'Manuguru','33','2024-05-30 03:50:55'),(851,'Pipar City','30','2024-05-30 03:50:55'),(852,'Pattamundai','28','2024-05-30 03:50:55'),(853,'Nanjikottai','32','2024-05-30 03:50:55'),(854,'Taranagar','30','2024-05-30 03:50:55'),(855,'Yerraguntla','9','2024-05-30 03:50:55'),(856,'Satana','23','2024-05-30 03:50:55'),(857,'Sherghati','12','2024-05-30 03:50:55'),(858,'Sankeshwara','20','2024-05-30 03:50:55'),(859,'Madikeri','20','2024-05-30 03:50:55'),(860,'Thuraiyur','32','2024-05-30 03:50:55'),(861,'Sanand','15','2024-05-30 03:50:55'),(862,'Rajula','15','2024-05-30 03:50:55'),(863,'Kyathampalle','33','2024-05-30 03:50:55'),(864,'Shahabad, Rampur','35','2024-05-30 03:50:55'),(865,'Tilda Newra','11','2024-05-30 03:50:55'),(866,'Narsinghgarh','22','2024-05-30 03:50:55'),(867,'Chittur-Thathamangalam','21','2024-05-30 03:50:55'),(868,'Malaj Khand','22','2024-05-30 03:50:55'),(869,'Sarangpur','22','2024-05-30 03:50:55'),(870,'Robertsganj','35','2024-05-30 03:50:55'),(871,'Sirkali','32','2024-05-30 03:50:55'),(872,'Radhanpur','15','2024-05-30 03:50:55'),(873,'Tiruchendur','32','2024-05-30 03:50:55'),(874,'Utraula','35','2024-05-30 03:50:55'),(875,'Patratu','19','2024-05-30 03:50:55'),(876,'Vijainagar, Ajmer','30','2024-05-30 03:50:55'),(877,'Periyasemur','32','2024-05-30 03:50:55'),(878,'Pathri','23','2024-05-30 03:50:55'),(879,'Sadabad','35','2024-05-30 03:50:55'),(880,'Talikota','20','2024-05-30 03:50:55'),(881,'Sinnar','23','2024-05-30 03:50:55'),(882,'Mungeli','11','2024-05-30 03:50:55'),(883,'Sedam','20','2024-05-30 03:50:55'),(884,'Shikaripur','20','2024-05-30 03:50:55'),(885,'Sumerpur','30','2024-05-30 03:50:55'),(886,'Sattur','32','2024-05-30 03:50:55'),(887,'Sugauli','12','2024-05-30 03:50:55'),(888,'Lumding','11','2024-05-30 03:50:55'),(889,'Vandavasi','32','2024-05-30 03:50:55'),(890,'Titlagarh','28','2024-05-30 03:50:55'),(891,'Uchgaon','23','2024-05-30 03:50:55'),(892,'Mokokchung','27','2024-05-30 03:50:55'),(893,'Paschim Punropara','37','2024-05-30 03:50:55'),(894,'Sagwara','30','2024-05-30 03:50:55'),(895,'Ramganj Mandi','30','2024-05-30 03:50:55'),(896,'Tarakeswar','37','2024-05-30 03:50:55'),(897,'Mahalingapura','20','2024-05-30 03:50:55'),(898,'Dharmanagar','34','2024-05-30 03:50:55'),(899,'Mahemdabad','15','2024-05-30 03:50:55'),(900,'Manendragarh','11','2024-05-30 03:50:55'),(901,'Uran','23','2024-05-30 03:50:55'),(902,'Tharamangalam','32','2024-05-30 03:50:55'),(903,'Tirukkoyilur','32','2024-05-30 03:50:55'),(904,'Pen','23','2024-05-30 03:50:55'),(905,'Makhdumpur','12','2024-05-30 03:50:55'),(906,'Maner','12','2024-05-30 03:50:55'),(907,'Oddanchatram','32','2024-05-30 03:50:55'),(908,'Palladam','32','2024-05-30 03:50:55'),(909,'Mundi','22','2024-05-30 03:50:55'),(910,'Nabarangapur','28','2024-05-30 03:50:55'),(911,'Mudalagi','20','2024-05-30 03:50:55'),(912,'Samalkha','16','2024-05-30 03:50:55'),(913,'Nepanagar','22','2024-05-30 03:50:55'),(914,'Karjat','23','2024-05-30 03:50:55'),(915,'Ranavav','15','2024-05-30 03:50:55'),(916,'Pedana','9','2024-05-30 03:50:55'),(917,'Pinjore','16','2024-05-30 03:50:55'),(918,'Lakheri','30','2024-05-30 03:50:55'),(919,'Pasan','22','2024-05-30 03:50:55'),(921,'Vadakkuvalliyur','32','2024-05-30 03:50:55'),(922,'Tirukalukundram','32','2024-05-30 03:50:55'),(923,'Mahidpur','22','2024-05-30 03:50:55'),(924,'Mussoorie','36','2024-05-30 03:50:55'),(925,'Muvattupuzha','21','2024-05-30 03:50:55'),(926,'Rasra','35','2024-05-30 03:50:55'),(927,'Udaipurwati','30','2024-05-30 03:50:55'),(928,'Manwath','23','2024-05-30 03:50:55'),(929,'Adoor','21','2024-05-30 03:50:55'),(930,'Uthamapalayam','32','2024-05-30 03:50:55'),(931,'Partur','23','2024-05-30 03:50:55'),(932,'Nahan','17','2024-05-30 03:50:55'),(933,'Ladwa','16','2024-05-30 03:50:55'),(934,'Mankachar','11','2024-05-30 03:50:55'),(935,'Nongstoin','25','2024-05-30 03:50:55'),(936,'Losal','30','2024-05-30 03:50:55'),(937,'Sri Madhopur','30','2024-05-30 03:50:55'),(938,'Ramngarh','30','2024-05-30 03:50:55'),(939,'Mavelikkara','21','2024-05-30 03:50:55'),(940,'Rawatsar','30','2024-05-30 03:50:55'),(941,'Rajakhera','30','2024-05-30 03:50:55'),(942,'Lar','35','2024-05-30 03:50:55'),(943,'Lal Gopalganj Nindaura','35','2024-05-30 03:50:55'),(944,'Muddebihal','20','2024-05-30 03:50:55'),(945,'Sirsaganj','35','2024-05-30 03:50:55'),(946,'Shahpura','30','2024-05-30 03:50:55'),(947,'Surandai','32','2024-05-30 03:50:55'),(948,'Sangole','23','2024-05-30 03:50:55'),(949,'Pavagada','20','2024-05-30 03:50:55'),(950,'Tharad','15','2024-05-30 03:50:55'),(952,'Umbergaon','15','2024-05-30 03:50:55'),(953,'Mavoor','21','2024-05-30 03:50:55'),(954,'Nalbari','11','2024-05-30 03:50:55'),(955,'Talaja','15','2024-05-30 03:50:55'),(956,'Malur','20','2024-05-30 03:50:55'),(957,'Mangrulpir','23','2024-05-30 03:50:55'),(958,'Soro','28','2024-05-30 03:50:55'),(960,'Vadnagar','15','2024-05-30 03:50:55'),(961,'Raisinghnagar','30','2024-05-30 03:50:55'),(962,'Sindhagi','20','2024-05-30 03:50:55'),(963,'Sanduru','20','2024-05-30 03:50:55'),(964,'Sohna','16','2024-05-30 03:50:55'),(965,'Manavadar','15','2024-05-30 03:50:55'),(966,'Pihani','35','2024-05-30 03:50:55'),(967,'Safidon','16','2024-05-30 03:50:55'),(968,'Risod','23','2024-05-30 03:50:55'),(969,'Rosera','12','2024-05-30 03:50:55'),(970,'Sankari','32','2024-05-30 03:50:55'),(971,'Malpura','30','2024-05-30 03:50:55'),(972,'Sonamukhi','37','2024-05-30 03:50:55'),(973,'Shamsabad, Agra','35','2024-05-30 03:50:55'),(975,'PandUrban Agglomeration','37','2024-05-30 03:50:55'),(976,'Mainaguri','37','2024-05-30 03:50:55'),(977,'Afzalpur','20','2024-05-30 03:50:55'),(978,'Shirur','23','2024-05-30 03:50:55'),(979,'Salaya','15','2024-05-30 03:50:55'),(980,'Shenkottai','32','2024-05-30 03:50:55'),(982,'Vadipatti','32','2024-05-30 03:50:55'),(983,'Nagarkurnool','33','2024-05-30 03:50:55'),(984,'Savner','23','2024-05-30 03:50:55'),(985,'Sasvad','23','2024-05-30 03:50:55'),(987,'Soron','35','2024-05-30 03:50:55'),(988,'Sholingur','32','2024-05-30 03:50:55'),(989,'Pandharkaoda','23','2024-05-30 03:50:55'),(990,'Perumbavoor','21','2024-05-30 03:50:55'),(991,'Maddur','20','2024-05-30 03:50:55'),(992,'Nadbai','30','2024-05-30 03:50:55'),(993,'Talode','23','2024-05-30 03:50:55'),(994,'Shrigonda','23','2024-05-30 03:50:55'),(995,'Madhugiri','20','2024-05-30 03:50:55'),(996,'Tekkalakote','20','2024-05-30 03:50:55'),(997,'Seoni-Malwa','22','2024-05-30 03:50:55'),(998,'Shirdi','23','2024-05-30 03:50:55'),(999,'SUrban Agglomerationr','35','2024-05-30 03:50:55'),(1000,'Terdal','20','2024-05-30 03:50:55'),(1001,'Raver','23','2024-05-30 03:50:55'),(1003,'Taraori','16','2024-05-30 03:50:55'),(1004,'Mukhed','23','2024-05-30 03:50:55'),(1005,'Manachanallur','32','2024-05-30 03:50:55'),(1006,'Rehli','22','2024-05-30 03:50:55'),(1007,'Sanchore','30','2024-05-30 03:50:55'),(1008,'Rajura','23','2024-05-30 03:50:55'),(1009,'Piro','12','2024-05-30 03:50:55'),(1010,'Mudabidri','20','2024-05-30 03:50:55'),(1011,'Vadgaon Kasba','23','2024-05-30 03:50:55'),(1012,'Nagar','30','2024-05-30 03:50:55'),(1013,'Vijapur','15','2024-05-30 03:50:55'),(1014,'Viswanatham','32','2024-05-30 03:50:55'),(1015,'Polur','32','2024-05-30 03:50:55'),(1016,'Panagudi','32','2024-05-30 03:50:55'),(1017,'Manawar','22','2024-05-30 03:50:55'),(1018,'Tehri','36','2024-05-30 03:50:55'),(1019,'Samdhan','35','2024-05-30 03:50:55'),(1020,'Pardi','15','2024-05-30 03:50:55'),(1021,'Rahatgarh','22','2024-05-30 03:50:55'),(1022,'Panagar','22','2024-05-30 03:50:55'),(1023,'Uthiramerur','32','2024-05-30 03:50:55'),(1024,'Tirora','23','2024-05-30 03:50:55'),(1025,'Rangia','11','2024-05-30 03:50:55'),(1026,'Sahjanwa','35','2024-05-30 03:50:55'),(1027,'Wara Seoni','22','2024-05-30 03:50:55'),(1028,'Magadi','20','2024-05-30 03:50:55'),(1029,'Rajgarh (Alwar)','30','2024-05-30 03:50:55'),(1030,'Rafiganj','12','2024-05-30 03:50:55'),(1031,'Tarana','22','2024-05-30 03:50:55'),(1032,'Rampur Maniharan','35','2024-05-30 03:50:55'),(1033,'Sheoganj','30','2024-05-30 03:50:55'),(1034,'Raikot','29','2024-05-30 03:50:55'),(1035,'Pauri','36','2024-05-30 03:50:55'),(1037,'Navalgund','20','2024-05-30 03:50:55'),(1038,'Shahganj','35','2024-05-30 03:50:55'),(1039,'Marhaura','12','2024-05-30 03:50:55'),(1040,'Tulsipur','35','2024-05-30 03:50:55'),(1041,'Sadri','30','2024-05-30 03:50:55'),(1042,'Thiruthuraipoondi','32','2024-05-30 03:50:55'),(1043,'Shiggaon','20','2024-05-30 03:50:55'),(1044,'Pallapatti','32','2024-05-30 03:50:55'),(1045,'Mahendragarh','16','2024-05-30 03:50:55'),(1046,'Sausar','22','2024-05-30 03:50:55'),(1047,'Ponneri','32','2024-05-30 03:50:55'),(1048,'Mahad','23','2024-05-30 03:50:55'),(1049,'Lohardaga','19','2024-05-30 03:50:55'),(1050,'Tirwaganj','35','2024-05-30 03:50:55'),(1051,'Margherita','11','2024-05-30 03:50:55'),(1052,'Sundarnagar','17','2024-05-30 03:50:55'),(1053,'Rajgarh','22','2024-05-30 03:50:55'),(1054,'Mangaldoi','11','2024-05-30 03:50:55'),(1055,'Renigunta','9','2024-05-30 03:50:55'),(1056,'Longowal','29','2024-05-30 03:50:55'),(1057,'Ratia','16','2024-05-30 03:50:55'),(1058,'Lalgudi','32','2024-05-30 03:50:55'),(1059,'Shrirangapattana','20','2024-05-30 03:50:55'),(1060,'Niwari','22','2024-05-30 03:50:55'),(1061,'Natham','32','2024-05-30 03:50:55'),(1062,'Unnamalaikadai','32','2024-05-30 03:50:55'),(1063,'PurqUrban Agglomerationzi','35','2024-05-30 03:50:55'),(1064,'Shamsabad, Farrukhabad','35','2024-05-30 03:50:55'),(1065,'Mirganj','12','2024-05-30 03:50:55'),(1066,'Todaraisingh','30','2024-05-30 03:50:55'),(1067,'Warhapur','35','2024-05-30 03:50:55'),(1068,'Rajam','9','2024-05-30 03:50:55'),(1069,'Urmar Tanda','29','2024-05-30 03:50:55'),(1070,'Lonar','23','2024-05-30 03:50:55'),(1071,'Powayan','35','2024-05-30 03:50:55'),(1072,'P.N.Patti','32','2024-05-30 03:50:55'),(1073,'Palampur','17','2024-05-30 03:50:55'),(1075,'Sindagi','20','2024-05-30 03:50:55'),(1076,'Sandi','35','2024-05-30 03:50:55'),(1077,'Vaikom','21','2024-05-30 03:50:55'),(1078,'Malda','37','2024-05-30 03:50:55'),(1079,'Tharangambadi','32','2024-05-30 03:50:55'),(1080,'Sakaleshapura','20','2024-05-30 03:50:55'),(1081,'Lalganj','12','2024-05-30 03:50:55'),(1082,'Malkangiri','28','2024-05-30 03:50:55'),(1083,'Rapar','15','2024-05-30 03:50:55'),(1084,'Mauganj','22','2024-05-30 03:50:55'),(1085,'Todabhim','30','2024-05-30 03:50:55'),(1086,'Srinivaspur','20','2024-05-30 03:50:55'),(1087,'Murliganj','12','2024-05-30 03:50:55'),(1088,'Reengus','30','2024-05-30 03:50:55'),(1089,'Sawantwadi','23','2024-05-30 03:50:55'),(1090,'Tittakudi','32','2024-05-30 03:50:55'),(1091,'Lilong','24','2024-05-30 03:50:55'),(1092,'Rajaldesar','30','2024-05-30 03:50:55'),(1093,'Pathardi','23','2024-05-30 03:50:55'),(1094,'Achhnera','35','2024-05-30 03:50:55'),(1095,'Pacode','32','2024-05-30 03:50:55'),(1096,'Naraura','35','2024-05-30 03:50:55'),(1097,'Nakur','35','2024-05-30 03:50:55'),(1098,'Palai','21','2024-05-30 03:50:55'),(1099,'Morinda, India','29','2024-05-30 03:50:55'),(1100,'Manasa','22','2024-05-30 03:50:55'),(1101,'Nainpur','22','2024-05-30 03:50:55'),(1102,'Sahaspur','35','2024-05-30 03:50:55'),(1103,'Pauni','23','2024-05-30 03:50:55'),(1104,'Prithvipur','22','2024-05-30 03:50:55'),(1105,'Ramtek','23','2024-05-30 03:50:55'),(1106,'Silapathar','11','2024-05-30 03:50:55'),(1107,'Songadh','15','2024-05-30 03:50:55'),(1108,'Safipur','35','2024-05-30 03:50:55'),(1109,'Sohagpur','22','2024-05-30 03:50:55'),(1110,'Mul','23','2024-05-30 03:50:55'),(1111,'Sadulshahar','30','2024-05-30 03:50:55'),(1112,'Phillaur','29','2024-05-30 03:50:55'),(1113,'Sambhar','30','2024-05-30 03:50:55'),(1114,'Prantij','30','2024-05-30 03:50:55'),(1115,'Nagla','36','2024-05-30 03:50:55'),(1116,'Pattran','29','2024-05-30 03:50:55'),(1117,'Mount Abu','30','2024-05-30 03:50:55'),(1118,'Reoti','35','2024-05-30 03:50:55'),(1119,'Tenu dam-cum-Kathhara','19','2024-05-30 03:50:55'),(1120,'Panchla','37','2024-05-30 03:50:55'),(1121,'Sitarganj','36','2024-05-30 03:50:55'),(1122,'Pasighat','10','2024-05-30 03:50:55'),(1123,'Motipur','12','2024-05-30 03:50:55'),(1124,'O\' Valley','32','2024-05-30 03:50:55'),(1125,'Raghunathpur','37','2024-05-30 03:50:55'),(1126,'Suriyampalayam','32','2024-05-30 03:50:55'),(1127,'Qadian','29','2024-05-30 03:50:55'),(1128,'Rairangpur','28','2024-05-30 03:50:55'),(1129,'Silvassa','4','2024-05-30 03:50:55'),(1130,'Nowrozabad (Khodargama)','22','2024-05-30 03:50:55'),(1132,'Soyagaon','23','2024-05-30 03:50:55'),(1133,'Sujanpur','29','2024-05-30 03:50:55'),(1134,'Manihari','12','2024-05-30 03:50:55'),(1135,'Sikanderpur','35','2024-05-30 03:50:55'),(1136,'Mangalvedhe','23','2024-05-30 03:50:55'),(1137,'Phulera','30','2024-05-30 03:50:55'),(1138,'Ron','20','2024-05-30 03:50:55'),(1139,'Sholavandan','32','2024-05-30 03:50:55'),(1140,'Saidpur','35','2024-05-30 03:50:55'),(1141,'Shamgarh','22','2024-05-30 03:50:55'),(1142,'Thammampatti','32','2024-05-30 03:50:55'),(1143,'Maharajpur','22','2024-05-30 03:50:55'),(1144,'Multai','22','2024-05-30 03:50:55'),(1145,'Mukerian','29','2024-05-30 03:50:55'),(1147,'Purwa','35','2024-05-30 03:50:55'),(1148,'Sheohar','12','2024-05-30 03:50:55'),(1149,'Namagiripettai','32','2024-05-30 03:50:55'),(1150,'Parasi','35','2024-05-30 03:50:55'),(1151,'Lathi','15','2024-05-30 03:50:55'),(1153,'Narkhed','23','2024-05-30 03:50:55'),(1154,'Mathabhanga','37','2024-05-30 03:50:55'),(1155,'Shendurjana','23','2024-05-30 03:50:55'),(1156,'Peravurani','32','2024-05-30 03:50:55'),(1157,'Mariani','11','2024-05-30 03:50:55'),(1158,'Phulpur','35','2024-05-30 03:50:55'),(1159,'Rania','16','2024-05-30 03:50:55'),(1161,'Pachore','22','2024-05-30 03:50:55'),(1162,'Parangipettai','32','2024-05-30 03:50:55'),(1163,'Pudupattinam','32','2024-05-30 03:50:55'),(1164,'Panniyannur','21','2024-05-30 03:50:55'),(1165,'Maharajganj','12','2024-05-30 03:50:55'),(1166,'Rau','22','2024-05-30 03:50:55'),(1167,'Monoharpur','37','2024-05-30 03:50:55'),(1168,'Mandawa','30','2024-05-30 03:50:55'),(1169,'Marigaon','11','2024-05-30 03:50:55'),(1170,'Pallikonda','32','2024-05-30 03:50:55'),(1171,'Pindwara','30','2024-05-30 03:50:55'),(1172,'Shishgarh','35','2024-05-30 03:50:55'),(1173,'Patur','23','2024-05-30 03:50:55'),(1174,'Mayang Imphal','24','2024-05-30 03:50:55'),(1175,'Mhowgaon','22','2024-05-30 03:50:55'),(1176,'Guruvayoor','21','2024-05-30 03:50:55'),(1177,'Mhaswad','23','2024-05-30 03:50:55'),(1178,'Sahawar','35','2024-05-30 03:50:55'),(1179,'Sivagiri','32','2024-05-30 03:50:55'),(1180,'Mundargi','20','2024-05-30 03:50:55'),(1181,'Punjaipugalur','32','2024-05-30 03:50:55'),(1182,'Kailasahar','34','2024-05-30 03:50:55'),(1183,'Samthar','35','2024-05-30 03:50:55'),(1184,'Sakti','11','2024-05-30 03:50:55'),(1185,'Sadalagi','20','2024-05-30 03:50:55'),(1186,'Silao','12','2024-05-30 03:50:55'),(1187,'Mandalgarh','30','2024-05-30 03:50:55'),(1188,'Loha','23','2024-05-30 03:50:55'),(1189,'Pukhrayan','35','2024-05-30 03:50:55'),(1190,'Padmanabhapuram','32','2024-05-30 03:50:55'),(1191,'Belonia','34','2024-05-30 03:50:55'),(1192,'Saiha','26','2024-05-30 03:50:55'),(1193,'Srirampore','37','2024-05-30 03:50:55'),(1194,'Talwara','29','2024-05-30 03:50:55'),(1195,'Puthuppally','21','2024-05-30 03:50:55'),(1196,'Khowai','34','2024-05-30 03:50:55'),(1197,'Vijaypur','22','2024-05-30 03:50:55'),(1198,'Takhatgarh','30','2024-05-30 03:50:55'),(1199,'Thirupuvanam','32','2024-05-30 03:50:55'),(1200,'Adra','37','2024-05-30 03:50:55'),(1201,'Piriyapatna','20','2024-05-30 03:50:55'),(1202,'Obra','35','2024-05-30 03:50:55'),(1203,'Adalaj','15','2024-05-30 03:50:55'),(1204,'Nandgaon','23','2024-05-30 03:50:55'),(1205,'Barh','12','2024-05-30 03:50:55'),(1207,'Panamattom','21','2024-05-30 03:50:55'),(1208,'Niwai','35','2024-05-30 03:50:55'),(1209,'Bageshwar','36','2024-05-30 03:50:55'),(1210,'Tarbha','28','2024-05-30 03:50:55'),(1211,'Adyar','20','2024-05-30 03:50:55'),(1213,'Warud','23','2024-05-30 03:50:55'),(1214,'Asarganj','12','2024-05-30 03:50:55'),(1215,'Sarsod','16','2024-05-30 03:50:55'),(1216,'Gandhinagar','15','2024-05-30 03:50:55'),(1217,'Kullu','Himachal Pradesh','2024-05-30 03:50:55'),(1218,'Manali','Himachal Praddesh','2024-05-30 03:50:55'),(1219,'Mirzapur','Uttar Pradesh','2024-05-30 03:50:55'),(1220,'Kota','Rajasthan','2024-05-30 03:50:55'),(1221,'Dispur','Assam','2024-05-30 03:50:55');
/*!40000 ALTER TABLE `city` ENABLE KEYS */;
UNLOCK TABLES;

--
-- Table structure for table `compaign`
--

DROP TABLE IF EXISTS `compaign`;
/*!40101 SET @saved_cs_client     = @@character_set_client */;
/*!50503 SET character_set_client = utf8mb4 */;
CREATE TABLE `compaign` (
  `id` int NOT NULL AUTO_INCREMENT,
  `name` varchar(45) NOT NULL,
  `state` int NOT NULL,
  `city` int NOT NULL,
  `network` int NOT NULL,
  `channels` varchar(500) NOT NULL,
  `product` varchar(500) DEFAULT NULL,
  `brand` varchar(500) DEFAULT NULL,
  `start_date` varchar(50) DEFAULT NULL,
  `end_date` varchar(50) DEFAULT NULL,
  `slot_type` varchar(45) NOT NULL DEFAULT 'S',
  `created_at` datetime DEFAULT CURRENT_TIMESTAMP,
  `updated_at` varchar(45) DEFAULT NULL,
  PRIMARY KEY (`id`),
  UNIQUE KEY `id_UNIQUE` (`id`)
) ENGINE=InnoDB AUTO_INCREMENT=2 DEFAULT CHARSET=utf8mb4 COLLATE=utf8mb4_0900_ai_ci;
/*!40101 SET character_set_client = @saved_cs_client */;

--
-- Dumping data for table `compaign`
--

LOCK TABLES `compaign` WRITE;
/*!40000 ALTER TABLE `compaign` DISABLE KEYS */;
INSERT INTO `compaign` VALUES (1,'Compaign 1',6,143,2,'1,5,7,11','Product 1','Brand 1','2024-06-11','2024-07-03','S','2024-06-10 05:25:08',NULL);
/*!40000 ALTER TABLE `compaign` ENABLE KEYS */;
UNLOCK TABLES;

--
-- Table structure for table `network`
--

DROP TABLE IF EXISTS `network`;
/*!40101 SET @saved_cs_client     = @@character_set_client */;
/*!50503 SET character_set_client = utf8mb4 */;
CREATE TABLE `network` (
  `id` int NOT NULL AUTO_INCREMENT,
  `name` varchar(45) NOT NULL,
  `state` int DEFAULT NULL,
  `city` int DEFAULT NULL,
  `channels` varchar(500) NOT NULL,
  `created_at` datetime DEFAULT CURRENT_TIMESTAMP,
  `updated_at` varchar(45) DEFAULT NULL,
  PRIMARY KEY (`id`),
  UNIQUE KEY `id_UNIQUE` (`id`)
) ENGINE=InnoDB AUTO_INCREMENT=5 DEFAULT CHARSET=utf8mb4 COLLATE=utf8mb4_0900_ai_ci;
/*!40101 SET character_set_client = @saved_cs_client */;

--
-- Dumping data for table `network`
--

LOCK TABLES `network` WRITE;
/*!40000 ALTER TABLE `network` DISABLE KEYS */;
INSERT INTO `network` VALUES (1,'Network 1',6,143,'1','2024-06-10 03:52:49',NULL),(2,'Network 2',6,143,'1,9,10','2024-06-10 03:53:48',NULL),(3,'Network 3',8,380,'3','2024-06-10 04:05:17',NULL);
/*!40000 ALTER TABLE `network` ENABLE KEYS */;
UNLOCK TABLES;

--
-- Table structure for table `state`
--

DROP TABLE IF EXISTS `state`;
/*!40101 SET @saved_cs_client     = @@character_set_client */;
/*!50503 SET character_set_client = utf8mb4 */;
CREATE TABLE `state` (
  `id` int NOT NULL AUTO_INCREMENT,
  `name` varchar(45) NOT NULL,
  `code` varchar(45) NOT NULL,
  `created_at` datetime DEFAULT CURRENT_TIMESTAMP,
  `subdivision` varchar(45) DEFAULT NULL,
  PRIMARY KEY (`id`),
  UNIQUE KEY `id_UNIQUE` (`id`),
  UNIQUE KEY `name_UNIQUE` (`name`),
  UNIQUE KEY `code_UNIQUE` (`code`)
) ENGINE=InnoDB AUTO_INCREMENT=38 DEFAULT CHARSET=utf8mb4 COLLATE=utf8mb4_0900_ai_ci;
/*!40101 SET character_set_client = @saved_cs_client */;

--
-- Dumping data for table `state`
--

LOCK TABLES `state` WRITE;
/*!40000 ALTER TABLE `state` DISABLE KEYS */;
INSERT INTO `state` VALUES (2,'Andaman and Nicobar Islands','AN','2024-05-25 07:55:35','Union territory'),(3,'Chandigarh','CH','2024-05-25 07:55:35','Union territory'),(4,'Dadra and Nagar Haveli','DN','2024-05-25 07:55:35','Union territory'),(5,'Daman and Diu','DD','2024-05-25 07:55:35','Union territory'),(6,'Delhi','DL','2024-05-25 07:55:35','Union territory'),(7,'Lakshadweep','LD','2024-05-25 07:55:35','Union territory'),(8,'Puducherry','PY','2024-05-25 07:55:35','Union territory'),(9,'Andhra Pradesh','AP','2024-05-25 07:55:35','state'),(10,'Arunachal Pradesh','AR','2024-05-25 07:55:35','state'),(11,'Assam','AS','2024-05-25 07:55:35','state'),(12,'Bihar','BR','2024-05-25 07:55:35','state'),(13,'Chhattisgarh','CT','2024-05-25 07:55:35','state'),(14,'Goa','GA','2024-05-25 07:55:35','state'),(15,'Gujarat','GJ','2024-05-25 07:55:35','state'),(16,'Haryana','HR','2024-05-25 07:55:35','state'),(17,'Himachal Pradesh','HP','2024-05-25 07:55:35','state'),(18,'Jammu and Kashmir','JK','2024-05-25 07:55:35','state'),(19,'Jharkhand','JH','2024-05-25 07:55:35','state'),(20,'Karnataka','KA','2024-05-25 07:55:35','state'),(21,'Kerala','KL','2024-05-25 07:55:35','state'),(22,'Madhya Pradesh','MP','2024-05-25 07:55:35','state'),(23,'Maharashtra','MH','2024-05-25 07:55:35','state'),(24,'Manipur','MN','2024-05-25 07:55:35','state'),(25,'Meghalaya','ML','2024-05-25 07:55:35','state'),(26,'Mizoram','MZ','2024-05-25 07:55:35','state'),(27,'Nagaland','NL','2024-05-25 07:55:35','state'),(28,'Odisha','OR','2024-05-25 07:55:35','state'),(29,'Punjab','PB','2024-05-25 07:55:35','state'),(30,'Rajasthan','RJ','2024-05-25 07:55:35','state'),(31,'Sikkim','SK','2024-05-25 07:55:35','state'),(32,'Tamil Nadu','TN','2024-05-25 07:55:35','state'),(33,'Telangana','TG','2024-05-25 07:55:35','state'),(34,'Tripura','TR','2024-05-25 07:55:35','state'),(35,'Uttar Pradesh','UP','2024-05-25 07:55:35','state'),(36,'Uttarakhand','UT','2024-05-25 07:55:35','state'),(37,'West Bengal','WB','2024-05-25 07:55:35','state');
/*!40000 ALTER TABLE `state` ENABLE KEYS */;
UNLOCK TABLES;

--
-- Table structure for table `test`
--

DROP TABLE IF EXISTS `test`;
/*!40101 SET @saved_cs_client     = @@character_set_client */;
/*!50503 SET character_set_client = utf8mb4 */;
CREATE TABLE `test` (
  `id` int NOT NULL,
  `name` varchar(45) DEFAULT NULL,
  PRIMARY KEY (`id`)
) ENGINE=InnoDB DEFAULT CHARSET=utf8mb4 COLLATE=utf8mb4_0900_ai_ci;
/*!40101 SET character_set_client = @saved_cs_client */;

--
-- Dumping data for table `test`
--

LOCK TABLES `test` WRITE;
/*!40000 ALTER TABLE `test` DISABLE KEYS */;
INSERT INTO `test` VALUES (1,'Pooja'),(2,'Shriyaan');
/*!40000 ALTER TABLE `test` ENABLE KEYS */;
UNLOCK TABLES;

--
-- Table structure for table `user`
--

DROP TABLE IF EXISTS `user`;
/*!40101 SET @saved_cs_client     = @@character_set_client */;
/*!50503 SET character_set_client = utf8mb4 */;
CREATE TABLE `user` (
  `userId` int NOT NULL AUTO_INCREMENT,
  `name` varchar(45) DEFAULT NULL,
  `email` varchar(45) NOT NULL,
  `password` varchar(45) NOT NULL,
  `userType` varchar(45) NOT NULL DEFAULT 'admin',
  PRIMARY KEY (`userId`),
  UNIQUE KEY `userid_UNIQUE` (`userId`),
  UNIQUE KEY `email_UNIQUE` (`email`)
) ENGINE=InnoDB AUTO_INCREMENT=2 DEFAULT CHARSET=utf8mb4 COLLATE=utf8mb4_0900_ai_ci;
/*!40101 SET character_set_client = @saved_cs_client */;

--
-- Dumping data for table `user`
--

LOCK TABLES `user` WRITE;
/*!40000 ALTER TABLE `user` DISABLE KEYS */;
INSERT INTO `user` VALUES (1,'admin','admin','a','admin');
/*!40000 ALTER TABLE `user` ENABLE KEYS */;
UNLOCK TABLES;
/*!40103 SET TIME_ZONE=@OLD_TIME_ZONE */;

/*!40101 SET SQL_MODE=@OLD_SQL_MODE */;
/*!40014 SET FOREIGN_KEY_CHECKS=@OLD_FOREIGN_KEY_CHECKS */;
/*!40014 SET UNIQUE_CHECKS=@OLD_UNIQUE_CHECKS */;
/*!40101 SET CHARACTER_SET_CLIENT=@OLD_CHARACTER_SET_CLIENT */;
/*!40101 SET CHARACTER_SET_RESULTS=@OLD_CHARACTER_SET_RESULTS */;
/*!40101 SET COLLATION_CONNECTION=@OLD_COLLATION_CONNECTION */;
/*!40111 SET SQL_NOTES=@OLD_SQL_NOTES */;

-- Dump completed on 2024-06-10  5:29:54
